"OEM","Slice","GroundTruth","ExpectedSystem","ExpectedCategory","GoodTokens","ExpectedMake","Chassis","Prefix5"
"97133-2H001","real_hk_seeded","exists","HVAC","Cabin Air Filter","cabin,air,filter","Hyundai","2H","97133"
"58101-3XA00","real_hk_seeded","exists","Brakes","Brake Pad Set - Front","brake,pad,set,front","Hyundai","3X","58101"
"28113-2S000","real_hk_seeded","exists","Engine","Air Filter","air,filter","Hyundai","2S","28113"
"97133-D3000","real_hk_seeded","exists","HVAC","Cabin Air Filter","cabin,air,filter","Hyundai","D3","97133"
"26300-35505","real_hk_seeded","exists","Engine","Oil Filter","oil,filter","Hyundai/Kia","35","26300"
"26350-2J001","real_hk_seeded","exists","Engine","Oil Filter","oil,filter","Hyundai/Kia","2J","26350"
"82460-2T010","real_hk_seeded","exists","Body","Power Window Motor - Front","power,window,motor,front","Kia","2T","82460"
"54650-Q5UD0","real_hk_seeded","exists","Suspension","Shock Absorber - Front","shock,absorber,front","Hyundai/Kia","Q5","54650"
"58302-K0A00","real_hk_seeded","exists","Brakes","Brake Pad Set - Rear","brake,pad,set,rear","Hyundai/Kia","K0","58302"
"82460-R0000","real_hk_seeded","exists","Body","Power Window Motor - Front","power,window,motor,front","Hyundai/Kia","R0","82460"
"97134-S9100","real_hk_seeded","exists","HVAC","Cabin Air Filter","cabin,air,filter","Hyundai/Kia","S9","97134"
"92102-CV020","real_hk_seeded","exists","Electrical","Headlight - Front Right","headlight,front,right","Hyundai","CV","92102"
"92401-K0610","real_hk_seeded","exists","Electrical","Tail Light - Rear Left","tail,light,rear,left","Hyundai/Kia","K0","92401"
"25620-3D100","real_hk_seeded","exists","Cooling","Thermostat","thermostat","Hyundai/Kia","3D","25620"
"55311-D4300","real_hk_seeded","exists","Suspension","Shock Absorber - Rear","shock,absorber,rear","Hyundai/Kia","D4","55311"
"39210-2S210","real_hk_seeded","exists","Electrical","Oxygen Sensor","oxygen,sensor","Hyundai","2S","39210"
"39350-08HA0","real_hk_seeded","exists","Electrical","MAF Sensor","maf,sensor","Hyundai/Kia","08","39350"
"92401-S9600","real_hk_seeded","exists","Electrical","Tail Light - Rear Left","tail,light,rear,left","Hyundai/Kia","S9","92401"
"82460-DW010","real_hk_seeded","exists","Body","Power Window Motor - Front","power,window,motor,front","Hyundai/Kia","DW","82460"
"82460-P1000","real_hk_seeded","exists","Body","Power Window Motor - Front","power,window,motor,front","Kia","P1","82460"
"54650-P4550","real_hk_seeded","exists","Suspension","Shock Absorber - Front","shock,absorber,front","Hyundai/Kia","P4","54650"
"39350-2M400","real_hk_seeded","exists","Electrical","MAF Sensor","maf,sensor","Hyundai/Kia","2M","39350"
"97134-H9100","real_hk_seeded","exists","HVAC","Cabin Air Filter","cabin,air,filter","Hyundai/Kia","H9","97134"
"87610-P4111","real_hk_seeded","exists","Body","Exterior Mirror","exterior,mirror","Hyundai/Kia","P4","87610"
"92101-P4100","real_hk_seeded","exists","Electrical","Headlight - Front Left","headlight,front,left","Hyundai/Kia","P4","92101"
"97134-P0000","real_hk_seeded","exists","HVAC","Cabin Air Filter","cabin,air,filter","Hyundai/Kia","P0","97134"
"92401-Q5110","real_hk_seeded","exists","Electrical","Tail Light - Rear Left","tail,light,rear,left","Hyundai/Kia","Q5","92401"
"25310-Q5550","real_hk_seeded","exists","Cooling","Radiator","radiator","Hyundai/Kia","Q5","25310"
"97134-AO010","real_hk_seeded","exists","HVAC","Cabin Air Filter","cabin,air,filter","Hyundai/Kia","AO","97134"
"92101-G5540","real_hk_seeded","exists","Electrical","Headlight - Front Left","headlight,front,left","Hyundai/Kia","G5","92101"
"58101-P2A00","real_hk_seeded","exists","Brakes","Brake Pad Set - Front","brake,pad,set,front","Hyundai/Kia","P2","58101"
"87610-M7031","real_hk_seeded","exists","Body","Exterior Mirror","exterior,mirror","Hyundai/Kia","M7","87610"
"54650-AT100","real_hk_seeded","exists","Suspension","Shock Absorber - Front","shock,absorber,front","Hyundai/Kia","AT","54650"
"92102-K0620","real_hk_seeded","exists","Electrical","Headlight - Front Right","headlight,front,right","Hyundai/Kia","K0","92102"
"39210-2S200","real_hk_seeded","exists","Electrical","Oxygen Sensor","oxygen,sensor","Hyundai","2S","39210"
"87610-Q5850","real_hk_seeded","exists","Body","Exterior Mirror","exterior,mirror","Hyundai/Kia","Q5","87610"
"54650-D9250","real_hk_seeded","exists","Suspension","Shock Absorber - Front","shock,absorber,front","Kia","D9","54650"
"58411-L0100","real_hk_seeded","exists","Brakes","Brake Disc - Rear","brake,disc,rear","Hyundai/Kia","L0","58411"
"87610-J5ZA0","real_hk_seeded","exists","Body","Exterior Mirror","exterior,mirror","Hyundai/Kia","J5","87610"
"97134-CW010","real_hk_seeded","exists","HVAC","Cabin Air Filter","cabin,air,filter","Hyundai/Kia","CW","97134"
"92102-D9310","real_hk_seeded","exists","Electrical","Headlight - Front Right","headlight,front,right","Kia","D9","92102"
"54650-AT600","real_hk_seeded","exists","Suspension","Shock Absorber - Front","shock,absorber,front","Hyundai/Kia","AT","54650"
"92101-R5200","real_hk_seeded","exists","Electrical","Headlight - Front Left","headlight,front,left","Hyundai/Kia","R5","92101"
"54650-AT400","real_hk_seeded","exists","Suspension","Shock Absorber - Front","shock,absorber,front","Hyundai/Kia","AT","54650"
"92102-D9120","real_hk_seeded","exists","Electrical","Headlight - Front Right","headlight,front,right","Kia","D9","92102"
"92101-Q5130","real_hk_seeded","exists","Electrical","Headlight - Front Left","headlight,front,left","Hyundai/Kia","Q5","92101"
"87610-H9660","real_hk_seeded","exists","Body","Exterior Mirror","exterior,mirror","Hyundai/Kia","H9","87610"
"87610-AT400","real_hk_seeded","exists","Body","Exterior Mirror","exterior,mirror","Hyundai/Kia","AT","87610"
"39350-08200","real_hk_seeded","exists","Electrical","MAF Sensor","maf,sensor","Hyundai/Kia","08","39350"
"87610-R5061","real_hk_seeded","exists","Body","Exterior Mirror","exterior,mirror","Hyundai/Kia","R5","87610"
"58101-GIA00","real_hk_seeded","exists","Brakes","Brake Pad Set - Front","brake,pad,set,front","Hyundai/Kia","GI","58101"
"54650-AO100","real_hk_seeded","exists","Suspension","Shock Absorber - Front","shock,absorber,front","Hyundai/Kia","AO","54650"
"82650-CV000","real_hk_seeded","exists","Body","Window Regulator - Front","window,regulator,front","Hyundai","CV","82650"
"92102-P1181","real_hk_seeded","exists","Electrical","Headlight - Front Right","headlight,front,right","Kia","P1","92102"
"54650-M7730","real_hk_seeded","exists","Suspension","Shock Absorber - Front","shock,absorber,front","Hyundai/Kia","M7","54650"
"51712-R5000","real_hk_seeded","exists","Brakes","Brake Disc - Front","brake,disc,front","Hyundai/Kia","R5","51712"
"58411-J5250","real_hk_seeded","exists","Brakes","Brake Disc - Rear","brake,disc,rear","Hyundai/Kia","J5","58411"
"58101-ATA00","real_hk_seeded","exists","Brakes","Brake Pad Set - Front","brake,pad,set,front","Hyundai/Kia","AT","58101"
"87610-R0580","real_hk_seeded","exists","Body","Exterior Mirror","exterior,mirror","Hyundai/Kia","R0","87610"
"28113-J5350","real_hk_seeded","exists","Engine","Air Filter","air,filter","Hyundai/Kia","J5","28113"
"39210-2T060","real_hk_seeded","exists","Electrical","Oxygen Sensor","oxygen,sensor","Kia","2T","39210"
"92102-DW000","real_hk_seeded","exists","Electrical","Headlight - Front Right","headlight,front,right","Hyundai/Kia","DW","92102"
"54650-M7CA0","real_hk_seeded","exists","Suspension","Shock Absorber - Front","shock,absorber,front","Hyundai/Kia","M7","54650"
"92401-P1020","real_hk_seeded","exists","Electrical","Tail Light - Rear Left","tail,light,rear,left","Kia","P1","92401"
"54650-P1830","real_hk_seeded","exists","Suspension","Shock Absorber - Front","shock,absorber,front","Kia","P1","54650"
"58101-H9A60","real_hk_seeded","exists","Brakes","Brake Pad Set - Front","brake,pad,set,front","Hyundai/Kia","H9","58101"
"92101-M7500","real_hk_seeded","exists","Electrical","Headlight - Front Left","headlight,front,left","Hyundai/Kia","M7","92101"
"54660-D4580","real_hk_seeded","exists","Suspension","Shock Absorber - Front","shock,absorber,front","Hyundai/Kia","D4","54660"
"92101-R0520","real_hk_seeded","exists","Electrical","Headlight - Front Left","headlight,front,left","Hyundai/Kia","R0","92101"
"25310-1R010","real_hk_seeded","exists","Cooling","Radiator","radiator","Hyundai","1R","25310"
"82460-3T110","real_hk_seeded","exists","Body","Power Window Motor - Front","power,window,motor,front","Hyundai/Kia","3T","82460"
"87610-S9570","real_hk_seeded","exists","Body","Exterior Mirror","exterior,mirror","Hyundai/Kia","S9","87610"
"58302-GIA00","real_hk_seeded","exists","Brakes","Brake Pad Set - Rear","brake,pad,set,rear","Hyundai/Kia","GI","58302"
"92101-DW100","real_hk_seeded","exists","Electrical","Headlight - Front Left","headlight,front,left","Hyundai/Kia","DW","92101"
"92402-Q5010","real_hk_seeded","exists","Electrical","Tail Light - Rear Right","tail,light,rear,right","Hyundai/Kia","Q5","92402"
"87610-F6130","real_hk_seeded","exists","Body","Exterior Mirror","exterior,mirror","Hyundai/Kia","F6","87610"
"92102-P1191","real_hk_seeded","exists","Electrical","Headlight - Front Right","headlight,front,right","Kia","P1","92102"
"92102-P1080","real_hk_seeded","exists","Electrical","Headlight - Front Right","headlight,front,right","Kia","P1","92102"
"92102-G5220","real_hk_seeded","exists","Electrical","Headlight - Front Right","headlight,front,right","Hyundai/Kia","G5","92102"
"39210-08HB0","real_hk_seeded","exists","Electrical","Oxygen Sensor","oxygen,sensor","Hyundai/Kia","08","39210"
"58101-P0A10","real_hk_seeded","exists","Brakes","Brake Pad Set - Front","brake,pad,set,front","Hyundai/Kia","P0","58101"
"92402-S9600","real_hk_seeded","exists","Electrical","Tail Light - Rear Right","tail,light,rear,right","Hyundai/Kia","S9","92402"
"92402-H9200","real_hk_seeded","exists","Electrical","Tail Light - Rear Right","tail,light,rear,right","Hyundai/Kia","H9","92402"
"58101-N9A10","real_hk_seeded","exists","Brakes","Brake Pad Set - Front","brake,pad,set,front","Hyundai","N9","58101"
"97134-P4200","real_hk_seeded","exists","HVAC","Cabin Air Filter","cabin,air,filter","Hyundai/Kia","P4","97134"
"97134-AT310","real_hk_seeded","exists","HVAC","Cabin Air Filter","cabin,air,filter","Hyundai/Kia","AT","97134"
"92102-S9030","real_hk_seeded","exists","Electrical","Headlight - Front Right","headlight,front,right","Hyundai/Kia","S9","92102"
"87610-AT360","real_hk_seeded","exists","Body","Exterior Mirror","exterior,mirror","Hyundai/Kia","AT","87610"
"87610-H9790","real_hk_seeded","exists","Body","Exterior Mirror","exterior,mirror","Hyundai/Kia","H9","87610"
"87610-R5081","real_hk_seeded","exists","Body","Exterior Mirror","exterior,mirror","Hyundai/Kia","R5","87610"
"28113-J5100","real_hk_seeded","exists","Engine","Air Filter","air,filter","Hyundai/Kia","J5","28113"
"92101-P4000","real_hk_seeded","exists","Electrical","Headlight - Front Left","headlight,front,left","Hyundai/Kia","P4","92101"
"82460-P1010","real_hk_seeded","exists","Body","Power Window Motor - Front","power,window,motor,front","Kia","P1","82460"
"87610-AT390","real_hk_seeded","exists","Body","Exterior Mirror","exterior,mirror","Hyundai/Kia","AT","87610"
"26300-2MHA5","real_hk_seeded","exists","Engine","Oil Filter","oil,filter","Hyundai/Kia","2M","26300"
"54650-CH200","real_hk_seeded","exists","Suspension","Shock Absorber - Front","shock,absorber,front","Hyundai/Kia","CH","54650"
"92101-CV020","real_hk_seeded","exists","Electrical","Headlight - Front Left","headlight,front,left","Hyundai","CV","92101"
"82460-S9510","real_hk_seeded","exists","Body","Power Window Motor - Front","power,window,motor,front","Hyundai/Kia","S9","82460"
"58101-J9A15","real_hk_seeded","exists","Brakes","Brake Pad Set - Front","brake,pad,set,front","Hyundai/Kia","J9","58101"
"54650-S9AA0","real_hk_seeded","exists","Suspension","Shock Absorber - Front","shock,absorber,front","Hyundai/Kia","S9","54650"
"92101-2T500","real_hk_seeded","exists","Electrical","Headlight - Front Left","headlight,front,left","Kia","2T","92101"
"87610-F6163","real_hk_seeded","exists","Body","Exterior Mirror","exterior,mirror","Hyundai/Kia","F6","87610"
"92101-R5220","real_hk_seeded","exists","Electrical","Headlight - Front Left","headlight,front,left","Hyundai/Kia","R5","92101"
"25100-3N400","real_hk_seeded","exists","Cooling","Water Pump","water,pump","Hyundai/Kia","3N","25100"
"54650-J5010","real_hk_seeded","exists","Suspension","Shock Absorber - Front","shock,absorber,front","Hyundai/Kia","J5","54650"
"92401-Q5610","real_hk_seeded","exists","Electrical","Tail Light - Rear Left","tail,light,rear,left","Hyundai/Kia","Q5","92401"
"92101-AT150","real_hk_seeded","exists","Electrical","Headlight - Front Left","headlight,front,left","Hyundai/Kia","AT","92101"
"92401-AT010","real_hk_seeded","exists","Electrical","Tail Light - Rear Left","tail,light,rear,left","Hyundai/Kia","AT","92401"
"25100-3L100","real_hk_seeded","exists","Cooling","Water Pump","water,pump","Hyundai/Kia","3L","25100"
"87610-H9780","real_hk_seeded","exists","Body","Exterior Mirror","exterior,mirror","Hyundai/Kia","H9","87610"
"87610-H9210","real_hk_seeded","exists","Body","Exterior Mirror","exterior,mirror","Hyundai/Kia","H9","87610"
"25310-L3300","real_hk_seeded","exists","Cooling","Radiator","radiator","Hyundai/Kia","L3","25310"
"87610-R0570","real_hk_seeded","exists","Body","Exterior Mirror","exterior,mirror","Hyundai/Kia","R0","87610"
"58411-L0000","real_hk_seeded","exists","Brakes","Brake Disc - Rear","brake,disc,rear","Hyundai/Kia","L0","58411"
"54650-DW300","real_hk_seeded","exists","Suspension","Shock Absorber - Front","shock,absorber,front","Hyundai/Kia","DW","54650"
"39210-3L010","real_hk_seeded","exists","Electrical","Oxygen Sensor","oxygen,sensor","Hyundai/Kia","3L","39210"
"92402-K0610","real_hk_seeded","exists","Electrical","Tail Light - Rear Right","tail,light,rear,right","Hyundai/Kia","K0","92402"
"58302-K0A10","real_hk_seeded","exists","Brakes","Brake Pad Set - Rear","brake,pad,set,rear","Hyundai/Kia","K0","58302"
"54650-Q5UC0","real_hk_seeded","exists","Suspension","Shock Absorber - Front","shock,absorber,front","Hyundai/Kia","Q5","54650"
"54650-S9KA0","real_hk_seeded","exists","Suspension","Shock Absorber - Front","shock,absorber,front","Hyundai/Kia","S9","54650"
"92101-M7600","real_hk_seeded","exists","Electrical","Headlight - Front Left","headlight,front,left","Hyundai/Kia","M7","92101"
"92101-P1080","real_hk_seeded","exists","Electrical","Headlight - Front Left","headlight,front,left","Kia","P1","92101"
"97134-AT510","real_hk_seeded","exists","HVAC","Cabin Air Filter","cabin,air,filter","Hyundai/Kia","AT","97134"
"58302-M6A60","real_hk_seeded","exists","Brakes","Brake Pad Set - Rear","brake,pad,set,rear","Hyundai/Kia","M6","58302"
"82460-L3010","real_hk_seeded","exists","Body","Power Window Motor - Front","power,window,motor,front","Hyundai/Kia","L3","82460"
"92402-S9500","real_hk_seeded","exists","Electrical","Tail Light - Rear Right","tail,light,rear,right","Hyundai/Kia","S9","92402"
"92101-S9550","real_hk_seeded","exists","Electrical","Headlight - Front Left","headlight,front,left","Hyundai/Kia","S9","92101"
"25310-1R160","real_hk_seeded","exists","Cooling","Radiator","radiator","Hyundai","1R","25310"
"92101-AT050","real_hk_seeded","exists","Electrical","Headlight - Front Left","headlight,front,left","Hyundai/Kia","AT","92101"
"92101-DW110","real_hk_seeded","exists","Electrical","Headlight - Front Left","headlight,front,left","Hyundai/Kia","DW","92101"
"58101-J5A52","real_hk_seeded","exists","Brakes","Brake Pad Set - Front","brake,pad,set,front","Hyundai/Kia","J5","58101"
"26350-2S000","real_hk_seeded","exists","Engine","Oil Filter","oil,filter","Hyundai","2S","26350"
"94750-2M315","real_hk_seeded","exists","Electrical","Oil Pressure Sensor","oil,pressure,sensor","Hyundai/Kia","2M","94750"
"26300-2M800","real_hk_seeded","exists","Engine","Oil Filter","oil,filter","Hyundai/Kia","2M","26300"
"92402-Q5110","real_hk_seeded","exists","Electrical","Tail Light - Rear Right","tail,light,rear,right","Hyundai/Kia","Q5","92402"
"26300-3N300","real_hk_seeded","exists","Engine","Oil Filter","oil,filter","Hyundai/Kia","3N","26300"
"97133-R0000","real_hk_seeded","exists","HVAC","Cabin Air Filter","cabin,air,filter","Hyundai/Kia","R0","97133"
"54650-R5000","real_hk_seeded","exists","Suspension","Shock Absorber - Front","shock,absorber,front","Hyundai/Kia","R5","54650"
"87610-1F101","real_hk_seeded","exists","Body","Exterior Mirror","exterior,mirror","Hyundai/Kia","1F","87610"
"58101-1UA20","real_hk_seeded","exists","Brakes","Brake Pad Set - Front","brake,pad,set,front","Hyundai/Kia","1U","58101"
"25100-2T010","real_hk_seeded","exists","Cooling","Water Pump","water,pump","Kia","2T","25100"
"92101-R0620","real_hk_seeded","exists","Electrical","Headlight - Front Left","headlight,front,left","Hyundai/Kia","R0","92101"
"28113-P0400","real_hk_seeded","exists","Engine","Air Filter","air,filter","Hyundai/Kia","P0","28113"
"92102-B2650","real_hk_seeded","exists","Electrical","Headlight - Front Right","headlight,front,right","Kia","B2","92102"
"87610-S9720","real_hk_seeded","exists","Body","Exterior Mirror","exterior,mirror","Hyundai/Kia","S9","87610"
"28113-L5100","real_hk_seeded","exists","Engine","Air Filter","air,filter","Hyundai/Kia","L5","28113"
"87610-J5531","real_hk_seeded","exists","Body","Exterior Mirror","exterior,mirror","Hyundai/Kia","J5","87610"
"92401-H9000","real_hk_seeded","exists","Electrical","Tail Light - Rear Left","tail,light,rear,left","Hyundai/Kia","H9","92401"
"26350-2T000","real_hk_seeded","exists","Engine","Oil Filter","oil,filter","Kia","2T","26350"
"87610-J5AT0","real_hk_seeded","exists","Body","Exterior Mirror","exterior,mirror","Hyundai/Kia","J5","87610"
"58302-J5A00","real_hk_seeded","exists","Brakes","Brake Pad Set - Rear","brake,pad,set,rear","Hyundai/Kia","J5","58302"
"92102-G5540","real_hk_seeded","exists","Electrical","Headlight - Front Right","headlight,front,right","Hyundai/Kia","G5","92102"
"97134-L5100","real_hk_seeded","exists","HVAC","Cabin Air Filter","cabin,air,filter","Hyundai/Kia","L5","97134"
"58101-J9A05","real_hk_seeded","exists","Brakes","Brake Pad Set - Front","brake,pad,set,front","Hyundai/Kia","J9","58101"
"58411-P2700","real_hk_seeded","exists","Brakes","Brake Disc - Rear","brake,disc,rear","Hyundai/Kia","P2","58411"
"58101-P2A05","real_hk_seeded","exists","Brakes","Brake Pad Set - Front","brake,pad,set,front","Hyundai/Kia","P2","58101"
"25310-L1170","real_hk_seeded","exists","Cooling","Radiator","radiator","Hyundai","L1","25310"
"92101-S9030","real_hk_seeded","exists","Electrical","Headlight - Front Left","headlight,front,left","Hyundai/Kia","S9","92101"
"51712-2L000","real_hk_seeded","exists","Brakes","Brake Disc - Front","brake,disc,front","Hyundai/Kia","2L","51712"
"92102-R5220","real_hk_seeded","exists","Electrical","Headlight - Front Right","headlight,front,right","Hyundai/Kia","R5","92102"
"58302-R0A00","real_hk_seeded","exists","Brakes","Brake Pad Set - Rear","brake,pad,set,rear","Hyundai/Kia","R0","58302"
"92102-D9330","real_hk_seeded","exists","Electrical","Headlight - Front Right","headlight,front,right","Kia","D9","92102"
"87610-P4110","real_hk_seeded","exists","Body","Exterior Mirror","exterior,mirror","Hyundai/Kia","P4","87610"
"39210-2M342","real_hk_seeded","exists","Electrical","Oxygen Sensor","oxygen,sensor","Hyundai/Kia","2M","39210"
"58101-F6A22","real_hk_seeded","exists","Brakes","Brake Pad Set - Front","brake,pad,set,front","Hyundai/Kia","F6","58101"
"92401-DW100","real_hk_seeded","exists","Electrical","Tail Light - Rear Left","tail,light,rear,left","Hyundai/Kia","DW","92401"
"51712-R0050","real_hk_seeded","exists","Brakes","Brake Disc - Front","brake,disc,front","Hyundai/Kia","R0","51712"
"51712-AO000","real_hk_seeded","exists","Brakes","Brake Disc - Front","brake,disc,front","Hyundai/Kia","AO","51712"
"87610-J5ZB0","real_hk_seeded","exists","Body","Exterior Mirror","exterior,mirror","Hyundai/Kia","J5","87610"
"87610-AO000","real_hk_seeded","exists","Body","Exterior Mirror","exterior,mirror","Hyundai/Kia","AO","87610"
"58101-G9A20","real_hk_seeded","exists","Brakes","Brake Pad Set - Front","brake,pad,set,front","Genesis","G9","58101"
"51712-P2000","real_hk_seeded","exists","Brakes","Brake Disc - Front","brake,disc,front","Hyundai/Kia","P2","51712"
"92402-R0110","real_hk_seeded","exists","Electrical","Tail Light - Rear Right","tail,light,rear,right","Hyundai/Kia","R0","92402"
"58411-R0000","real_hk_seeded","exists","Brakes","Brake Disc - Rear","brake,disc,rear","Hyundai/Kia","R0","58411"
"39210-2M330","real_hk_seeded","exists","Electrical","Oxygen Sensor","oxygen,sensor","Hyundai/Kia","2M","39210"
"87610-R5050","real_hk_seeded","exists","Body","Exterior Mirror","exterior,mirror","Hyundai/Kia","R5","87610"
"58302-AOA00","real_hk_seeded","exists","Brakes","Brake Pad Set - Rear","brake,pad,set,rear","Hyundai/Kia","AO","58302"
"87610-P1180","real_hk_seeded","exists","Body","Exterior Mirror","exterior,mirror","Kia","P1","87610"
"28113-J5300","real_hk_seeded","exists","Engine","Air Filter","air,filter","Hyundai/Kia","J5","28113"
"58302-CVA50","real_hk_seeded","exists","Brakes","Brake Pad Set - Rear","brake,pad,set,rear","Hyundai","CV","58302"
"92402-F6520","real_hk_seeded","exists","Electrical","Tail Light - Rear Right","tail,light,rear,right","Hyundai/Kia","F6","92402"
"51712-L0000","real_hk_seeded","exists","Brakes","Brake Disc - Front","brake,disc,front","Hyundai/Kia","L0","51712"
"54650-G0500","real_hk_seeded","exists","Suspension","Shock Absorber - Front","shock,absorber,front","Hyundai/Kia","G0","54650"
"54650-L0800","real_hk_seeded","exists","Suspension","Shock Absorber - Front","shock,absorber,front","Hyundai/Kia","L0","54650"
"92102-2T500","real_hk_seeded","exists","Electrical","Headlight - Front Right","headlight,front,right","Kia","2T","92102"
"82460-P2000","real_hk_seeded","exists","Body","Power Window Motor - Front","power,window,motor,front","Hyundai/Kia","P2","82460"
"87610-AT440","real_hk_seeded","exists","Body","Exterior Mirror","exterior,mirror","Hyundai/Kia","AT","87610"
"87610-M7071","real_hk_seeded","exists","Body","Exterior Mirror","exterior,mirror","Hyundai/Kia","M7","87610"
"92102-R5200","real_hk_seeded","exists","Electrical","Headlight - Front Right","headlight,front,right","Hyundai/Kia","R5","92102"
"54650-CH210","real_hk_seeded","exists","Suspension","Shock Absorber - Front","shock,absorber,front","Hyundai/Kia","CH","54650"
"25310-R5500","real_hk_seeded","exists","Cooling","Radiator","radiator","Hyundai/Kia","R5","25310"
"54650-J5KX0","real_hk_seeded","exists","Suspension","Shock Absorber - Front","shock,absorber,front","Hyundai/Kia","J5","54650"
"58411-J5000","real_hk_seeded","exists","Brakes","Brake Disc - Rear","brake,disc,rear","Hyundai/Kia","J5","58411"
"97133-L1000","real_hk_seeded","exists","HVAC","Cabin Air Filter","cabin,air,filter","Hyundai","L1","97133"
"92101-M7700","real_hk_seeded","exists","Electrical","Headlight - Front Left","headlight,front,left","Hyundai/Kia","M7","92101"
"92101-D9330","real_hk_seeded","exists","Electrical","Headlight - Front Left","headlight,front,left","Kia","D9","92101"
"25310-C5180","real_hk_seeded","exists","Cooling","Radiator","radiator","Hyundai","C5","25310"
"58101-CVA20","real_hk_seeded","exists","Brakes","Brake Pad Set - Front","brake,pad,set,front","Hyundai","CV","58101"
"54650-J5KY0","real_hk_seeded","exists","Suspension","Shock Absorber - Front","shock,absorber,front","Hyundai/Kia","J5","54650"
"92401-S9500","real_hk_seeded","exists","Electrical","Tail Light - Rear Left","tail,light,rear,left","Hyundai/Kia","S9","92401"
"92402-H9100","real_hk_seeded","exists","Electrical","Tail Light - Rear Right","tail,light,rear,right","Hyundai/Kia","H9","92402"
"39210-3NFA0","real_hk_seeded","exists","Electrical","Oxygen Sensor","oxygen,sensor","Hyundai/Kia","3N","39210"
"87610-P1060","real_hk_seeded","exists","Body","Exterior Mirror","exterior,mirror","Kia","P1","87610"
"25620-47200","real_hk_seeded","exists","Cooling","Thermostat","thermostat","Hyundai/Kia","47","25620"
"58411-L1100","real_hk_seeded","exists","Brakes","Brake Disc - Rear","brake,disc,rear","Hyundai","L1","58411"
"92102-Q5720","real_hk_seeded","exists","Electrical","Headlight - Front Right","headlight,front,right","Hyundai/Kia","Q5","92102"
"58302-GIA05","real_hk_seeded","exists","Brakes","Brake Pad Set - Rear","brake,pad,set,rear","Hyundai/Kia","GI","58302"
"92101-P1191","real_hk_seeded","exists","Electrical","Headlight - Front Left","headlight,front,left","Kia","P1","92101"
"87610-M7021","real_hk_seeded","exists","Body","Exterior Mirror","exterior,mirror","Hyundai/Kia","M7","87610"
"92102-K0520","real_hk_seeded","exists","Electrical","Headlight - Front Right","headlight,front,right","Hyundai/Kia","K0","92102"
"58101-N9A11","real_hk_seeded","exists","Brakes","Brake Pad Set - Front","brake,pad,set,front","Hyundai","N9","58101"
"97133-N9000","real_hk_seeded","exists","HVAC","Cabin Air Filter","cabin,air,filter","Hyundai","N9","97133"
"87610-S9520","real_hk_seeded","exists","Body","Exterior Mirror","exterior,mirror","Hyundai/Kia","S9","87610"
"92101-B2650","real_hk_seeded","exists","Electrical","Headlight - Front Left","headlight,front,left","Kia","B2","92101"
"92102-G5600","real_hk_seeded","exists","Electrical","Headlight - Front Right","headlight,front,right","Hyundai/Kia","G5","92102"
"58101-P2A01","real_hk_seeded","exists","Brakes","Brake Pad Set - Front","brake,pad,set,front","Hyundai/Kia","P2","58101"
"26300-2M805","real_hk_seeded","exists","Engine","Oil Filter","oil,filter","Hyundai/Kia","2M","26300"
"26300-2M000","real_hk_seeded","exists","Engine","Oil Filter","oil,filter","Hyundai/Kia","2M","26300"
"87610-Q5840","real_hk_seeded","exists","Body","Exterior Mirror","exterior,mirror","Hyundai/Kia","Q5","87610"
"92101-Q5220","real_hk_seeded","exists","Electrical","Headlight - Front Left","headlight,front,left","Hyundai/Kia","Q5","92101"
"97134-N9000","real_hk_seeded","exists","HVAC","Cabin Air Filter","cabin,air,filter","Hyundai","N9","97134"
"26310-2S000","real_hk_seeded","exists","Engine","Oil Pan","oil,pan","Hyundai","2S","26310"
"92101-S9130","real_hk_seeded","exists","Electrical","Headlight - Front Left","headlight,front,left","Hyundai/Kia","S9","92101"
"92102-R0620","real_hk_seeded","exists","Electrical","Headlight - Front Right","headlight,front,right","Hyundai/Kia","R0","92102"
"97134-Q4000","real_hk_seeded","exists","HVAC","Cabin Air Filter","cabin,air,filter","Hyundai/Kia","Q4","97134"
"92401-R0010","real_hk_seeded","exists","Electrical","Tail Light - Rear Left","tail,light,rear,left","Hyundai/Kia","R0","92401"
"26300-2MHA0","real_hk_seeded","exists","Engine","Oil Filter","oil,filter","Hyundai/Kia","2M","26300"
"39350-3N900","real_hk_seeded","exists","Electrical","MAF Sensor","maf,sensor","Hyundai/Kia","3N","39350"
"87610-P4051","real_hk_seeded","exists","Body","Exterior Mirror","exterior,mirror","Hyundai/Kia","P4","87610"
"92102-Q5130","real_hk_seeded","exists","Electrical","Headlight - Front Right","headlight,front,right","Hyundai/Kia","Q5","92102"
"26310-2S002","real_hk_seeded","exists","Engine","Oil Pan","oil,pan","Hyundai","2S","26310"
"25620-2GGB0","real_hk_seeded","exists","Cooling","Thermostat","thermostat","Kia","2G","25620"
"25100-2MHA0","real_hk_seeded","exists","Cooling","Water Pump","water,pump","Hyundai/Kia","2M","25100"
"39210-3L000","real_hk_seeded","exists","Electrical","Oxygen Sensor","oxygen,sensor","Hyundai/Kia","3L","39210"
"97134-R5000","real_hk_seeded","exists","HVAC","Cabin Air Filter","cabin,air,filter","Hyundai/Kia","R5","97134"
"87610-R5111","real_hk_seeded","exists","Body","Exterior Mirror","exterior,mirror","Hyundai/Kia","R5","87610"
"25310-P2100","real_hk_seeded","exists","Cooling","Radiator","radiator","Hyundai/Kia","P2","25310"
"97133-C0000","real_hk_seeded","exists","HVAC","Cabin Air Filter","cabin,air,filter","Hyundai/Kia","C0","97133"
"92401-Q5510","real_hk_seeded","exists","Electrical","Tail Light - Rear Left","tail,light,rear,left","Hyundai/Kia","Q5","92401"
"92402-H9000","real_hk_seeded","exists","Electrical","Tail Light - Rear Right","tail,light,rear,right","Hyundai/Kia","H9","92402"
"54650-S9KB0","real_hk_seeded","exists","Suspension","Shock Absorber - Front","shock,absorber,front","Hyundai/Kia","S9","54650"
"39210-3C510","real_hk_seeded","exists","Electrical","Oxygen Sensor","oxygen,sensor","Hyundai/Kia","3C","39210"
"92401-F6520","real_hk_seeded","exists","Electrical","Tail Light - Rear Left","tail,light,rear,left","Hyundai/Kia","F6","92401"
"54650-CV400","real_hk_seeded","exists","Suspension","Shock Absorber - Front","shock,absorber,front","Hyundai","CV","54650"
"92402-DW100","real_hk_seeded","exists","Electrical","Tail Light - Rear Right","tail,light,rear,right","Hyundai/Kia","DW","92402"
"26320-3N000","real_hk_seeded","exists","Engine","Oil Filter Element","oil,filter,element","Hyundai/Kia","3N","26320"
"97134-AT010","real_hk_seeded","exists","HVAC","Cabin Air Filter","cabin,air,filter","Hyundai/Kia","AT","97134"
"92102-P4100","real_hk_seeded","exists","Electrical","Headlight - Front Right","headlight,front,right","Hyundai/Kia","P4","92102"
"58302-P2A30","real_hk_seeded","exists","Brakes","Brake Pad Set - Rear","brake,pad,set,rear","Hyundai/Kia","P2","58302"
"92102-M7700","real_hk_seeded","exists","Electrical","Headlight - Front Right","headlight,front,right","Hyundai/Kia","M7","92102"
"25620-L0030","real_hk_seeded","exists","Cooling","Thermostat","thermostat","Hyundai/Kia","L0","25620"
"92101-G5600","real_hk_seeded","exists","Electrical","Headlight - Front Left","headlight,front,left","Hyundai/Kia","G5","92101"
"51712-G9200","real_hk_seeded","exists","Brakes","Brake Disc - Front","brake,disc,front","Genesis","G9","51712"
"54650-CV500","real_hk_seeded","exists","Suspension","Shock Absorber - Front","shock,absorber,front","Hyundai","CV","54650"
"54650-S9AB0","real_hk_seeded","exists","Suspension","Shock Absorber - Front","shock,absorber,front","Hyundai/Kia","S9","54650"
"58411-J5500","real_hk_seeded","exists","Brakes","Brake Disc - Rear","brake,disc,rear","Hyundai/Kia","J5","58411"
"58101-P0A11","real_hk_seeded","exists","Brakes","Brake Pad Set - Front","brake,pad,set,front","Hyundai/Kia","P0","58101"
"97134-Q5000","real_hk_seeded","exists","HVAC","Cabin Air Filter","cabin,air,filter","Hyundai/Kia","Q5","97134"
"87610-Q5820","real_hk_seeded","exists","Body","Exterior Mirror","exterior,mirror","Hyundai/Kia","Q5","87610"
"92402-DW000","real_hk_seeded","exists","Electrical","Tail Light - Rear Right","tail,light,rear,right","Hyundai/Kia","DW","92402"
"39210-2S000","real_hk_seeded","exists","Electrical","Oxygen Sensor","oxygen,sensor","Hyundai","2S","39210"
"97134-Q5100","real_hk_seeded","exists","HVAC","Cabin Air Filter","cabin,air,filter","Hyundai/Kia","Q5","97134"
"87610-M7011","real_hk_seeded","exists","Body","Exterior Mirror","exterior,mirror","Hyundai/Kia","M7","87610"
"39350-3N600","real_hk_seeded","exists","Electrical","MAF Sensor","maf,sensor","Hyundai/Kia","3N","39350"
"82460-CV010","real_hk_seeded","exists","Body","Power Window Motor - Front","power,window,motor,front","Hyundai","CV","82460"
"92101-A9440","real_hk_seeded","exists","Electrical","Headlight - Front Left","headlight,front,left","Kia","A9","92101"
"92402-P1120","real_hk_seeded","exists","Electrical","Tail Light - Rear Right","tail,light,rear,right","Kia","P1","92402"
"97134-AT500","real_hk_seeded","exists","HVAC","Cabin Air Filter","cabin,air,filter","Hyundai/Kia","AT","97134"
"26310-2T200","real_hk_seeded","exists","Engine","Oil Pan","oil,pan","Kia","2T","26310"
"92401-H9200","real_hk_seeded","exists","Electrical","Tail Light - Rear Left","tail,light,rear,left","Hyundai/Kia","H9","92401"
"92102-DW110","real_hk_seeded","exists","Electrical","Headlight - Front Right","headlight,front,right","Hyundai/Kia","DW","92102"
"97133-AO000","real_hk_seeded","exists","HVAC","Cabin Air Filter","cabin,air,filter","Hyundai/Kia","AO","97133"
"51712-CV200","real_hk_seeded","exists","Brakes","Brake Disc - Front","brake,disc,front","Hyundai","CV","51712"
"92102-M7500","real_hk_seeded","exists","Electrical","Headlight - Front Right","headlight,front,right","Hyundai/Kia","M7","92102"
"92101-DW010","real_hk_seeded","exists","Electrical","Headlight - Front Left","headlight,front,left","Hyundai/Kia","DW","92101"
"92101-D9120","real_hk_seeded","exists","Electrical","Headlight - Front Left","headlight,front,left","Kia","D9","92101"
"54650-J5060","real_hk_seeded","exists","Suspension","Shock Absorber - Front","shock,absorber,front","Hyundai/Kia","J5","54650"
"92101-DW000","real_hk_seeded","exists","Electrical","Headlight - Front Left","headlight,front,left","Hyundai/Kia","DW","92101"
"82460-DW000","real_hk_seeded","exists","Body","Power Window Motor - Front","power,window,motor,front","Hyundai/Kia","DW","82460"
"58101-L1A02","real_hk_seeded","exists","Brakes","Brake Pad Set - Front","brake,pad,set,front","Hyundai","L1","58101"
"58411-CV200","real_hk_seeded","exists","Brakes","Brake Disc - Rear","brake,disc,rear","Hyundai","CV","58411"
"51712-H8500","real_hk_seeded","exists","Brakes","Brake Disc - Front","brake,disc,front","Kia","H8","51712"
"58411-L1000","real_hk_seeded","exists","Brakes","Brake Disc - Rear","brake,disc,rear","Hyundai","L1","58411"
"25100-2M020","real_hk_seeded","exists","Cooling","Water Pump","water,pump","Hyundai/Kia","2M","25100"
"92401-CV050","real_hk_seeded","exists","Electrical","Tail Light - Rear Left","tail,light,rear,left","Hyundai","CV","92401"
"92101-G5220","real_hk_seeded","exists","Electrical","Headlight - Front Left","headlight,front,left","Hyundai/Kia","G5","92101"
"58101-L1A70","real_hk_seeded","exists","Brakes","Brake Pad Set - Front","brake,pad,set,front","Hyundai","L1","58101"
"31112-C0000","real_hk_seeded","exists","Engine","Fuel Filter","fuel,filter","Hyundai/Kia","C0","31112"
"82460-J5510","real_hk_seeded","exists","Body","Power Window Motor - Front","power,window,motor,front","Hyundai/Kia","J5","82460"
"87610-P1070","real_hk_seeded","exists","Body","Exterior Mirror","exterior,mirror","Kia","P1","87610"
"92402-K0510","real_hk_seeded","exists","Electrical","Tail Light - Rear Right","tail,light,rear,right","Hyundai/Kia","K0","92402"
"39210-2S101","real_hk_seeded","exists","Electrical","Oxygen Sensor","oxygen,sensor","Hyundai","2S","39210"
"92402-CV050","real_hk_seeded","exists","Electrical","Tail Light - Rear Right","tail,light,rear,right","Hyundai","CV","92402"
"92102-DW100","real_hk_seeded","exists","Electrical","Headlight - Front Right","headlight,front,right","Hyundai/Kia","DW","92102"
"54650-G8000","real_hk_seeded","exists","Suspension","Shock Absorber - Front","shock,absorber,front","Hyundai/Kia","G8","54650"
"92101-D5040","real_hk_seeded","exists","Electrical","Headlight - Front Left","headlight,front,left","Hyundai/Kia","D5","92101"
"25310-R0150","real_hk_seeded","exists","Cooling","Radiator","radiator","Hyundai/Kia","R0","25310"
"97134-R0000","real_hk_seeded","exists","HVAC","Cabin Air Filter","cabin,air,filter","Hyundai/Kia","R0","97134"
"92102-S9550","real_hk_seeded","exists","Electrical","Headlight - Front Right","headlight,front,right","Hyundai/Kia","S9","92102"
"92402-R0010","real_hk_seeded","exists","Electrical","Tail Light - Rear Right","tail,light,rear,right","Hyundai/Kia","R0","92402"
"25620-L0010","real_hk_seeded","exists","Cooling","Thermostat","thermostat","Hyundai/Kia","L0","25620"
"92102-H9000","real_hk_seeded","exists","Electrical","Headlight - Front Right","headlight,front,right","Hyundai/Kia","H9","92102"
"87610-P1190","real_hk_seeded","exists","Body","Exterior Mirror","exterior,mirror","Kia","P1","87610"
"82460-Q5510","real_hk_seeded","exists","Body","Power Window Motor - Front","power,window,motor,front","Hyundai/Kia","Q5","82460"
"92101-K0520","real_hk_seeded","exists","Electrical","Headlight - Front Left","headlight,front,left","Hyundai/Kia","K0","92101"
"92401-DW000","real_hk_seeded","exists","Electrical","Tail Light - Rear Left","tail,light,rear,left","Hyundai/Kia","DW","92401"
"92401-H9100","real_hk_seeded","exists","Electrical","Tail Light - Rear Left","tail,light,rear,left","Hyundai/Kia","H9","92401"
"58411-R5000","real_hk_seeded","exists","Brakes","Brake Disc - Rear","brake,disc,rear","Hyundai/Kia","R5","58411"
"54650-CH300","real_hk_seeded","exists","Suspension","Shock Absorber - Front","shock,absorber,front","Hyundai/Kia","CH","54650"
"92402-Q5510","real_hk_seeded","exists","Electrical","Tail Light - Rear Right","tail,light,rear,right","Hyundai/Kia","Q5","92402"
"92102-S9130","real_hk_seeded","exists","Electrical","Headlight - Front Right","headlight,front,right","Hyundai/Kia","S9","92102"
"92102-AT050","real_hk_seeded","exists","Electrical","Headlight - Front Right","headlight,front,right","Hyundai/Kia","AT","92102"
"92102-M7600","real_hk_seeded","exists","Electrical","Headlight - Front Right","headlight,front,right","Hyundai/Kia","M7","92102"
"58411-B2500","real_hk_seeded","exists","Brakes","Brake Disc - Rear","brake,disc,rear","Kia","B2","58411"
"87610-M7041","real_hk_seeded","exists","Body","Exterior Mirror","exterior,mirror","Hyundai/Kia","M7","87610"
"26300-2M825","real_hk_seeded","exists","Engine","Oil Filter","oil,filter","Hyundai/Kia","2M","26300"
"82460-L3000","real_hk_seeded","exists","Body","Power Window Motor - Front","power,window,motor,front","Hyundai/Kia","L3","82460"
"92102-2T301","real_hk_seeded","exists","Electrical","Headlight - Front Right","headlight,front,right","Kia","2T","92102"
"25310-P2520","real_hk_seeded","exists","Cooling","Radiator","radiator","Hyundai/Kia","P2","25310"
"92101-K0620","real_hk_seeded","exists","Electrical","Headlight - Front Left","headlight,front,left","Hyundai/Kia","K0","92101"
"92401-Q5010","real_hk_seeded","exists","Electrical","Tail Light - Rear Left","tail,light,rear,left","Hyundai/Kia","Q5","92401"
"58302-N9A15","real_hk_seeded","exists","Brakes","Brake Pad Set - Rear","brake,pad,set,rear","Hyundai","N9","58302"
"92102-DW010","real_hk_seeded","exists","Electrical","Headlight - Front Right","headlight,front,right","Hyundai/Kia","DW","92102"
"25310-P0000","real_hk_seeded","exists","Cooling","Radiator","radiator","Hyundai/Kia","P0","25310"
"92401-K0510","real_hk_seeded","exists","Electrical","Tail Light - Rear Left","tail,light,rear,left","Hyundai/Kia","K0","92401"
"92101-P1181","real_hk_seeded","exists","Electrical","Headlight - Front Left","headlight,front,left","Kia","P1","92101"
"54660-J5KY0","real_hk_seeded","exists","Suspension","Shock Absorber - Front","shock,absorber,front","Hyundai/Kia","J5","54660"
"25310-J5550","real_hk_seeded","exists","Cooling","Radiator","radiator","Hyundai/Kia","J5","25310"
"92402-AT010","real_hk_seeded","exists","Electrical","Tail Light - Rear Right","tail,light,rear,right","Hyundai/Kia","AT","92402"
"39210-3C520","real_hk_seeded","exists","Electrical","Oxygen Sensor","oxygen,sensor","Hyundai/Kia","3C","39210"
"92102-P1090","real_hk_seeded","exists","Electrical","Headlight - Front Right","headlight,front,right","Kia","P1","92102"
"51712-L0100","real_hk_seeded","exists","Brakes","Brake Disc - Front","brake,disc,front","Hyundai/Kia","L0","51712"
"92401-P1120","real_hk_seeded","exists","Electrical","Tail Light - Rear Left","tail,light,rear,left","Kia","P1","92401"
"39210-3NFD0","real_hk_seeded","exists","Electrical","Oxygen Sensor","oxygen,sensor","Hyundai/Kia","3N","39210"
"25310-2S150","real_hk_seeded","exists","Cooling","Radiator","radiator","Hyundai","2S","25310"
"58302-G9A20","real_hk_seeded","exists","Brakes","Brake Pad Set - Rear","brake,pad,set,rear","Genesis","G9","58302"
"28113-AT100","real_hk_seeded","exists","Engine","Air Filter","air,filter","Hyundai/Kia","AT","28113"
"92102-Q5220","real_hk_seeded","exists","Electrical","Headlight - Front Right","headlight,front,right","Hyundai/Kia","Q5","92102"
"25100-2S000","real_hk_seeded","exists","Cooling","Water Pump","water,pump","Hyundai","2S","25100"
"92101-S9500","real_hk_seeded","exists","Electrical","Headlight - Front Left","headlight,front,left","Hyundai/Kia","S9","92101"
"25100-2S500","real_hk_seeded","exists","Cooling","Water Pump","water,pump","Hyundai","2S","25100"
"92102-S9500","real_hk_seeded","exists","Electrical","Headlight - Front Right","headlight,front,right","Hyundai/Kia","S9","92102"
"39210-2T010","real_hk_seeded","exists","Electrical","Oxygen Sensor","oxygen,sensor","Kia","2T","39210"
"25310-N9700","real_hk_seeded","exists","Cooling","Radiator","radiator","Hyundai","N9","25310"
"87610-CV100","real_hk_seeded","exists","Body","Exterior Mirror","exterior,mirror","Hyundai","CV","87610"
"54660-J5KX0","real_hk_seeded","exists","Suspension","Shock Absorber - Front","shock,absorber,front","Hyundai/Kia","J5","54660"
"51712-L1100","real_hk_seeded","exists","Brakes","Brake Disc - Front","brake,disc,front","Hyundai","L1","51712"
"87610-M7040","real_hk_seeded","exists","Body","Exterior Mirror","exterior,mirror","Hyundai/Kia","M7","87610"
"92101-P1090","real_hk_seeded","exists","Electrical","Headlight - Front Left","headlight,front,left","Kia","P1","92101"
"54650-Q5600","real_hk_seeded","exists","Suspension","Shock Absorber - Front","shock,absorber,front","Hyundai/Kia","Q5","54650"
"58101-R0A00","real_hk_seeded","exists","Brakes","Brake Pad Set - Front","brake,pad,set,front","Hyundai/Kia","R0","58101"
"92102-AT150","real_hk_seeded","exists","Electrical","Headlight - Front Right","headlight,front,right","Hyundai/Kia","AT","92102"
"54650-R5500","real_hk_seeded","exists","Suspension","Shock Absorber - Front","shock,absorber,front","Hyundai/Kia","R5","54650"
"92402-P1020","real_hk_seeded","exists","Electrical","Tail Light - Rear Right","tail,light,rear,right","Kia","P1","92402"
"92401-M7600","real_hk_seeded","exists","Electrical","Tail Light - Rear Left","tail,light,rear,left","Hyundai/Kia","M7","92401"
"97134-L3000","real_hk_seeded","exists","HVAC","Cabin Air Filter","cabin,air,filter","Hyundai/Kia","L3","97134"
"26310-3N300","real_hk_seeded","exists","Engine","Oil Pan","oil,pan","Hyundai/Kia","3N","26310"
"25620-L0100","real_hk_seeded","exists","Cooling","Thermostat","thermostat","Hyundai/Kia","L0","25620"
"54650-P4050","real_hk_seeded","exists","Suspension","Shock Absorber - Front","shock,absorber,front","Hyundai/Kia","P4","54650"
"51712-GI000","real_hk_seeded","exists","Brakes","Brake Disc - Front","brake,disc,front","Hyundai/Kia","GI","51712"
"87610-M7020","real_hk_seeded","exists","Body","Exterior Mirror","exterior,mirror","Hyundai/Kia","M7","87610"
"87610-H9020","real_hk_seeded","exists","Body","Exterior Mirror","exterior,mirror","Hyundai/Kia","H9","87610"
"92102-D5040","real_hk_seeded","exists","Electrical","Headlight - Front Right","headlight,front,right","Hyundai/Kia","D5","92102"
"54650-R0150","real_hk_seeded","exists","Suspension","Shock Absorber - Front","shock,absorber,front","Hyundai/Kia","R0","54650"
"28113-N9000","real_hk_seeded","exists","Engine","Air Filter","air,filter","Hyundai","N9","28113"
"58101-AOA00","real_hk_seeded","exists","Brakes","Brake Pad Set - Front","brake,pad,set,front","Hyundai/Kia","AO","58101"
"92102-R0520","real_hk_seeded","exists","Electrical","Headlight - Front Right","headlight,front,right","Hyundai/Kia","R0","92102"
"82650-CV520","real_hk_seeded","exists","Body","Window Regulator - Front","window,regulator,front","Hyundai","CV","82650"
"82460-R0010","real_hk_seeded","exists","Body","Power Window Motor - Front","power,window,motor,front","Hyundai/Kia","R0","82460"
"58411-GI000","real_hk_seeded","exists","Brakes","Brake Disc - Rear","brake,disc,rear","Hyundai/Kia","GI","58411"
"26310-2S001","real_hk_seeded","exists","Engine","Oil Pan","oil,pan","Hyundai","2S","26310"
"39350-3N430","real_hk_seeded","exists","Electrical","MAF Sensor","maf,sensor","Hyundai/Kia","3N","39350"
"58302-Q4A00","real_hk_seeded","exists","Brakes","Brake Pad Set - Rear","brake,pad,set,rear","Hyundai/Kia","Q4","58302"
"87610-H9160","real_hk_seeded","exists","Body","Exterior Mirror","exterior,mirror","Hyundai/Kia","H9","87610"
"39210-08200","real_hk_seeded","exists","Electrical","Oxygen Sensor","oxygen,sensor","Hyundai/Kia","08","39210"
"54660-D9250","real_hk_seeded","exists","Suspension","Shock Absorber - Front","shock,absorber,front","Kia","D9","54660"
"87610-AT420","real_hk_seeded","exists","Body","Exterior Mirror","exterior,mirror","Hyundai/Kia","AT","87610"
"54650-CV000","real_hk_seeded","exists","Suspension","Shock Absorber - Front","shock,absorber,front","Hyundai","CV","54650"
"58302-ATA00","real_hk_seeded","exists","Brakes","Brake Pad Set - Rear","brake,pad,set,rear","Hyundai/Kia","AT","58302"
"92101-H9000","real_hk_seeded","exists","Electrical","Headlight - Front Left","headlight,front,left","Hyundai/Kia","H9","92101"
"54650-AT800","real_hk_seeded","exists","Suspension","Shock Absorber - Front","shock,absorber,front","Hyundai/Kia","AT","54650"
"39210-3NFC0","real_hk_seeded","exists","Electrical","Oxygen Sensor","oxygen,sensor","Hyundai/Kia","3N","39210"
"55311-D3600","real_hk_seeded","exists","Suspension","Shock Absorber - Rear","shock,absorber,rear","Hyundai","D3","55311"
"54650-J5560","real_hk_seeded","exists","Suspension","Shock Absorber - Front","shock,absorber,front","Hyundai/Kia","J5","54650"
"92102-2T520","real_hk_seeded","exists","Electrical","Headlight - Front Right","headlight,front,right","Kia","2T","92102"
"25310-H9050","real_hk_seeded","exists","Cooling","Radiator","radiator","Hyundai/Kia","H9","25310"
"92402-Q5610","real_hk_seeded","exists","Electrical","Tail Light - Rear Right","tail,light,rear,right","Hyundai/Kia","Q5","92402"
"25620-3L260","real_hk_seeded","exists","Cooling","Thermostat","thermostat","Hyundai/Kia","3L","25620"
"97133-N9100","real_hk_seeded","exists","HVAC","Cabin Air Filter","cabin,air,filter","Hyundai","N9","97133"
"39210-3NFB0","real_hk_seeded","exists","Electrical","Oxygen Sensor","oxygen,sensor","Hyundai/Kia","3N","39210"
"28310-2M900","real_hk_coarse","exists","Engine","Intake Manifold","intake,manifold","Hyundai/Kia","2M","28310"
"66400-R0040","real_hk_coarse","exists","Body","Rear Body / Trunk","rear,body,trunk","Hyundai/Kia","R0","66400"
"91802-AT490","real_hk_coarse","exists","Electrical","Wiring Harness","wiring,harness","Hyundai/Kia","AT","91802"
"23200-2S500","real_hk_coarse","exists","Engine","Cylinder Head & Valvetrain","cylinder,head,valvetrain","Hyundai","2S","23200"
"88500-K0AH0","real_hk_coarse","exists","Interior","Instrument Panel / Dashboard","instrument,panel,dashboard","Hyundai/Kia","K0","88500"
"97285-P1000","real_hk_coarse","exists","HVAC","Condenser","condenser","Kia","P1","97285"
"22311-2M011","real_hk_coarse","exists","Engine","Engine Mounting","engine,mounting","Hyundai/Kia","2M","22311"
"37527-K4010","real_hk_coarse","exists","Electrical","Ignition System","ignition,system","Hyundai/Kia","K4","37527"
"35312-3N000","real_hk_coarse","exists","Drivetrain","Drive Shaft / CV Joint","drive,shaft,joint","Hyundai/Kia","3N","35312"
"97206-AT010","real_hk_coarse","exists","HVAC","Condenser","condenser","Hyundai/Kia","AT","97206"
"55260-2P400","real_hk_coarse","exists","Suspension","Rear Suspension","rear,suspension","Hyundai/Kia","2P","55260"
"31348-N9010","real_hk_coarse","exists","Drivetrain","Front Differential","front,differential","Hyundai","N9","31348"
"84217-R0000","real_hk_coarse","exists","Interior","Interior Trim","interior,trim","Hyundai/Kia","R0","84217"
"92158-CV000","real_hk_coarse","exists","Electrical","Headlight Assembly","headlight,assembly","Hyundai","CV","92158"
"35341-3L050","real_hk_coarse","exists","Drivetrain","Drive Shaft / CV Joint","drive,shaft,joint","Hyundai/Kia","3L","35341"
"86529-M7800","real_hk_coarse","exists","Body","Mirrors","mirrors","Hyundai/Kia","M7","86529"
"82530-R0200","real_hk_coarse","exists","Body","Glass / Windshield","glass,windshield","Hyundai/Kia","R0","82530"
"86637-Q5700","real_hk_coarse","exists","Body","Mirrors","mirrors","Hyundai/Kia","Q5","86637"
"91802-S9620","real_hk_coarse","exists","Electrical","Wiring Harness","wiring,harness","Hyundai/Kia","S9","91802"
"59760-H9000","real_hk_coarse","exists","Brakes","ABS / ESC","abs,esc","Hyundai/Kia","H9","59760"
"37528-P4500","real_hk_coarse","exists","Electrical","Ignition System","ignition,system","Hyundai/Kia","P4","37528"
"89450-S9530","real_hk_coarse","exists","Safety","Air Bag System","air,bag,system","Hyundai/Kia","S9","89450"
"31150-P4500","real_hk_coarse","exists","Drivetrain","Front Differential","front,differential","Hyundai/Kia","P4","31150"
"81320-M7120","real_hk_coarse","exists","Body","Weatherstrip & Seal","weatherstrip,seal","Hyundai/Kia","M7","81320"
"91856-G5510","real_hk_coarse","exists","Electrical","Wiring Harness","wiring,harness","Hyundai/Kia","G5","91856"
"36546-1XAB0","real_hk_coarse","exists","Electrical","Starter & Charging","starter,charging","Hyundai/Kia","1X","36546"
"43800-2N000","real_hk_coarse","exists","Transmission","Automatic Transmission","automatic,transmission","Hyundai/Kia","2N","43800"
"84676-P1000","real_hk_coarse","exists","Interior","Interior Trim","interior,trim","Kia","P1","84676"
"91931-A9010","real_hk_coarse","exists","Electrical","Wiring Harness","wiring,harness","Kia","A9","91931"
"69510-H9000","real_hk_coarse","exists","Body","Quarter Panel","quarter,panel","Hyundai/Kia","H9","69510"
"54630-GI290","real_hk_coarse","exists","Suspension","Shock Absorber (Front)","shock,absorber,(front)","Hyundai/Kia","GI","54630"
"84633-R5000","real_hk_coarse","exists","Interior","Interior Trim","interior,trim","Hyundai/Kia","R5","84633"
"91130-R0690","real_hk_coarse","exists","Electrical","Wiring Harness","wiring,harness","Hyundai/Kia","R0","91130"
"81620-L2000","real_hk_coarse","exists","Body","Weatherstrip & Seal","weatherstrip,seal","Kia","L2","81620"
"91890-CH710","real_hk_coarse","exists","Electrical","Wiring Harness","wiring,harness","Hyundai/Kia","CH","91890"
"91110-Q4180","real_hk_coarse","exists","Electrical","Wiring Harness","wiring,harness","Hyundai/Kia","Q4","91110"
"56390-P1030","real_hk_coarse","exists","Suspension","Tie Rod","tie,rod","Kia","P1","56390"
"45665-4G600","real_hk_coarse","exists","Transmission","Manual Transmission","manual,transmission","Hyundai/Kia","4G","45665"
"28650-CH550","real_hk_coarse","exists","Exhaust","Exhaust System","exhaust,system","Hyundai/Kia","CH","28650"
"56390-N9030","real_hk_coarse","exists","Suspension","Tie Rod","tie,rod","Hyundai","N9","56390"
"86593-M7500","real_hk_coarse","exists","Body","Mirrors","mirrors","Hyundai/Kia","M7","86593"
"64583-AT000","real_hk_coarse","exists","Body","Front Body / Hood","front,body,hood","Hyundai/Kia","AT","64583"
"56310-DW200","real_hk_coarse","exists","Suspension","Tie Rod","tie,rod","Hyundai/Kia","DW","56310"
"92202-Q5010","real_hk_coarse","exists","Electrical","Fog Light","fog,light","Hyundai/Kia","Q5","92202"
"95910-AT300","real_hk_coarse","exists","Electrical","Sensors & Modules","sensors,modules","Hyundai/Kia","AT","95910"
"39100-2M007","real_hk_coarse","exists","Electrical","Sensors & Control","sensors,control","Hyundai/Kia","2M","39100"
"65100-Q5040","real_hk_coarse","exists","Body","Fender & Side Body","fender,side,body","Hyundai/Kia","Q5","65100"
"91863-AO010","real_hk_coarse","exists","Electrical","Wiring Harness","wiring,harness","Hyundai/Kia","AO","91863"
"81820-CV010","real_hk_coarse","exists","Body","Weatherstrip & Seal","weatherstrip,seal","Hyundai","CV","81820"
"88450-L3030","real_hk_coarse","exists","Interior","Instrument Panel / Dashboard","instrument,panel,dashboard","Hyundai/Kia","L3","88450"
"28521-2T000","real_hk_coarse","exists","Cooling","Coolant Hose","coolant,hose","Kia","2T","28521"
"84635-DW000","real_hk_coarse","exists","Interior","Interior Trim","interior,trim","Hyundai/Kia","DW","84635"
"83915-P2000","real_hk_coarse","exists","Body","Sunroof","sunroof","Hyundai/Kia","P2","83915"
"84619-F6AA0","real_hk_coarse","exists","Interior","Interior Trim","interior,trim","Hyundai/Kia","F6","84619"
"97943-R0000","real_hk_coarse","exists","HVAC","Air Conditioning & Heating","air,conditioning,heating","Hyundai/Kia","R0","97943"
"52919-P2100","real_hk_coarse","exists","Suspension","Wheels & Tires","wheels,tires","Hyundai/Kia","P2","52919"
"97147-AT010","real_hk_coarse","exists","HVAC","Compressor A/C","compressor","Hyundai/Kia","AT","97147"
"21357-2E000","real_hk_coarse","exists","Engine","Crankshaft & Bearings","crankshaft,bearings","Kia","2E","21357"
"85844-CV000","real_hk_coarse","exists","Interior","Seats","seats","Hyundai","CV","85844"
"91753-A7300","real_hk_coarse","exists","Electrical","Wiring Harness","wiring,harness","Kia","A7","91753"
"91620-Q5110","real_hk_coarse","exists","Electrical","Wiring Harness","wiring,harness","Hyundai/Kia","Q5","91620"
"56397-AA000","real_hk_coarse","exists","Suspension","Tie Rod","tie,rod","Hyundai/Kia","AA","56397"
"45567-4F123","real_hk_coarse","exists","Transmission","Manual Transmission","manual,transmission","Hyundai/Kia","4F","45567"
"58210-M6600","real_hk_coarse","exists","Brakes","Front Brake Caliper","front,brake,caliper","Hyundai/Kia","M6","58210"
"31046-R0550","real_hk_coarse","exists","Drivetrain","Front Differential","front,differential","Hyundai/Kia","R0","31046"
"91421-DW070","real_hk_coarse","exists","Electrical","Wiring Harness","wiring,harness","Hyundai/Kia","DW","91421"
"82659-CV000","real_hk_coarse","exists","Body","Glass / Windshield","glass,windshield","Hyundai","CV","82659"
"65848-R0000","real_hk_coarse","exists","Body","Fender & Side Body","fender,side,body","Hyundai/Kia","R0","65848"
"29150-J5100","real_hk_coarse","exists","Engine","Turbo / Supercharger","turbo,supercharger","Hyundai/Kia","J5","29150"
"86351-CV210","real_hk_coarse","exists","Body","Mirrors","mirrors","Hyundai","CV","86351"
"76111-P1000","real_hk_coarse","exists","Body","Window Regulator","window,regulator","Kia","P1","76111"
"21354-3N450","real_hk_coarse","exists","Engine","Crankshaft & Bearings","crankshaft,bearings","Hyundai/Kia","3N","21354"
"39118-2B987","real_hk_coarse","exists","Electrical","Sensors & Control","sensors,control","Hyundai/Kia","2B","39118"
"95560-CV000","real_hk_coarse","exists","Electrical","Sensors & Modules","sensors,modules","Hyundai","CV","95560"
"81996-P2700","real_hk_coarse","exists","Body","Weatherstrip & Seal","weatherstrip,seal","Hyundai/Kia","P2","81996"
"31036-R0500","real_hk_coarse","exists","Drivetrain","Front Differential","front,differential","Hyundai/Kia","R0","31036"
"97143-J9000","real_hk_coarse","exists","HVAC","Compressor A/C","compressor","Hyundai/Kia","J9","97143"
"91880-CV360","real_hk_coarse","exists","Electrical","Wiring Harness","wiring,harness","Hyundai","CV","91880"
"81716-S9500","real_hk_coarse","exists","Body","Weatherstrip & Seal","weatherstrip,seal","Hyundai/Kia","S9","81716"
"96122-CV000","real_hk_coarse","exists","Electrical","Battery","battery","Hyundai","CV","96122"
"49300-N9000","real_hk_coarse","exists","Drivetrain","Transfer Case / 4WD","transfer,case,4wd","Hyundai","N9","49300"
"23226-2T000","real_hk_coarse","exists","Engine","Cylinder Head & Valvetrain","cylinder,head,valvetrain","Kia","2T","23226"
"92409-R0010","real_hk_coarse","exists","Electrical","Tail Light Assembly","tail,light,assembly","Hyundai/Kia","R0","92409"
"92730-F9000","real_hk_coarse","exists","Electrical","Lighting - Headlights","lighting,headlights","Hyundai/Kia","F9","92730"
"91510-M7792","real_hk_coarse","exists","Electrical","Wiring Harness","wiring,harness","Hyundai/Kia","M7","91510"
"94011-R5210","real_hk_coarse","exists","Electrical","Audio & Display","audio,display","Hyundai/Kia","R5","94011"
"81680-R0000","real_hk_coarse","exists","Body","Weatherstrip & Seal","weatherstrip,seal","Hyundai/Kia","R0","81680"
"93530-P1000","real_hk_coarse","exists","Electrical","Lighting - Interior","lighting,interior","Kia","P1","93530"
"97853-AO200","real_hk_coarse","exists","HVAC","Air Conditioning & Heating","air,conditioning,heating","Hyundai/Kia","AO","97853"
"66920-P1000","real_hk_coarse","exists","Body","Rear Body / Trunk","rear,body,trunk","Kia","P1","66920"
"71110-ATA00","real_hk_coarse","exists","Body","Bumper","bumper","Hyundai/Kia","AT","71110"
"95460-Q5700","real_hk_coarse","exists","Electrical","Sensors & Modules","sensors,modules","Hyundai/Kia","Q5","95460"
"21950-3X300","real_hk_coarse","exists","Engine","Engine Block & Internals","engine,block,internals","Hyundai","3X","21950"
"82412-C7000","real_hk_coarse","exists","Body","Glass / Windshield","glass,windshield","Hyundai/Kia","C7","82412"
"92830-R0000","real_hk_coarse","exists","Electrical","Lighting - Headlights","lighting,headlights","Hyundai/Kia","R0","92830"
"49300-P2000","real_hk_coarse","exists","Drivetrain","Transfer Case / 4WD","transfer,case,4wd","Hyundai/Kia","P2","49300"
"96554-J5714","real_hk_coarse","exists","Electrical","Battery & Charging","battery,charging","Hyundai/Kia","J5","96554"
"91600-DW360","real_hk_coarse","exists","Electrical","Wiring Harness","wiring,harness","Hyundai/Kia","DW","91600"
"39211-3NFA0","real_hk_coarse","exists","Electrical","Oxygen Sensor","oxygen,sensor","Hyundai/Kia","3N","39211"
"81905-D9600","real_hk_coarse","exists","Body","Weatherstrip & Seal","weatherstrip,seal","Kia","D9","81905"
"98610-CV600","real_hk_coarse","exists","Maintenance","Wiper System","wiper,system","Hyundai","CV","98610"
"28795-M6500","real_hk_coarse","exists","Exhaust","Exhaust Manifold","exhaust,manifold","Hyundai/Kia","M6","28795"
"25477-D2750","real_hk_coarse","exists","Engine","Fuel System","fuel,system","Hyundai/Kia","D2","25477"
"87620-AT390","real_hk_coarse","exists","Body","Mouldings & Trim","mouldings,trim","Hyundai/Kia","AT","87620"
"64900-F6110","real_hk_coarse","exists","Body","Front Body / Hood","front,body,hood","Hyundai/Kia","F6","64900"
"55405-CV000","real_hk_coarse","exists","Suspension","Rear Suspension","rear,suspension","Hyundai","CV","55405"
"45910-4G100","real_hk_coarse","exists","Transmission","Manual Transmission","manual,transmission","Hyundai/Kia","4G","45910"
"48819-2H000","real_hk_coarse","exists","Drivetrain","Transaxle","transaxle","Hyundai","2H","48819"
"95190-AOZB0","real_hk_coarse","exists","Electrical","Sensors & Modules","sensors,modules","Hyundai/Kia","AO","95190"
"28600-CH550","real_hk_coarse","exists","Exhaust","Exhaust System","exhaust,system","Hyundai/Kia","CH","28600"
"87385-R0000","real_hk_coarse","exists","Body","Mouldings & Trim","mouldings,trim","Hyundai/Kia","R0","87385"
"31038-M6500","real_hk_coarse","exists","Drivetrain","Front Differential","front,differential","Hyundai/Kia","M6","31038"
"86591-K0AA0","real_hk_coarse","exists","Body","Mirrors","mirrors","Hyundai/Kia","K0","86591"
"56400-K0001","real_hk_coarse","exists","Suspension","Steering Column & Gear","steering,column,gear","Hyundai/Kia","K0","56400"
"45637-4G118","real_hk_coarse","exists","Transmission","Manual Transmission","manual,transmission","Hyundai/Kia","4G","45637"
"41430-2N500","real_hk_coarse","exists","Drivetrain","Clutch","clutch","Hyundai/Kia","2N","41430"
"22341-2T000","real_hk_coarse","exists","Engine","Engine Mounting","engine,mounting","Kia","2T","22341"
"82655-P2000","real_hk_coarse","exists","Body","Glass / Windshield","glass,windshield","Hyundai/Kia","P2","82655"
"89150-CH100","real_hk_coarse","exists","Safety","Air Bag System","air,bag,system","Hyundai/Kia","CH","89150"
"21310-3CJA2","real_hk_coarse","exists","Engine","Crankshaft & Bearings","crankshaft,bearings","Hyundai/Kia","3C","21310"
"45230-4G102","real_hk_coarse","exists","Transmission","Manual Transmission","manual,transmission","Hyundai/Kia","4G","45230"
"28710-P1340","real_hk_coarse","exists","Exhaust","Exhaust Manifold","exhaust,manifold","Kia","P1","28710"
"97113-L1100","real_hk_coarse","exists","HVAC","Compressor A/C","compressor","Hyundai","L1","97113"
"97162-N7000","real_hk_coarse","exists","HVAC","Compressor A/C","compressor","Hyundai/Kia","N7","97162"
"93581-F6060","real_hk_coarse","exists","Electrical","Lighting - Interior","lighting,interior","Hyundai/Kia","F6","93581"
"64575-H8000","real_hk_coarse","exists","Body","Front Body / Hood","front,body,hood","Kia","H8","64575"
"21020-3N521","real_hk_coarse","exists","Engine","Engine Block & Internals","engine,block,internals","Hyundai/Kia","3N","21020"
"71110-L3A00","real_hk_coarse","exists","Body","Bumper","bumper","Hyundai/Kia","L3","71110"
"31071-R0520","real_hk_coarse","exists","Drivetrain","Front Differential","front,differential","Hyundai/Kia","R0","31071"
"45637-4G425","real_hk_coarse","exists","Transmission","Manual Transmission","manual,transmission","Hyundai/Kia","4G","45637"
"54630-3V01B","real_hk_coarse","exists","Suspension","Shock Absorber (Front)","shock,absorber,(front)","Hyundai/Kia","3V","54630"
"86391-AO000","real_hk_coarse","exists","Body","Mirrors","mirrors","Hyundai/Kia","AO","86391"
"18980-09920","real_hk_coarse","exists","Engine","Ignition System","ignition,system","Hyundai/Kia","09","18980"
"97761-P2030","real_hk_coarse","exists","HVAC","A/C Hose & Pipe","hose,pipe","Hyundai/Kia","P2","97761"
"84744-CV000","real_hk_coarse","exists","Interior","Interior Trim","interior,trim","Hyundai","CV","84744"
"97127-N9000","real_hk_coarse","exists","HVAC","Compressor A/C","compressor","Hyundai","N9","97127"
"62405-C5CB0","real_hk_coarse","exists","Body","Front Structure","front,structure","Hyundai","C5","62405"
"91610-F6021","real_hk_coarse","exists","Electrical","Wiring Harness","wiring,harness","Hyundai/Kia","F6","91610"
"81676-P1000","real_hk_coarse","exists","Body","Weatherstrip & Seal","weatherstrip,seal","Kia","P1","81676"
"86696-Q5700","real_hk_coarse","exists","Body","Mirrors","mirrors","Hyundai/Kia","Q5","86696"
"32450-08050","real_hk_coarse","exists","Drivetrain","Front Drive Shaft","front,drive,shaft","Hyundai/Kia","08","32450"
"83550-R0000","real_hk_coarse","exists","Body","Sunroof","sunroof","Hyundai/Kia","R0","83550"
"64587-P1000","real_hk_coarse","exists","Body","Front Body / Hood","front,body,hood","Kia","P1","64587"
"28795-K0100","real_hk_coarse","exists","Exhaust","Exhaust Manifold","exhaust,manifold","Hyundai/Kia","K0","28795"
"91101-R5120","real_hk_coarse","exists","Electrical","Wiring Harness","wiring,harness","Hyundai/Kia","R5","91101"
"56390-K0300","real_hk_coarse","exists","Suspension","Tie Rod","tie,rod","Hyundai/Kia","K0","56390"
"22416-2S000","real_hk_coarse","exists","Engine","Engine Mounting","engine,mounting","Hyundai","2S","22416"
"36143-2M300","real_hk_coarse","exists","Electrical","Starter Motor","starter,motor","Hyundai/Kia","2M","36143"
"56522-R0000","real_hk_coarse","exists","Suspension","Steering Column & Gear","steering,column,gear","Hyundai/Kia","R0","56522"
"93360-P1300","real_hk_coarse","exists","Electrical","Lighting - Interior","lighting,interior","Kia","P1","93360"
"82240-CV000","real_hk_coarse","exists","Body","Glass / Windshield","glass,windshield","Hyundai","CV","82240"
"91890-F6372","real_hk_coarse","exists","Electrical","Wiring Harness","wiring,harness","Hyundai/Kia","F6","91890"
"97626-AO100","real_hk_coarse","exists","HVAC","Heater Core","heater,core","Hyundai/Kia","AO","97626"
"58930-P4100","real_hk_coarse","exists","Brakes","Brake Fluid Reservoir","brake,fluid,reservoir","Hyundai/Kia","P4","58930"
"86650-M7FA0","real_hk_coarse","exists","Body","Mirrors","mirrors","Hyundai/Kia","M7","86650"
"88500-CV740","real_hk_coarse","exists","Interior","Instrument Panel / Dashboard","instrument,panel,dashboard","Hyundai","CV","88500"
"52710-CU000","real_hk_coarse","exists","Suspension","Rear Axle","rear,axle","Hyundai/Kia","CU","52710"
"81260-J5000","real_hk_coarse","exists","Body","Weatherstrip & Seal","weatherstrip,seal","Hyundai/Kia","J5","81260"
"91210-Q4260","real_hk_coarse","exists","Electrical","Wiring Harness","wiring,harness","Hyundai/Kia","Q4","91210"
"21762-B1100","real_hk_coarse","exists","Engine","Engine Block & Internals","engine,block,internals","Genesis","B1","21762"
"32410-1XAD9","real_hk_coarse","exists","Drivetrain","Front Drive Shaft","front,drive,shaft","Hyundai/Kia","1X","32410"
"88571-S9500","real_hk_coarse","exists","Interior","Instrument Panel / Dashboard","instrument,panel,dashboard","Hyundai/Kia","S9","88571"
"97282-R0000","real_hk_coarse","exists","HVAC","Condenser","condenser","Hyundai/Kia","R0","97282"
"39121-2MKV1","real_hk_coarse","exists","Electrical","Sensors & Control","sensors,control","Hyundai/Kia","2M","39121"
"82241-H8000","real_hk_coarse","exists","Body","Glass / Windshield","glass,windshield","Kia","H8","82241"
"87310-R0200","real_hk_coarse","exists","Body","Mouldings & Trim","mouldings,trim","Hyundai/Kia","R0","87310"
"97121-DW000","real_hk_coarse","exists","HVAC","Compressor A/C","compressor","Hyundai/Kia","DW","97121"
"97205-Q5220","real_hk_coarse","exists","HVAC","Condenser","condenser","Hyundai/Kia","Q5","97205"
"92900-CH000","real_hk_coarse","exists","Electrical","Lighting - Headlights","lighting,headlights","Hyundai/Kia","CH","92900"
"64736-GI000","real_hk_coarse","exists","Body","Front Body / Hood","front,body,hood","Hyundai/Kia","GI","64736"
"39222-2S000","real_hk_coarse","exists","Electrical","Oxygen Sensor","oxygen,sensor","Hyundai","2S","39222"
"86585-CV000","real_hk_coarse","exists","Body","Mirrors","mirrors","Hyundai","CV","86585"
"25442-K4500","real_hk_coarse","exists","Engine","Fuel System","fuel,system","Hyundai/Kia","K4","25442"
"66321-DW000","real_hk_coarse","exists","Body","Rear Body / Trunk","rear,body,trunk","Hyundai/Kia","DW","66321"
"86531-P1000","real_hk_coarse","exists","Body","Mirrors","mirrors","Kia","P1","86531"
"31111-J4100","real_hk_coarse","exists","Drivetrain","Front Differential","front,differential","Hyundai/Kia","J4","31111"
"85433-R0000","real_hk_coarse","exists","Interior","Seats","seats","Hyundai/Kia","R0","85433"
"45621-4G400","real_hk_coarse","exists","Transmission","Manual Transmission","manual,transmission","Hyundai/Kia","4G","45621"
"39423-2S200","real_hk_coarse","exists","Electrical","Sensors & Control","sensors,control","Hyundai","2S","39423"
"97245-AT020","real_hk_coarse","exists","HVAC","Condenser","condenser","Hyundai/Kia","AT","97245"
"46700-H9110","real_hk_coarse","exists","Transmission","Auto Transmission Control","auto,transmission,control","Hyundai/Kia","H9","46700"
"91686-P4820","real_hk_coarse","exists","Electrical","Wiring Harness","wiring,harness","Hyundai/Kia","P4","91686"
"65597-P0000","real_hk_coarse","exists","Body","Fender & Side Body","fender,side,body","Hyundai/Kia","P0","65597"
"97788-P0000","real_hk_coarse","exists","HVAC","A/C Hose & Pipe","hose,pipe","Hyundai/Kia","P0","97788"
"92409-Q5500","real_hk_coarse","exists","Electrical","Tail Light Assembly","tail,light,assembly","Hyundai/Kia","Q5","92409"
"45625-4G100","real_hk_coarse","exists","Transmission","Manual Transmission","manual,transmission","Hyundai/Kia","4G","45625"
"86671-S9100","real_hk_coarse","exists","Body","Mirrors","mirrors","Hyundai/Kia","S9","86671"
"25333-P2000","real_hk_coarse","exists","Engine","Fuel Injector","fuel,injector","Hyundai/Kia","P2","25333"
"47425-2N000","real_hk_coarse","exists","Drivetrain","Transfer Case","transfer,case","Hyundai/Kia","2N","47425"
"37562-P4000","real_hk_coarse","exists","Electrical","Ignition System","ignition,system","Hyundai/Kia","P4","37562"
"62470-R0000","real_hk_coarse","exists","Body","Front Structure","front,structure","Hyundai/Kia","R0","62470"
"65587-R0000","real_hk_coarse","exists","Body","Fender & Side Body","fender,side,body","Hyundai/Kia","R0","65587"
"91655-AT040","real_hk_coarse","exists","Electrical","Wiring Harness","wiring,harness","Hyundai/Kia","AT","91655"
"87110-1G210","real_hk_coarse","exists","Body","Mouldings & Trim","mouldings,trim","Kia","1G","87110"
"86636-P2010","real_hk_coarse","exists","Body","Mirrors","mirrors","Hyundai/Kia","P2","86636"
"87110-P2101","real_hk_coarse","exists","Body","Mouldings & Trim","mouldings,trim","Hyundai/Kia","P2","87110"
"36115-3C240","real_hk_coarse","exists","Electrical","Starter Motor","starter,motor","Hyundai/Kia","3C","36115"
"86111-Q5AX0","real_hk_coarse","exists","Body","Mirrors","mirrors","Hyundai/Kia","Q5","86111"
"96125-CV000","real_hk_coarse","exists","Electrical","Battery","battery","Hyundai","CV","96125"
"91971-F9300","real_hk_coarse","exists","Electrical","Wiring Harness","wiring,harness","Hyundai/Kia","F9","91971"
"86390-DWEA0","real_hk_coarse","exists","Body","Mirrors","mirrors","Hyundai/Kia","DW","86390"
"45501-4G130","real_hk_coarse","exists","Transmission","Manual Transmission","manual,transmission","Hyundai/Kia","4G","45501"
"39363-2M480","real_hk_coarse","exists","Electrical","Sensors & Control","sensors,control","Hyundai/Kia","2M","39363"
"35310-2T000","real_hk_coarse","exists","Drivetrain","Drive Shaft / CV Joint","drive,shaft,joint","Kia","2T","35310"
"82420-P1010","real_hk_coarse","exists","Body","Glass / Windshield","glass,windshield","Kia","P1","82420"
"55138-R0000","real_hk_coarse","exists","Suspension","Rear Suspension","rear,suspension","Hyundai/Kia","R0","55138"
"28245-2S300","real_hk_coarse","exists","Cooling","Thermostat & Housing","thermostat,housing","Hyundai","2S","28245"
"82471-R5010","real_hk_coarse","exists","Body","Glass / Windshield","glass,windshield","Hyundai/Kia","R5","82471"
"45806-4G120","real_hk_coarse","exists","Transmission","Manual Transmission","manual,transmission","Hyundai/Kia","4G","45806"
"46780-2K700","real_hk_coarse","exists","Transmission","Auto Transmission Control","auto,transmission,control","Hyundai/Kia","2K","46780"
"46356-2F600","real_hk_coarse","exists","Transmission","Auto Transmission Control","auto,transmission,control","Hyundai/Kia","2F","46356"
"81560-L2000","real_hk_coarse","exists","Body","Weatherstrip & Seal","weatherstrip,seal","Kia","L2","81560"
"91115-G5410","real_hk_coarse","exists","Electrical","Wiring Harness","wiring,harness","Hyundai/Kia","G5","91115"
"91861-K0520","real_hk_coarse","exists","Electrical","Wiring Harness","wiring,harness","Hyundai/Kia","K0","91861"
"91501-R5130","real_hk_coarse","exists","Electrical","Wiring Harness","wiring,harness","Hyundai/Kia","R5","91501"
"91956-R5121","real_hk_coarse","exists","Electrical","Wiring Harness","wiring,harness","Hyundai/Kia","R5","91956"
"91981-H2010","real_hk_coarse","exists","Electrical","Wiring Harness","wiring,harness","Hyundai/Kia","H2","91981"
"86510-CV280","real_hk_coarse","exists","Body","Mirrors","mirrors","Hyundai","CV","86510"
"36569-1XAB0","real_hk_coarse","exists","Electrical","Starter & Charging","starter,charging","Hyundai/Kia","1X","36569"
"31355-N9001","real_hk_coarse","exists","Drivetrain","Front Differential","front,differential","Hyundai","N9","31355"
"86310-H9AA0","real_hk_coarse","exists","Body","Mirrors","mirrors","Hyundai/Kia","H9","86310"
"91921-H9300","real_hk_coarse","exists","Electrical","Wiring Harness","wiring,harness","Hyundai/Kia","H9","91921"
"88350-P1090","real_hk_coarse","exists","Interior","Instrument Panel / Dashboard","instrument,panel,dashboard","Kia","P1","88350"
"83471-DW000","real_hk_coarse","exists","Body","Sunroof","sunroof","Hyundai/Kia","DW","83471"
"72800-R5300","real_hk_coarse","exists","Body","Front Door","front,door","Hyundai/Kia","R5","72800"
"25120-2CTA0","real_hk_coarse","exists","Engine","Fuel Pump","fuel,pump","Hyundai/Kia","2C","25120"
"91931-R0010","real_hk_coarse","exists","Electrical","Wiring Harness","wiring,harness","Hyundai/Kia","R0","91931"
"71560-P2100","real_hk_coarse","exists","Body","Bumper","bumper","Hyundai/Kia","P2","71560"
"21772-J5100","real_hk_coarse","exists","Engine","Engine Block & Internals","engine,block,internals","Hyundai/Kia","J5","21772"
"24322-2T000","real_hk_coarse","exists","Engine","Intake & Exhaust Manifold","intake,exhaust,manifold","Kia","2T","24322"
"97130-CV000","real_hk_coarse","exists","HVAC","Compressor A/C","compressor","Hyundai","CV","97130"
"88600-M7170","real_hk_coarse","exists","Interior","Instrument Panel / Dashboard","instrument,panel,dashboard","Hyundai/Kia","M7","88600"
"87711-R5000","real_hk_coarse","exists","Body","Mouldings & Trim","mouldings,trim","Hyundai/Kia","R5","87711"
"21950-N9110","real_hk_coarse","exists","Engine","Engine Block & Internals","engine,block,internals","Hyundai","N9","21950"
"55262-AR000","real_hk_coarse","exists","Suspension","Rear Suspension","rear,suspension","Hyundai/Kia","AR","55262"
"47362-4G100","real_hk_coarse","exists","Drivetrain","Transfer Case","transfer,case","Hyundai/Kia","4G","47362"
"67111-H9200","real_hk_coarse","exists","Body","Floor & Underbody","floor,underbody","Hyundai/Kia","H9","67111"
"58110-AO000","real_hk_coarse","exists","Brakes","Front Brake Pad / Disc","front,brake,pad,disc","Hyundai/Kia","AO","58110"
"86822-M7500","real_hk_coarse","exists","Body","Mirrors","mirrors","Hyundai/Kia","M7","86822"
"88410-J5730","real_hk_coarse","exists","Interior","Instrument Panel / Dashboard","instrument,panel,dashboard","Hyundai/Kia","J5","88410"
"86370-Q5500","real_hk_coarse","exists","Body","Mirrors","mirrors","Hyundai/Kia","Q5","86370"
"86821-Q5000","real_hk_coarse","exists","Body","Mirrors","mirrors","Hyundai/Kia","Q5","86821"
"91822-S9220","real_hk_coarse","exists","Electrical","Wiring Harness","wiring,harness","Hyundai/Kia","S9","91822"
"65720-S9050","real_hk_coarse","exists","Body","Fender & Side Body","fender,side,body","Hyundai/Kia","S9","65720"
"25451-47200","real_hk_coarse","exists","Engine","Fuel System","fuel,system","Hyundai/Kia","47","25451"
"97122-N9000","real_hk_coarse","exists","HVAC","Compressor A/C","compressor","Hyundai","N9","97122"
"66910-P2000","real_hk_coarse","exists","Body","Rear Body / Trunk","rear,body,trunk","Hyundai/Kia","P2","66910"
"88600-R5545","real_hk_coarse","exists","Interior","Instrument Panel / Dashboard","instrument,panel,dashboard","Hyundai/Kia","R5","88600"
"59795-CW150","real_hk_coarse","exists","Brakes","ABS / ESC","abs,esc","Hyundai/Kia","CW","59795"
"25451-Q4720","real_hk_coarse","exists","Engine","Fuel System","fuel,system","Hyundai/Kia","Q4","25451"
"32450-2S098","real_hk_coarse","exists","Drivetrain","Front Drive Shaft","front,drive,shaft","Hyundai","2S","32450"
"91445-K0050","real_hk_coarse","exists","Electrical","Wiring Harness","wiring,harness","Hyundai/Kia","K0","91445"
"37562-K4030","real_hk_coarse","exists","Electrical","Ignition System","ignition,system","Hyundai/Kia","K4","37562"
"91510-M7802","real_hk_coarse","exists","Electrical","Wiring Harness","wiring,harness","Hyundai/Kia","M7","91510"
"82420-Q5110","real_hk_coarse","exists","Body","Glass / Windshield","glass,windshield","Hyundai/Kia","Q5","82420"
"87370-CH210","real_hk_coarse","exists","Body","Mouldings & Trim","mouldings,trim","Hyundai/Kia","CH","87370"
"25451-G2120","real_hk_coarse","exists","Engine","Fuel System","fuel,system","Hyundai/Kia","G2","25451"
"55230-N9500","real_hk_coarse","exists","Suspension","Rear Suspension","rear,suspension","Hyundai","N9","55230"
"64501-R0000","real_hk_coarse","exists","Body","Front Body / Hood","front,body,hood","Hyundai/Kia","R0","64501"
"86531-DWEB0","real_hk_coarse","exists","Body","Mirrors","mirrors","Hyundai/Kia","DW","86531"
"92970-R0000","real_hk_coarse","exists","Electrical","Lighting - Headlights","lighting,headlights","Hyundai/Kia","R0","92970"
"82210-P1110","real_hk_coarse","exists","Body","Glass / Windshield","glass,windshield","Kia","P1","82210"
"97775-M7100","real_hk_coarse","exists","HVAC","A/C Hose & Pipe","hose,pipe","Hyundai/Kia","M7","97775"
"64575-P1000","real_hk_coarse","exists","Body","Front Body / Hood","front,body,hood","Kia","P1","64575"
"28140-Q5500","real_hk_coarse","exists","Cooling","Radiator","radiator","Hyundai/Kia","Q5","28140"
"18790-00727","real_hk_coarse","exists","Engine","Ignition System","ignition,system","Hyundai/Kia","00","18790"
"86591-S9500","real_hk_coarse","exists","Body","Mirrors","mirrors","Hyundai/Kia","S9","86591"
"86300-P2000","real_hk_coarse","exists","Body","Mirrors","mirrors","Hyundai/Kia","P2","86300"
"88600-A9730","real_hk_coarse","exists","Interior","Instrument Panel / Dashboard","instrument,panel,dashboard","Kia","A9","88600"
"45808-4G130","real_hk_coarse","exists","Transmission","Manual Transmission","manual,transmission","Hyundai/Kia","4G","45808"
"22110-2S500","real_hk_coarse","exists","Engine","Engine Mounting","engine,mounting","Hyundai","2S","22110"
"52910-K0300","real_hk_coarse","exists","Suspension","Wheels & Tires","wheels,tires","Hyundai/Kia","K0","52910"
"25450-R0100","real_hk_coarse","exists","Engine","Fuel System","fuel,system","Hyundai/Kia","R0","25450"
"65112-R0100","real_hk_coarse","exists","Body","Fender & Side Body","fender,side,body","Hyundai/Kia","R0","65112"
"86316-S9500","real_hk_coarse","exists","Body","Mirrors","mirrors","Hyundai/Kia","S9","86316"
"92161-3R010","real_hk_coarse","exists","Electrical","Headlight Assembly","headlight,assembly","Hyundai/Kia","3R","92161"
"94031-J5620","real_hk_coarse","exists","Electrical","Audio & Display","audio,display","Hyundai/Kia","J5","94031"
"45835-3B466","real_hk_coarse","exists","Transmission","Manual Transmission","manual,transmission","Hyundai/Kia","3B","45835"
"88299-J5000","real_hk_coarse","exists","Interior","Instrument Panel / Dashboard","instrument,panel,dashboard","Hyundai/Kia","J5","88299"
"58737-J5200","real_hk_coarse","exists","Brakes","Brakes","brakes","Hyundai/Kia","J5","58737"
"87383-R0000","real_hk_coarse","exists","Body","Mouldings & Trim","mouldings,trim","Hyundai/Kia","R0","87383"
"95450-P4000","real_hk_coarse","exists","Electrical","Sensors & Modules","sensors,modules","Hyundai/Kia","P4","95450"
"91840-CH020","real_hk_coarse","exists","Electrical","Wiring Harness","wiring,harness","Hyundai/Kia","CH","91840"
"58753-D2100","real_hk_coarse","exists","Brakes","Brakes","brakes","Hyundai/Kia","D2","58753"
"58310-CVA50","real_hk_coarse","exists","Brakes","Rear Brake / Drum","rear,brake,drum","Hyundai","CV","58310"
"96330-DW000","real_hk_coarse","exists","Electrical","Battery & Charging","battery,charging","Hyundai/Kia","DW","96330"
"89663-R5000","real_hk_coarse","exists","Safety","Air Bag System","air,bag,system","Hyundai/Kia","R5","89663"
"49560-CW150","real_hk_coarse","exists","Drivetrain","Transfer Case / 4WD","transfer,case,4wd","Hyundai/Kia","CW","49560"
"91710-J5351","real_hk_coarse","exists","Electrical","Wiring Harness","wiring,harness","Hyundai/Kia","J5","91710"
"45720-4J600","real_hk_coarse","exists","Transmission","Manual Transmission","manual,transmission","Hyundai/Kia","4J","45720"
"91710-J5561","real_hk_coarse","exists","Electrical","Wiring Harness","wiring,harness","Hyundai/Kia","J5","91710"
"39122-2SMN1","real_hk_coarse","exists","Electrical","Sensors & Control","sensors,control","Hyundai","2S","39122"
"91615-M7830","real_hk_coarse","exists","Electrical","Wiring Harness","wiring,harness","Hyundai/Kia","M7","91615"
"88551-R5510","real_hk_coarse","exists","Interior","Instrument Panel / Dashboard","instrument,panel,dashboard","Hyundai/Kia","R5","88551"
"58736-CW000","real_hk_coarse","exists","Brakes","Brakes","brakes","Hyundai/Kia","CW","58736"
"91958-CV210","real_hk_coarse","exists","Electrical","Wiring Harness","wiring,harness","Hyundai","CV","91958"
"91811-R0400","real_hk_coarse","exists","Electrical","Wiring Harness","wiring,harness","Hyundai/Kia","R0","91811"
"83915-R5000","real_hk_coarse","exists","Body","Sunroof","sunroof","Hyundai/Kia","R5","83915"
"91400-P4061","real_hk_coarse","exists","Electrical","Wiring Harness","wiring,harness","Hyundai/Kia","P4","91400"
"83860-P1010","real_hk_coarse","exists","Body","Sunroof","sunroof","Kia","P1","83860"
"91971-2W090","real_hk_coarse","exists","Electrical","Wiring Harness","wiring,harness","Hyundai","2W","91971"
"62471-R0000","real_hk_coarse","exists","Body","Front Structure","front,structure","Hyundai/Kia","R0","62471"
"65700-R0100","real_hk_coarse","exists","Body","Fender & Side Body","fender,side,body","Hyundai/Kia","R0","65700"
"24460-2T000","real_hk_coarse","exists","Engine","Intake & Exhaust Manifold","intake,exhaust,manifold","Kia","2T","24460"
"56370-AT000","real_hk_coarse","exists","Suspension","Tie Rod","tie,rod","Hyundai/Kia","AT","56370"
"86634-P2010","real_hk_coarse","exists","Body","Mirrors","mirrors","Hyundai/Kia","P2","86634"
"88553-F6KE0","real_hk_coarse","exists","Interior","Instrument Panel / Dashboard","instrument,panel,dashboard","Hyundai/Kia","F6","88553"
"49501-M7450","real_hk_coarse","exists","Drivetrain","Transfer Case / 4WD","transfer,case,4wd","Hyundai/Kia","M7","49501"
"96230-J5300","real_hk_coarse","exists","Electrical","Battery & Charging","battery,charging","Hyundai/Kia","J5","96230"
"21950-N9310","real_hk_coarse","exists","Engine","Engine Block & Internals","engine,block,internals","Hyundai","N9","21950"
"86664-M7EA0","real_hk_coarse","exists","Body","Mirrors","mirrors","Hyundai/Kia","M7","86664"
"31220-P0800","real_hk_coarse","exists","Drivetrain","Front Differential","front,differential","Hyundai/Kia","P0","31220"
"55405-J5150","real_hk_coarse","exists","Suspension","Rear Suspension","rear,suspension","Hyundai/Kia","J5","55405"
"96611-AT000","real_hk_coarse","exists","Electrical","Battery & Charging","battery,charging","Hyundai/Kia","AT","96611"
"91951-R5310","real_hk_coarse","exists","Electrical","Wiring Harness","wiring,harness","Hyundai/Kia","R5","91951"
"96340-R0000","real_hk_coarse","exists","Electrical","Battery & Charging","battery,charging","Hyundai/Kia","R0","96340"
"58244-AA310","real_hk_coarse","exists","Brakes","Front Brake Caliper","front,brake,caliper","Hyundai/Kia","AA","58244"
"64900-H9010","real_hk_coarse","exists","Body","Front Body / Hood","front,body,hood","Hyundai/Kia","H9","64900"
"31471-2F001","real_hk_coarse","exists","Drivetrain","Front Differential","front,differential","Hyundai/Kia","2F","31471"
"97255-AT250","real_hk_coarse","exists","HVAC","Condenser","condenser","Hyundai/Kia","AT","97255"
"84126-P1000","real_hk_coarse","exists","Interior","Interior Trim","interior,trim","Kia","P1","84126"
"91515-G5180","real_hk_coarse","exists","Electrical","Wiring Harness","wiring,harness","Hyundai/Kia","G5","91515"
"81679-CV000","real_hk_coarse","exists","Body","Weatherstrip & Seal","weatherstrip,seal","Hyundai","CV","81679"
"58130-J5500","real_hk_coarse","exists","Brakes","Front Brake Pad / Disc","front,brake,pad,disc","Hyundai/Kia","J5","58130"
"91806-D9110","real_hk_coarse","exists","Electrical","Wiring Harness","wiring,harness","Kia","D9","91806"
"58722-L0000","real_hk_coarse","exists","Brakes","Brakes","brakes","Hyundai/Kia","L0","58722"
"64900-DW010","real_hk_coarse","exists","Body","Front Body / Hood","front,body,hood","Hyundai/Kia","DW","64900"
"97245-P2030","real_hk_coarse","exists","HVAC","Condenser","condenser","Hyundai/Kia","P2","97245"
"45671-4G137","real_hk_coarse","exists","Transmission","Manual Transmission","manual,transmission","Hyundai/Kia","4G","45671"
"89150-DW010","real_hk_coarse","exists","Safety","Air Bag System","air,bag,system","Hyundai/Kia","DW","89150"
"58920-N9010","real_hk_coarse","exists","Brakes","Brake Fluid Reservoir","brake,fluid,reservoir","Hyundai","N9","58920"
"65518-N9000","real_hk_coarse","exists","Body","Fender & Side Body","fender,side,body","Hyundai","N9","65518"
"81970-H8B00","real_hk_coarse","exists","Body","Weatherstrip & Seal","weatherstrip,seal","Kia","H8","81970"
"39171-2ELC0","real_hk_coarse","exists","Electrical","Sensors & Control","sensors,control","Kia","2E","39171"
"82860-P1000","real_hk_coarse","exists","Body","Glass / Windshield","glass,windshield","Kia","P1","82860"
"58715-AT000","real_hk_coarse","exists","Brakes","Brakes","brakes","Hyundai/Kia","AT","58715"
"86530-K0580","real_hk_coarse","exists","Body","Mirrors","mirrors","Hyundai/Kia","K0","86530"
"54500-H9000","real_hk_coarse","exists","Suspension","Front Suspension","front,suspension","Hyundai/Kia","H9","54500"
"86541-S9700","real_hk_coarse","exists","Body","Mirrors","mirrors","Hyundai/Kia","S9","86541"
"91600-B2202","real_hk_coarse","exists","Electrical","Wiring Harness","wiring,harness","Kia","B2","91600"
"91602-DW350","real_hk_coarse","exists","Electrical","Wiring Harness","wiring,harness","Hyundai/Kia","DW","91602"
"95770-D5010","real_hk_coarse","exists","Electrical","Sensors & Modules","sensors,modules","Hyundai/Kia","D5","95770"
"95442-3D300","real_hk_coarse","exists","Electrical","Sensors & Modules","sensors,modules","Hyundai/Kia","3D","95442"
"54625-GI000","real_hk_coarse","exists","Suspension","Shock Absorber (Front)","shock,absorber,(front)","Hyundai/Kia","GI","54625"
"96175-Q5CA0","real_hk_coarse","exists","Electrical","Battery","battery","Hyundai/Kia","Q5","96175"
"86671-R5010","real_hk_coarse","exists","Body","Mirrors","mirrors","Hyundai/Kia","R5","86671"
"98950-R5000","real_hk_coarse","exists","Maintenance","Wiper System","wiper,system","Hyundai/Kia","R5","98950"
"24100-2T002","real_hk_coarse","exists","Engine","Intake & Exhaust Manifold","intake,exhaust,manifold","Kia","2T","24100"
"86391-P1000","real_hk_coarse","exists","Body","Mirrors","mirrors","Kia","P1","86391"
"96250-G8000","real_hk_coarse","exists","Electrical","Battery & Charging","battery,charging","Hyundai/Kia","G8","96250"
"32450-2S096","real_hk_coarse","exists","Drivetrain","Front Drive Shaft","front,drive,shaft","Hyundai","2S","32450"
"95560-D9100","real_hk_coarse","exists","Electrical","Sensors & Modules","sensors,modules","Kia","D9","95560"
"88035-M7000","real_hk_coarse","exists","Interior","Instrument Panel / Dashboard","instrument,panel,dashboard","Hyundai/Kia","M7","88035"
"45817-4G100","real_hk_coarse","exists","Transmission","Manual Transmission","manual,transmission","Hyundai/Kia","4G","45817"
"87860-AT000","real_hk_coarse","exists","Body","Mouldings & Trim","mouldings,trim","Hyundai/Kia","AT","87860"
"86660-M7EA0","real_hk_coarse","exists","Body","Mirrors","mirrors","Hyundai/Kia","M7","86660"
"88170-Q5010","real_hk_coarse","exists","Interior","Instrument Panel / Dashboard","instrument,panel,dashboard","Hyundai/Kia","Q5","88170"
"21350-2E740","real_hk_coarse","exists","Engine","Crankshaft & Bearings","crankshaft,bearings","Kia","2E","21350"
"55410-AO000","real_hk_coarse","exists","Suspension","Rear Suspension","rear,suspension","Hyundai/Kia","AO","55410"
"47349-2N000","real_hk_coarse","exists","Drivetrain","Transfer Case","transfer,case","Hyundai/Kia","2N","47349"
"97135-R0000","real_hk_coarse","exists","HVAC","Compressor A/C","compressor","Hyundai/Kia","R0","97135"
"86351-CV000","real_hk_coarse","exists","Body","Mirrors","mirrors","Hyundai","CV","86351"
"31333-AA000","real_hk_coarse","exists","Drivetrain","Front Differential","front,differential","Hyundai/Kia","AA","31333"
"84410-CV200","real_hk_coarse","exists","Interior","Interior Trim","interior,trim","Hyundai","CV","84410"
"55330-H9000","real_hk_coarse","exists","Suspension","Shock Absorber (Rear)","shock,absorber,(rear)","Hyundai/Kia","H9","55330"
"58531-P2100","real_hk_coarse","exists","Brakes","Parking Brake","parking,brake","Hyundai/Kia","P2","58531"
"96770-F6000","real_hk_coarse","exists","Electrical","Battery & Charging","battery,charging","Hyundai/Kia","F6","96770"
"97775-P4520","real_hk_coarse","exists","HVAC","A/C Hose & Pipe","hose,pipe","Hyundai/Kia","P4","97775"
"87810-R0620","real_hk_coarse","exists","Body","Mouldings & Trim","mouldings,trim","Hyundai/Kia","R0","87810"
"41480-18FA0","real_hk_coarse","exists","Drivetrain","Clutch","clutch","Hyundai/Kia","18","41480"
"97762-P0000","real_hk_coarse","exists","HVAC","A/C Hose & Pipe","hose,pipe","Hyundai/Kia","P0","97762"
"83904-R0000","real_hk_coarse","exists","Body","Sunroof","sunroof","Hyundai/Kia","R0","83904"
"92441-F6800","real_hk_coarse","exists","Electrical","Tail Light Assembly","tail,light,assembly","Hyundai/Kia","F6","92441"
"56521-N9000","real_hk_coarse","exists","Suspension","Steering Column & Gear","steering,column,gear","Hyundai","N9","56521"
"88450-M6510","real_hk_coarse","exists","Interior","Instrument Panel / Dashboard","instrument,panel,dashboard","Hyundai/Kia","M6","88450"
"91931-AO030","real_hk_coarse","exists","Electrical","Wiring Harness","wiring,harness","Hyundai/Kia","AO","91931"
"45867-3B407","real_hk_coarse","exists","Transmission","Manual Transmission","manual,transmission","Hyundai/Kia","3B","45867"
"82655-P1000","real_hk_coarse","exists","Body","Glass / Windshield","glass,windshield","Kia","P1","82655"
"54651-Q5UC0","real_hk_coarse","exists","Suspension","Shock Absorber (Front)","shock,absorber,(front)","Hyundai/Kia","Q5","54651"
"91840-R0370","real_hk_coarse","exists","Electrical","Wiring Harness","wiring,harness","Hyundai/Kia","R0","91840"
"86610-R5000","real_hk_coarse","exists","Body","Mirrors","mirrors","Hyundai/Kia","R5","86610"
"93406-J5515","real_hk_coarse","exists","Electrical","Lighting - Interior","lighting,interior","Hyundai/Kia","J5","93406"
"96130-AT000","real_hk_coarse","exists","Electrical","Battery","battery","Hyundai/Kia","AT","96130"
"45835-3B675","real_hk_coarse","exists","Transmission","Manual Transmission","manual,transmission","Hyundai/Kia","3B","45835"
"97300-P2000","real_hk_coarse","exists","HVAC","Evaporator","evaporator","Hyundai/Kia","P2","97300"
"81900-3WF00","real_hk_coarse","exists","Body","Weatherstrip & Seal","weatherstrip,seal","Kia","3W","81900"
"24551-3N100","real_hk_coarse","exists","Engine","Intake & Exhaust Manifold","intake,exhaust,manifold","Hyundai/Kia","3N","24551"
"71402-J5050","real_hk_coarse","exists","Body","Bumper","bumper","Hyundai/Kia","J5","71402"
"37562-L5000","real_hk_coarse","exists","Electrical","Ignition System","ignition,system","Hyundai/Kia","L5","37562"
"86511-P2010","real_hk_coarse","exists","Body","Mirrors","mirrors","Hyundai/Kia","P2","86511"
"84619-DW000","real_hk_coarse","exists","Interior","Interior Trim","interior,trim","Hyundai/Kia","DW","84619"
"91110-L3050","real_hk_coarse","exists","Electrical","Wiring Harness","wiring,harness","Hyundai/Kia","L3","91110"
"39110-3N506","real_hk_coarse","exists","Electrical","Sensors & Control","sensors,control","Hyundai/Kia","3N","39110"
"97107-L1000","real_hk_coarse","exists","HVAC","Compressor A/C","compressor","Hyundai","L1","97107"
"43209-2N321","real_hk_coarse","exists","Transmission","Automatic Transmission","automatic,transmission","Hyundai/Kia","2N","43209"
"95480-G5091","real_hk_coarse","exists","Electrical","Sensors & Modules","sensors,modules","Hyundai/Kia","G5","95480"
"91570-R0510","real_hk_coarse","exists","Electrical","Wiring Harness","wiring,harness","Hyundai/Kia","R0","91570"
"89551-S9710","real_hk_coarse","exists","Safety","Air Bag System","air,bag,system","Hyundai/Kia","S9","89551"
"83654-R0100","real_hk_coarse","exists","Body","Sunroof","sunroof","Hyundai/Kia","R0","83654"
"97761-Q5510","real_hk_coarse","exists","HVAC","A/C Hose & Pipe","hose,pipe","Hyundai/Kia","Q5","97761"
"99155-J5000","real_hk_unseeded","exists","Unknown","Unknown","","Hyundai/Kia","J5","99155"
"09474-4E200","real_hk_unseeded","exists","Unknown","Unknown","","Hyundai/Kia","4E","09474"
"05203-AT200","real_hk_unseeded","exists","Unknown","Unknown","","Hyundai/Kia","AT","05203"
"12452-05163","real_hk_unseeded","exists","Unknown","Unknown","","Hyundai/Kia","05","12452"
"99230-S9500","real_hk_unseeded","exists","Unknown","Unknown","","Hyundai/Kia","S9","99230"
"80610-CV500","real_hk_unseeded","exists","Unknown","Unknown","","Hyundai","CV","80610"
"09130-CV200","real_hk_unseeded","exists","Unknown","Unknown","","Hyundai","CV","09130"
"99130-S9050","real_hk_unseeded","exists","Unknown","Unknown","","Hyundai/Kia","S9","99130"
"77522-K0000","real_hk_unseeded","exists","Unknown","Unknown","","Hyundai/Kia","K0","77522"
"77990-R5000","real_hk_unseeded","exists","Unknown","Unknown","","Hyundai/Kia","R5","77990"
"05203-L3750","real_hk_unseeded","exists","Unknown","Unknown","","Hyundai/Kia","L3","05203"
"09147-AR000","real_hk_unseeded","exists","Unknown","Unknown","","Hyundai/Kia","AR","09147"
"99246-P1100","real_hk_unseeded","exists","Unknown","Unknown","","Kia","P1","99246"
"99110-Q5600","real_hk_unseeded","exists","Unknown","Unknown","","Hyundai/Kia","Q5","99110"
"11412-10161","real_hk_unseeded","exists","Unknown","Unknown","","Hyundai/Kia","10","11412"
"80702-CV500","real_hk_unseeded","exists","Unknown","Unknown","","Hyundai","CV","80702"
"99211-S9160","real_hk_unseeded","exists","Unknown","Unknown","","Hyundai/Kia","S9","99211"
"99140-CV000","real_hk_unseeded","exists","Unknown","Unknown","","Hyundai","CV","99140"
"77111-H8000","real_hk_unseeded","exists","Unknown","Unknown","","Kia","H8","77111"
"99216-CV000","real_hk_unseeded","exists","Unknown","Unknown","","Hyundai","CV","99216"
"99110-G5600","real_hk_unseeded","exists","Unknown","Unknown","","Hyundai/Kia","G5","99110"
"09501-C9150","real_hk_unseeded","exists","Unknown","Unknown","","Hyundai/Kia","C9","09501"
"14331-08160","real_hk_unseeded","exists","Unknown","Unknown","","Hyundai/Kia","08","14331"
"99150-P2100","real_hk_unseeded","exists","Unknown","Unknown","","Hyundai/Kia","P2","99150"
"79480-H8000","real_hk_unseeded","exists","Unknown","Unknown","","Kia","H8","79480"
"05203-R0500","real_hk_unseeded","exists","Unknown","Unknown","","Hyundai/Kia","R0","05203"
"99910-F6000","real_hk_unseeded","exists","Unknown","Unknown","","Hyundai/Kia","F6","99910"
"99110-CV000","real_hk_unseeded","exists","Unknown","Unknown","","Hyundai","CV","99110"
"99240-S9700","real_hk_unseeded","exists","Unknown","Unknown","","Hyundai/Kia","S9","99240"
"77003-L3000","real_hk_unseeded","exists","Unknown","Unknown","","Hyundai/Kia","L3","77003"
"17925-04040","real_hk_unseeded","exists","Unknown","Unknown","","Hyundai/Kia","04","17925"
"99960-F6200","real_hk_unseeded","exists","Unknown","Unknown","","Hyundai/Kia","F6","99960"
"99910-AT300","real_hk_unseeded","exists","Unknown","Unknown","","Hyundai/Kia","AT","99910"
"99316-CV200","real_hk_unseeded","exists","Unknown","Unknown","","Hyundai","CV","99316"
"99150-J5020","real_hk_unseeded","exists","Unknown","Unknown","","Hyundai/Kia","J5","99150"
"05203-P4210","real_hk_unseeded","exists","Unknown","Unknown","","Hyundai/Kia","P4","05203"
"80702-CV000","real_hk_unseeded","exists","Unknown","Unknown","","Hyundai","CV","80702"
"99250-P1100","real_hk_unseeded","exists","Unknown","Unknown","","Kia","P1","99250"
"09501-C9140","real_hk_unseeded","exists","Unknown","Unknown","","Hyundai/Kia","C9","09501"
"80620-AT950","real_hk_unseeded","exists","Unknown","Unknown","","Hyundai/Kia","AT","80620"
"79325-1Y000","real_hk_unseeded","exists","Unknown","Unknown","","Hyundai/Kia","1Y","79325"
"99140-L3100","real_hk_unseeded","exists","Unknown","Unknown","","Hyundai/Kia","L3","99140"
"99810-CV000","real_hk_unseeded","exists","Unknown","Unknown","","Hyundai","CV","99810"
"09474-4E500","real_hk_unseeded","exists","Unknown","Unknown","","Hyundai/Kia","4E","09474"
"99211-H8020","real_hk_unseeded","exists","Unknown","Unknown","","Kia","H8","99211"
"77990-L2000","real_hk_unseeded","exists","Unknown","Unknown","","Kia","L2","77990"
"17313-13000","real_hk_unseeded","exists","Unknown","Unknown","","Hyundai/Kia","13","17313"
"77004-DW000","real_hk_unseeded","exists","Unknown","Unknown","","Hyundai/Kia","DW","77004"
"77003-H9400","real_hk_unseeded","exists","Unknown","Unknown","","Hyundai/Kia","H9","77003"
"99140-K0600","real_hk_unseeded","exists","Unknown","Unknown","","Hyundai/Kia","K0","99140"
"11643-08161","real_hk_unseeded","exists","Unknown","Unknown","","Hyundai/Kia","08","11643"
"79154-J5000","real_hk_unseeded","exists","Unknown","Unknown","","Hyundai/Kia","J5","79154"
"99110-AT000","real_hk_unseeded","exists","Unknown","Unknown","","Hyundai/Kia","AT","99110"
"09430-B8100","real_hk_unseeded","exists","Unknown","Unknown","","Hyundai/Kia","B8","09430"
"09375-GI800","real_hk_unseeded","exists","Unknown","Unknown","","Hyundai/Kia","GI","09375"
"79273-H9010","real_hk_unseeded","exists","Unknown","Unknown","","Hyundai/Kia","H9","79273"
"99150-Q5500","real_hk_unseeded","exists","Unknown","Unknown","","Hyundai/Kia","Q5","99150"
"99150-P1000","real_hk_unseeded","exists","Unknown","Unknown","","Kia","P1","99150"
"99910-P4100","real_hk_unseeded","exists","Unknown","Unknown","","Hyundai/Kia","P4","99910"
"79210-D6000","real_hk_unseeded","exists","Unknown","Unknown","","Hyundai/Kia","D6","79210"
"11251-06206","real_hk_unseeded","exists","Unknown","Unknown","","Hyundai/Kia","06","11251"
"09533-C1120","real_hk_unseeded","exists","Unknown","Unknown","","Hyundai/Kia","C1","09533"
"14160-05273","real_hk_unseeded","exists","Unknown","Unknown","","Hyundai/Kia","05","14160"
"99216-CG000","real_hk_unseeded","exists","Unknown","Unknown","","Hyundai/Kia","CG","99216"
"09501-C9120","real_hk_unseeded","exists","Unknown","Unknown","","Hyundai/Kia","C9","09501"
"12900-06180","real_hk_unseeded","exists","Unknown","Unknown","","Hyundai/Kia","06","12900"
"77003-CV000","real_hk_unseeded","exists","Unknown","Unknown","","Hyundai","CV","77003"
"80310-R0000","real_hk_unseeded","exists","Unknown","Unknown","","Hyundai/Kia","R0","80310"
"79220-H9000","real_hk_unseeded","exists","Unknown","Unknown","","Hyundai/Kia","H9","79220"
"77990-K0000","real_hk_unseeded","exists","Unknown","Unknown","","Hyundai/Kia","K0","77990"
"77111-P1000","real_hk_unseeded","exists","Unknown","Unknown","","Kia","P1","77111"
"09149-J5200","real_hk_unseeded","exists","Unknown","Unknown","","Hyundai/Kia","J5","09149"
"99147-K0500","real_hk_unseeded","exists","Unknown","Unknown","","Hyundai/Kia","K0","99147"
"99250-L2100","real_hk_unseeded","exists","Unknown","Unknown","","Kia","L2","99250"
"80610-K0000","real_hk_unseeded","exists","Unknown","Unknown","","Hyundai/Kia","K0","80610"
"77990-AT000","real_hk_unseeded","exists","Unknown","Unknown","","Hyundai/Kia","AT","77990"
"99240-S9600","real_hk_unseeded","exists","Unknown","Unknown","","Hyundai/Kia","S9","99240"
"09430-G2300","real_hk_unseeded","exists","Unknown","Unknown","","Hyundai/Kia","G2","09430"
"09430-C1170","real_hk_unseeded","exists","Unknown","Unknown","","Hyundai/Kia","C1","09430"
"99110-F6100","real_hk_unseeded","exists","Unknown","Unknown","","Hyundai/Kia","F6","99110"
"99155-L3000","real_hk_unseeded","exists","Unknown","Unknown","","Hyundai/Kia","L3","99155"
"80410-R5000","real_hk_unseeded","exists","Unknown","Unknown","","Hyundai/Kia","R5","80410"
"07100-J2B20","real_hk_unseeded","exists","Unknown","Unknown","","Hyundai/Kia","J2","07100"
"05203-AT300","real_hk_unseeded","exists","Unknown","Unknown","","Hyundai/Kia","AT","05203"
"99230-R0050","real_hk_unseeded","exists","Unknown","Unknown","","Hyundai/Kia","R0","99230"
"77980-P2000","real_hk_unseeded","exists","Unknown","Unknown","","Hyundai/Kia","P2","77980"
"13253-06001","real_hk_unseeded","exists","Unknown","Unknown","","Hyundai/Kia","06","13253"
"99130-CV000","real_hk_unseeded","exists","Unknown","Unknown","","Hyundai","CV","99130"
"09127-2K000","real_hk_unseeded","exists","Unknown","Unknown","","Hyundai/Kia","2K","09127"
"05203-R5420","real_hk_unseeded","exists","Unknown","Unknown","","Hyundai/Kia","R5","05203"
"79120-H8000","real_hk_unseeded","exists","Unknown","Unknown","","Kia","H8","79120"
"79380-J5000","real_hk_unseeded","exists","Unknown","Unknown","","Hyundai/Kia","J5","79380"
"09130-S9000","real_hk_unseeded","exists","Unknown","Unknown","","Hyundai/Kia","S9","09130"
"80200-P2100","real_hk_unseeded","exists","Unknown","Unknown","","Hyundai/Kia","P2","80200"
"99910-R0850","real_hk_unseeded","exists","Unknown","Unknown","","Hyundai/Kia","R0","99910"
"99130-CV100","real_hk_unseeded","exists","Unknown","Unknown","","Hyundai","CV","99130"
"11547-10251","real_hk_unseeded","exists","Unknown","Unknown","","Hyundai/Kia","10","11547"
"99210-L3000","real_hk_unseeded","exists","Unknown","Unknown","","Hyundai/Kia","L3","99210"
"99240-AT200","real_hk_unseeded","exists","Unknown","Unknown","","Hyundai/Kia","AT","99240"
"20920-2GH07","real_hk_unseeded","exists","Unknown","Unknown","","Kia","2G","20920"
"99250-L2000","real_hk_unseeded","exists","Unknown","Unknown","","Kia","L2","99250"
"99157-K0500","real_hk_unseeded","exists","Unknown","Unknown","","Hyundai/Kia","K0","99157"
"80310-CV000","real_hk_unseeded","exists","Unknown","Unknown","","Hyundai","CV","80310"
"80620-R5500","real_hk_unseeded","exists","Unknown","Unknown","","Hyundai/Kia","R5","80620"
"80200-L8000","real_hk_unseeded","exists","Unknown","Unknown","","Hyundai/Kia","L8","80200"
"99910-R0610","real_hk_unseeded","exists","Unknown","Unknown","","Hyundai/Kia","R0","99910"
"80702-L2000","real_hk_unseeded","exists","Unknown","Unknown","","Kia","L2","80702"
"80620-R0000","real_hk_unseeded","exists","Unknown","Unknown","","Hyundai/Kia","R0","80620"
"80610-S9500","real_hk_unseeded","exists","Unknown","Unknown","","Hyundai/Kia","S9","80610"
"99250-F6500","real_hk_unseeded","exists","Unknown","Unknown","","Hyundai/Kia","F6","99250"
"12413-04103","real_hk_unseeded","exists","Unknown","Unknown","","Hyundai/Kia","04","12413"
"09473-J9000","real_hk_unseeded","exists","Unknown","Unknown","","Hyundai/Kia","J9","09473"
"05203-DW410","real_hk_unseeded","exists","Unknown","Unknown","","Hyundai/Kia","DW","05203"
"09149-R5000","real_hk_unseeded","exists","Unknown","Unknown","","Hyundai/Kia","R5","09149"
"99211-P1040","real_hk_unseeded","exists","Unknown","Unknown","","Kia","P1","99211"
"99211-P1060","real_hk_unseeded","exists","Unknown","Unknown","","Kia","P1","99211"
"05203-DW400","real_hk_unseeded","exists","Unknown","Unknown","","Hyundai/Kia","DW","05203"
"99240-P2000","real_hk_unseeded","exists","Unknown","Unknown","","Hyundai/Kia","P2","99240"
"20920-2SH02","real_hk_unseeded","exists","Unknown","Unknown","","Hyundai","2S","20920"
"12492-03101","real_hk_unseeded","exists","Unknown","Unknown","","Hyundai/Kia","03","12492"
"99910-R0BA0","real_hk_unseeded","exists","Unknown","Unknown","","Hyundai/Kia","R0","99910"
"99230-CV010","real_hk_unseeded","exists","Unknown","Unknown","","Hyundai","CV","99230"
"99211-H8050","real_hk_unseeded","exists","Unknown","Unknown","","Kia","H8","99211"
"99110-K0500","real_hk_unseeded","exists","Unknown","Unknown","","Hyundai/Kia","K0","99110"
"99216-F6000","real_hk_unseeded","exists","Unknown","Unknown","","Hyundai/Kia","F6","99216"
"77121-R0000","real_hk_unseeded","exists","Unknown","Unknown","","Hyundai/Kia","R0","77121"
"20920-3NA03","real_hk_unseeded","exists","Unknown","Unknown","","Hyundai/Kia","3N","20920"
"99150-R0000","real_hk_unseeded","exists","Unknown","Unknown","","Hyundai/Kia","R0","99150"
"99250-S9100","real_hk_unseeded","exists","Unknown","Unknown","","Hyundai/Kia","S9","99250"
"77121-P1000","real_hk_unseeded","exists","Unknown","Unknown","","Kia","P1","77121"
"80610-L3010","real_hk_unseeded","exists","Unknown","Unknown","","Hyundai/Kia","L3","80610"
"99241-P1250","real_hk_unseeded","exists","Unknown","Unknown","","Kia","P1","99241"
"42700-3B710","real_hk_unseeded","exists","Unknown","Unknown","","Hyundai/Kia","3B","42700"
"05203-J5530","real_hk_unseeded","exists","Unknown","Unknown","","Hyundai/Kia","J5","05203"
"80420-P1000","real_hk_unseeded","exists","Unknown","Unknown","","Kia","P1","80420"
"99241-P1200","real_hk_unseeded","exists","Unknown","Unknown","","Kia","P1","99241"
"99140-AT000","real_hk_unseeded","exists","Unknown","Unknown","","Hyundai/Kia","AT","99140"
"09149-P4000","real_hk_unseeded","exists","Unknown","Unknown","","Hyundai/Kia","P4","09149"
"20910-08S00","real_hk_unseeded","exists","Unknown","Unknown","","Hyundai/Kia","08","20910"
"11430-08221","real_hk_unseeded","exists","Unknown","Unknown","","Hyundai/Kia","08","11430"
"42951-18215","real_hk_unseeded","exists","Unknown","Unknown","","Hyundai/Kia","18","42951"
"80640-DW000","real_hk_unseeded","exists","Unknown","Unknown","","Hyundai/Kia","DW","80640"
"12490-04101","real_hk_unseeded","exists","Unknown","Unknown","","Hyundai/Kia","04","12490"
"80610-CV710","real_hk_unseeded","exists","Unknown","Unknown","","Hyundai","CV","80610"
"05203-CV300","real_hk_unseeded","exists","Unknown","Unknown","","Hyundai","CV","05203"
"99150-L3120","real_hk_unseeded","exists","Unknown","Unknown","","Hyundai/Kia","L3","99150"
"99241-J2100","real_hk_unseeded","exists","Unknown","Unknown","","Hyundai/Kia","J2","99241"
"99910-AO300","real_hk_unseeded","exists","Unknown","Unknown","","Hyundai/Kia","AO","99910"
"05203-AO300","real_hk_unseeded","exists","Unknown","Unknown","","Hyundai/Kia","AO","05203"
"09375-GI230","real_hk_unseeded","exists","Unknown","Unknown","","Hyundai/Kia","GI","09375"
"99140-P1100","real_hk_unseeded","exists","Unknown","Unknown","","Kia","P1","99140"
"99211-Q4100","real_hk_unseeded","exists","Unknown","Unknown","","Hyundai/Kia","Q4","99211"
"80620-S9500","real_hk_unseeded","exists","Unknown","Unknown","","Hyundai/Kia","S9","80620"
"20920-2TA00","real_hk_unseeded","exists","Unknown","Unknown","","Kia","2T","20920"
"99211-AT000","real_hk_unseeded","exists","Unknown","Unknown","","Hyundai/Kia","AT","99211"
"09430-C1150","real_hk_unseeded","exists","Unknown","Unknown","","Hyundai/Kia","C1","09430"
"09501-C9130","real_hk_unseeded","exists","Unknown","Unknown","","Hyundai/Kia","C9","09501"
"79490-H8000","real_hk_unseeded","exists","Unknown","Unknown","","Kia","H8","79490"
"99211-AT100","real_hk_unseeded","exists","Unknown","Unknown","","Hyundai/Kia","AT","99211"
"99230-P2000","real_hk_unseeded","exists","Unknown","Unknown","","Hyundai/Kia","P2","99230"
"99110-CH000","real_hk_unseeded","exists","Unknown","Unknown","","Hyundai/Kia","CH","99110"
"99211-P1020","real_hk_unseeded","exists","Unknown","Unknown","","Kia","P1","99211"
"20910-3CS01","real_hk_unseeded","exists","Unknown","Unknown","","Hyundai/Kia","3C","20910"
"99211-P2000","real_hk_unseeded","exists","Unknown","Unknown","","Hyundai/Kia","P2","99211"
"80310-R5000","real_hk_unseeded","exists","Unknown","Unknown","","Hyundai/Kia","R5","80310"
"09149-M6970","real_hk_unseeded","exists","Unknown","Unknown","","Hyundai/Kia","M6","09149"
"77990-P1000","real_hk_unseeded","exists","Unknown","Unknown","","Kia","P1","77990"
"99810-S9050","real_hk_unseeded","exists","Unknown","Unknown","","Hyundai/Kia","S9","99810"
"99155-L3100","real_hk_unseeded","exists","Unknown","Unknown","","Hyundai/Kia","L3","99155"
"80620-AT900","real_hk_unseeded","exists","Unknown","Unknown","","Hyundai/Kia","AT","80620"
"12298-06161","real_hk_unseeded","exists","Unknown","Unknown","","Hyundai/Kia","06","12298"
"99240-Q5700","real_hk_unseeded","exists","Unknown","Unknown","","Hyundai/Kia","Q5","99240"
"99250-R0150","real_hk_unseeded","exists","Unknown","Unknown","","Hyundai/Kia","R0","99250"
"12451-05163","real_hk_unseeded","exists","Unknown","Unknown","","Hyundai/Kia","05","12451"
"99240-J5500","real_hk_unseeded","exists","Unknown","Unknown","","Hyundai/Kia","J5","99240"
"20920-2EH12","real_hk_unseeded","exists","Unknown","Unknown","","Kia","2E","20920"
"77003-AT000","real_hk_unseeded","exists","Unknown","Unknown","","Hyundai/Kia","AT","77003"
"09147-S1000","real_hk_unseeded","exists","Unknown","Unknown","","Hyundai/Kia","S1","09147"
"42951-2B010","real_hk_unseeded","exists","Unknown","Unknown","","Hyundai/Kia","2B","42951"
"80610-P1500","real_hk_unseeded","exists","Unknown","Unknown","","Kia","P1","80610"
"80610-R5000","real_hk_unseeded","exists","Unknown","Unknown","","Hyundai/Kia","R5","80610"
"99240-Q5500","real_hk_unseeded","exists","Unknown","Unknown","","Hyundai/Kia","Q5","99240"
"80610-R5500","real_hk_unseeded","exists","Unknown","Unknown","","Hyundai/Kia","R5","80610"
"80660-P1050","real_hk_unseeded","exists","Unknown","Unknown","","Kia","P1","80660"
"77003-R5001","real_hk_unseeded","exists","Unknown","Unknown","","Hyundai/Kia","R5","77003"
"80310-Q5600","real_hk_unseeded","exists","Unknown","Unknown","","Hyundai/Kia","Q5","80310"
"05203-R5460","real_hk_unseeded","exists","Unknown","Unknown","","Hyundai/Kia","R5","05203"
"12418-05083","real_hk_unseeded","exists","Unknown","Unknown","","Hyundai/Kia","05","12418"
"79315-1Y000","real_hk_unseeded","exists","Unknown","Unknown","","Hyundai/Kia","1Y","79315"
"79390-3D400","real_hk_unseeded","exists","Unknown","Unknown","","Hyundai/Kia","3D","79390"
"99150-P1100","real_hk_unseeded","exists","Unknown","Unknown","","Kia","P1","99150"
"80620-K0500","real_hk_unseeded","exists","Unknown","Unknown","","Hyundai/Kia","K0","80620"
"80620-DW000","real_hk_unseeded","exists","Unknown","Unknown","","Hyundai/Kia","DW","80620"
"09214-L1200","real_hk_unseeded","exists","Unknown","Unknown","","Hyundai","L1","09214"
"99220-J5000","real_hk_unseeded","exists","Unknown","Unknown","","Hyundai/Kia","J5","99220"
"00018-ADUP8","real_hk_unseeded","exists","Unknown","Unknown","","Hyundai/Kia","AD","00018"
"20910-2SA02","real_hk_unseeded","exists","Unknown","Unknown","","Hyundai","2S","20910"
"99140-S9050","real_hk_unseeded","exists","Unknown","Unknown","","Hyundai/Kia","S9","99140"
"05203-S9100","real_hk_unseeded","exists","Unknown","Unknown","","Hyundai/Kia","S9","05203"
"99140-P1000","real_hk_unseeded","exists","Unknown","Unknown","","Kia","P1","99140"
"12433-04161","real_hk_unseeded","exists","Unknown","Unknown","","Hyundai/Kia","04","12433"
"99910-L3100","real_hk_unseeded","exists","Unknown","Unknown","","Hyundai/Kia","L3","99910"
"09375-GI900","real_hk_unseeded","exists","Unknown","Unknown","","Hyundai/Kia","GI","09375"
"99960-R5000","real_hk_unseeded","exists","Unknown","Unknown","","Hyundai/Kia","R5","99960"
"99241-K0500","real_hk_unseeded","exists","Unknown","Unknown","","Hyundai/Kia","K0","99241"
"05203-J5510","real_hk_unseeded","exists","Unknown","Unknown","","Hyundai/Kia","J5","05203"
"99155-M6600","real_hk_unseeded","exists","Unknown","Unknown","","Hyundai/Kia","M6","99155"
"80620-CV700","real_hk_unseeded","exists","Unknown","Unknown","","Hyundai","CV","80620"
"80610-K0500","real_hk_unseeded","exists","Unknown","Unknown","","Hyundai/Kia","K0","80610"
"99140-J5000","real_hk_unseeded","exists","Unknown","Unknown","","Hyundai/Kia","J5","99140"
"11276-06161","real_hk_unseeded","exists","Unknown","Unknown","","Hyundai/Kia","06","11276"
"99150-L3100","real_hk_unseeded","exists","Unknown","Unknown","","Hyundai/Kia","L3","99150"
"77121-CV000","real_hk_unseeded","exists","Unknown","Unknown","","Hyundai","CV","77121"
"09375-K4102","real_hk_unseeded","exists","Unknown","Unknown","","Hyundai/Kia","K4","09375"
"09314-L1100","real_hk_unseeded","exists","Unknown","Unknown","","Hyundai","L1","09314"
"15732-12003","real_hk_unseeded","exists","Unknown","Unknown","","Hyundai/Kia","12","15732"
"42951-3D410","real_hk_unseeded","exists","Unknown","Unknown","","Hyundai/Kia","3D","42951"
"80410-K0000","real_hk_unseeded","exists","Unknown","Unknown","","Hyundai/Kia","K0","80410"
"99240-K0600","real_hk_unseeded","exists","Unknown","Unknown","","Hyundai/Kia","K0","99240"
"99211-Q5200","real_hk_unseeded","exists","Unknown","Unknown","","Hyundai/Kia","Q5","99211"
"05203-CV400","real_hk_unseeded","exists","Unknown","Unknown","","Hyundai","CV","05203"
"09501-C9190","real_hk_unseeded","exists","Unknown","Unknown","","Hyundai/Kia","C9","09501"
"99910-CH330","real_hk_unseeded","exists","Unknown","Unknown","","Hyundai/Kia","CH","99910"
"42952-4G080","real_hk_unseeded","exists","Unknown","Unknown","","Hyundai/Kia","4G","42952"
"99140-L3120","real_hk_unseeded","exists","Unknown","Unknown","","Hyundai/Kia","L3","99140"
"20920-3CM00","real_hk_unseeded","exists","Unknown","Unknown","","Hyundai/Kia","3C","20920"
"77980-P1000","real_hk_unseeded","exists","Unknown","Unknown","","Kia","P1","77980"
"09474-4E300","real_hk_unseeded","exists","Unknown","Unknown","","Hyundai/Kia","4E","09474"
"20920-2SA02","real_hk_unseeded","exists","Unknown","Unknown","","Hyundai","2S","20920"
"99250-CV010","real_hk_unseeded","exists","Unknown","Unknown","","Hyundai","CV","99250"
"09430-2C100","real_hk_unseeded","exists","Unknown","Unknown","","Hyundai/Kia","2C","09430"
"99910-DW210","real_hk_unseeded","exists","Unknown","Unknown","","Hyundai/Kia","DW","99910"
"77121-DB000","real_hk_unseeded","exists","Unknown","Unknown","","Hyundai/Kia","DB","77121"
"99150-L3000","real_hk_unseeded","exists","Unknown","Unknown","","Hyundai/Kia","L3","99150"
"99145-K0500","real_hk_unseeded","exists","Unknown","Unknown","","Hyundai/Kia","K0","99145"
"99216-S9150","real_hk_unseeded","exists","Unknown","Unknown","","Hyundai/Kia","S9","99216"
"09430-G2200","real_hk_unseeded","exists","Unknown","Unknown","","Hyundai/Kia","G2","09430"
"17379-20834","real_hk_unseeded","exists","Unknown","Unknown","","Hyundai/Kia","20","17379"
"05203-R0420","real_hk_unseeded","exists","Unknown","Unknown","","Hyundai/Kia","R0","05203"
"99240-CV010","real_hk_unseeded","exists","Unknown","Unknown","","Hyundai","CV","99240"
"99240-J5000","real_hk_unseeded","exists","Unknown","Unknown","","Hyundai/Kia","J5","99240"
"99140-K0500","real_hk_unseeded","exists","Unknown","Unknown","","Hyundai/Kia","K0","99140"
"99150-CV000","real_hk_unseeded","exists","Unknown","Unknown","","Hyundai","CV","99150"
"05203-R0400","real_hk_unseeded","exists","Unknown","Unknown","","Hyundai/Kia","R0","05203"
"09149-H9060","real_hk_unseeded","exists","Unknown","Unknown","","Hyundai/Kia","H9","09149"
"77004-R5011","real_hk_unseeded","exists","Unknown","Unknown","","Hyundai/Kia","R5","77004"
"99240-R0050","real_hk_unseeded","exists","Unknown","Unknown","","Hyundai/Kia","R0","99240"
"77003-R5011","real_hk_unseeded","exists","Unknown","Unknown","","Hyundai/Kia","R5","77003"
"99150-P2000","real_hk_unseeded","exists","Unknown","Unknown","","Hyundai/Kia","P2","99150"
"17925-04200","real_hk_unseeded","exists","Unknown","Unknown","","Hyundai/Kia","04","17925"
"09527-AL300","real_hk_unseeded","exists","Unknown","Unknown","","Hyundai/Kia","AL","09527"
"99140-L3000","real_hk_unseeded","exists","Unknown","Unknown","","Hyundai/Kia","L3","99140"
"99240-P1250","real_hk_unseeded","exists","Unknown","Unknown","","Kia","P1","99240"
"20920-08S00","real_hk_unseeded","exists","Unknown","Unknown","","Hyundai/Kia","08","20920"
"99216-P2000","real_hk_unseeded","exists","Unknown","Unknown","","Hyundai/Kia","P2","99216"
"77980-L2000","real_hk_unseeded","exists","Unknown","Unknown","","Kia","L2","77980"
"12291-05123","real_hk_unseeded","exists","Unknown","Unknown","","Hyundai/Kia","05","12291"
"99220-CV010","real_hk_unseeded","exists","Unknown","Unknown","","Hyundai","CV","99220"
"09149-N9000","real_hk_unseeded","exists","Unknown","Unknown","","Hyundai","N9","09149"
"77121-L2000","real_hk_unseeded","exists","Unknown","Unknown","","Kia","L2","77121"
"10144-06203","real_hk_unseeded","exists","Unknown","Unknown","","Hyundai/Kia","06","10144"
"20910-2SH02","real_hk_unseeded","exists","Unknown","Unknown","","Hyundai","2S","20910"
"99120-CV100","real_hk_unseeded","exists","Unknown","Unknown","","Hyundai","CV","99120"
"05203-R5410","real_hk_unseeded","exists","Unknown","Unknown","","Hyundai/Kia","R5","05203"
"99240-P1200","real_hk_unseeded","exists","Unknown","Unknown","","Kia","P1","99240"
"05203-H9210","real_hk_unseeded","exists","Unknown","Unknown","","Hyundai/Kia","H9","05203"
"80610-P1550","real_hk_unseeded","exists","Unknown","Unknown","","Kia","P1","80610"
"99240-L3000","real_hk_unseeded","exists","Unknown","Unknown","","Hyundai/Kia","L3","99240"
"12492-04089","real_hk_unseeded","exists","Unknown","Unknown","","Hyundai/Kia","04","12492"
"09474-4E100","real_hk_unseeded","exists","Unknown","Unknown","","Hyundai/Kia","4E","09474"
"99147-J6000","real_hk_unseeded","exists","Unknown","Unknown","","Hyundai/Kia","J6","99147"
"77111-R0000","real_hk_unseeded","exists","Unknown","Unknown","","Hyundai/Kia","R0","77111"
"09110-J5000","real_hk_unseeded","exists","Unknown","Unknown","","Hyundai/Kia","J5","09110"
"77920-T1000","real_hk_unseeded","exists","Unknown","Unknown","","Hyundai/Kia","T1","77920"
"80410-R0500","real_hk_unseeded","exists","Unknown","Unknown","","Hyundai/Kia","R0","80410"
"99140-Q5500","real_hk_unseeded","exists","Unknown","Unknown","","Hyundai/Kia","Q5","99140"
"14168-0802B","real_hk_unseeded","exists","Unknown","Unknown","","Hyundai/Kia","08","14168"
"42952-2N050","real_hk_unseeded","exists","Unknown","Unknown","","Hyundai/Kia","2N","42952"
"80610-AT950","real_hk_unseeded","exists","Unknown","Unknown","","Hyundai/Kia","AT","80610"
"77990-CV000","real_hk_unseeded","exists","Unknown","Unknown","","Hyundai","CV","77990"
"05203-AT220","real_hk_unseeded","exists","Unknown","Unknown","","Hyundai/Kia","AT","05203"
"79230-F6000","real_hk_unseeded","exists","Unknown","Unknown","","Hyundai/Kia","F6","79230"
"42700-2N000","real_hk_unseeded","exists","Unknown","Unknown","","Hyundai/Kia","2N","42700"
"99120-AO000","real_hk_unseeded","exists","Unknown","Unknown","","Hyundai/Kia","AO","99120"
"99240-F6500","real_hk_unseeded","exists","Unknown","Unknown","","Hyundai/Kia","F6","99240"
"99240-L3500","real_hk_unseeded","exists","Unknown","Unknown","","Hyundai/Kia","L3","99240"
"09130-CV000","real_hk_unseeded","exists","Unknown","Unknown","","Hyundai","CV","09130"
"80620-L3010","real_hk_unseeded","exists","Unknown","Unknown","","Hyundai/Kia","L3","80620"
"99240-AT300","real_hk_unseeded","exists","Unknown","Unknown","","Hyundai/Kia","AT","99240"
"99250-S9600","real_hk_unseeded","exists","Unknown","Unknown","","Hyundai/Kia","S9","99250"
"79390-H8000","real_hk_unseeded","exists","Unknown","Unknown","","Kia","H8","79390"
"09214-L1100","real_hk_unseeded","exists","Unknown","Unknown","","Hyundai","L1","09214"
"05203-P1430","real_hk_unseeded","exists","Unknown","Unknown","","Kia","P1","05203"
"42952-2D040","real_hk_unseeded","exists","Unknown","Unknown","","Hyundai/Kia","2D","42952"
"09501-C9100","real_hk_unseeded","exists","Unknown","Unknown","","Hyundai/Kia","C9","09501"
"09430-2C800","real_hk_unseeded","exists","Unknown","Unknown","","Hyundai/Kia","2C","09430"
"99140-R0010","real_hk_unseeded","exists","Unknown","Unknown","","Hyundai/Kia","R0","99140"
"80420-R0500","real_hk_unseeded","exists","Unknown","Unknown","","Hyundai/Kia","R0","80420"
"99220-P1100","real_hk_unseeded","exists","Unknown","Unknown","","Kia","P1","99220"
"80100-K0600","real_hk_unseeded","exists","Unknown","Unknown","","Hyundai/Kia","K0","80100"
"79210-H9000","real_hk_unseeded","exists","Unknown","Unknown","","Hyundai/Kia","H9","79210"
"99210-CV000","real_hk_unseeded","exists","Unknown","Unknown","","Hyundai","CV","99210"
"05203-DW420","real_hk_unseeded","exists","Unknown","Unknown","","Hyundai/Kia","DW","05203"
"09501-C9230","real_hk_unseeded","exists","Unknown","Unknown","","Hyundai/Kia","C9","09501"
"99240-CV510","real_hk_unseeded","exists","Unknown","Unknown","","Hyundai","CV","99240"
"42620-4G601","real_hk_unseeded","exists","Unknown","Unknown","","Hyundai/Kia","4G","42620"
"77925-T1000","real_hk_unseeded","exists","Unknown","Unknown","","Hyundai/Kia","T1","77925"
"99157-J6000","real_hk_unseeded","exists","Unknown","Unknown","","Hyundai/Kia","J6","99157"
"77523-K0000","real_hk_unseeded","exists","Unknown","Unknown","","Hyundai/Kia","K0","77523"
"77980-AT000","real_hk_unseeded","exists","Unknown","Unknown","","Hyundai/Kia","AT","77980"
"11408-08181","real_hk_unseeded","exists","Unknown","Unknown","","Hyundai/Kia","08","11408"
"09130-CH000","real_hk_unseeded","exists","Unknown","Unknown","","Hyundai/Kia","CH","09130"
"99220-R0050","real_hk_unseeded","exists","Unknown","Unknown","","Hyundai/Kia","R0","99220"
"05203-R5220","real_hk_unseeded","exists","Unknown","Unknown","","Hyundai/Kia","R5","05203"
"99211-H8010","real_hk_unseeded","exists","Unknown","Unknown","","Kia","H8","99211"
"99211-P1010","real_hk_unseeded","exists","Unknown","Unknown","","Kia","P1","99211"
"00144-ADU01","real_hk_unseeded","exists","Unknown","Unknown","","Hyundai/Kia","AD","00144"
"80420-CV000","real_hk_unseeded","exists","Unknown","Unknown","","Hyundai","CV","80420"
"99240-F6010","real_hk_unseeded","exists","Unknown","Unknown","","Hyundai/Kia","F6","99240"
"99110-P4000","real_hk_unseeded","exists","Unknown","Unknown","","Hyundai/Kia","P4","99110"
"00344-ADU01","real_hk_unseeded","exists","Unknown","Unknown","","Hyundai/Kia","AD","00344"
"09375-GI700","real_hk_unseeded","exists","Unknown","Unknown","","Hyundai/Kia","GI","09375"
"09430-C1230","real_hk_unseeded","exists","Unknown","Unknown","","Hyundai/Kia","C1","09430"
"09127-4D100","real_hk_unseeded","exists","Unknown","Unknown","","Kia","4D","09127"
"77004-CV000","real_hk_unseeded","exists","Unknown","Unknown","","Hyundai","CV","77004"
"99130-AO000","real_hk_unseeded","exists","Unknown","Unknown","","Hyundai/Kia","AO","99130"
"99910-R5100","real_hk_unseeded","exists","Unknown","Unknown","","Hyundai/Kia","R5","99910"
"77111-L2000","real_hk_unseeded","exists","Unknown","Unknown","","Kia","L2","77111"
"99211-J5000","real_hk_unseeded","exists","Unknown","Unknown","","Hyundai/Kia","J5","99211"
"80420-K0000","real_hk_unseeded","exists","Unknown","Unknown","","Hyundai/Kia","K0","80420"
"99246-CV000","real_hk_unseeded","exists","Unknown","Unknown","","Hyundai","CV","99246"
"77003-H9100","real_hk_unseeded","exists","Unknown","Unknown","","Hyundai/Kia","H9","77003"
"99110-P2000","real_hk_unseeded","exists","Unknown","Unknown","","Hyundai/Kia","P2","99110"
"99216-K0500","real_hk_unseeded","exists","Unknown","Unknown","","Hyundai/Kia","K0","99216"
"99250-CV020","real_hk_unseeded","exists","Unknown","Unknown","","Hyundai","CV","99250"
"15716-17121","real_hk_unseeded","exists","Unknown","Unknown","","Hyundai/Kia","17","15716"
"05203-M7560","real_hk_unseeded","exists","Unknown","Unknown","","Hyundai/Kia","M7","05203"
"99150-CV100","real_hk_unseeded","exists","Unknown","Unknown","","Hyundai","CV","99150"
"05203-AT320","real_hk_unseeded","exists","Unknown","Unknown","","Hyundai/Kia","AT","05203"
"77004-H9100","real_hk_unseeded","exists","Unknown","Unknown","","Hyundai/Kia","H9","77004"
"09351-C3700","real_hk_unseeded","exists","Unknown","Unknown","","Hyundai/Kia","C3","09351"
"99810-AO000","real_hk_unseeded","exists","Unknown","Unknown","","Hyundai/Kia","AO","99810"
"99230-F6500","real_hk_unseeded","exists","Unknown","Unknown","","Hyundai/Kia","F6","99230"
"09200-L1200","real_hk_unseeded","exists","Unknown","Unknown","","Hyundai","L1","09200"
"77915-T1000","real_hk_unseeded","exists","Unknown","Unknown","","Hyundai/Kia","T1","77915"
"80620-P1000","real_hk_unseeded","exists","Unknown","Unknown","","Kia","P1","80620"
"09127-H8000","real_hk_unseeded","exists","Unknown","Unknown","","Kia","H8","09127"
"05203-J5620","real_hk_unseeded","exists","Unknown","Unknown","","Hyundai/Kia","J5","05203"
"42910-4G500","real_hk_unseeded","exists","Unknown","Unknown","","Hyundai/Kia","4G","42910"
"79283-H9010","real_hk_unseeded","exists","Unknown","Unknown","","Hyundai/Kia","H9","79283"
"99145-M6600","real_hk_unseeded","exists","Unknown","Unknown","","Hyundai/Kia","M6","99145"
"99150-P2110","real_hk_unseeded","exists","Unknown","Unknown","","Hyundai/Kia","P2","99150"
"99120-AO100","real_hk_unseeded","exists","Unknown","Unknown","","Hyundai/Kia","AO","99120"
"99150-R0010","real_hk_unseeded","exists","Unknown","Unknown","","Hyundai/Kia","R0","99150"
"09149-F6900","real_hk_unseeded","exists","Unknown","Unknown","","Hyundai/Kia","F6","09149"
"99120-S9050","real_hk_unseeded","exists","Unknown","Unknown","","Hyundai/Kia","S9","99120"
"99220-L2000","real_hk_unseeded","exists","Unknown","Unknown","","Kia","L2","99220"
"80100-Q5600","real_hk_unseeded","exists","Unknown","Unknown","","Hyundai/Kia","Q5","80100"
"80640-S9000","real_hk_unseeded","exists","Unknown","Unknown","","Hyundai/Kia","S9","80640"
"99910-DW100","real_hk_unseeded","exists","Unknown","Unknown","","Hyundai/Kia","DW","99910"
"80702-J6000","real_hk_unseeded","exists","Unknown","Unknown","","Hyundai/Kia","J6","80702"
"20920-2GL01","real_hk_unseeded","exists","Unknown","Unknown","","Kia","2G","20920"
"09231-93100","real_hk_unseeded","exists","Unknown","Unknown","","Hyundai/Kia","93","09231"
"80610-P1050","real_hk_unseeded","exists","Unknown","Unknown","","Kia","P1","80610"
"99220-P2000","real_hk_unseeded","exists","Unknown","Unknown","","Hyundai/Kia","P2","99220"
"42951-4G190","real_hk_unseeded","exists","Unknown","Unknown","","Hyundai/Kia","4G","42951"
"99216-J5000","real_hk_unseeded","exists","Unknown","Unknown","","Hyundai/Kia","J5","99216"
"99240-P2100","real_hk_unseeded","exists","Unknown","Unknown","","Hyundai/Kia","P2","99240"
"09110-P2000","real_hk_unseeded","exists","Unknown","Unknown","","Hyundai/Kia","P2","09110"
"17925-04014","real_hk_unseeded","exists","Unknown","Unknown","","Hyundai/Kia","04","17925"
"77513-K0000","real_hk_unseeded","exists","Unknown","Unknown","","Hyundai/Kia","K0","77513"
"99150-J5000","real_hk_unseeded","exists","Unknown","Unknown","","Hyundai/Kia","J5","99150"
"09171-R0000","real_hk_unseeded","exists","Unknown","Unknown","","Hyundai/Kia","R0","09171"
"79220-D6000","real_hk_unseeded","exists","Unknown","Unknown","","Hyundai/Kia","D6","79220"
"14303-04100","real_hk_unseeded","exists","Unknown","Unknown","","Hyundai/Kia","04","14303"
"99110-L2100","real_hk_unseeded","exists","Unknown","Unknown","","Kia","L2","99110"
"12493-05169","real_hk_unseeded","exists","Unknown","Unknown","","Hyundai/Kia","05","12493"
"05203-P1400","real_hk_unseeded","exists","Unknown","Unknown","","Kia","P1","05203"
"99910-CV070","real_hk_unseeded","exists","Unknown","Unknown","","Hyundai","CV","99910"
"99110-J5600","real_hk_unseeded","exists","Unknown","Unknown","","Hyundai/Kia","J5","99110"
"99211-K0100","real_hk_unseeded","exists","Unknown","Unknown","","Hyundai/Kia","K0","99211"
"99211-Q4500","real_hk_unseeded","exists","Unknown","Unknown","","Hyundai/Kia","Q4","99211"
"09149-P4100","real_hk_unseeded","exists","Unknown","Unknown","","Hyundai/Kia","P4","09149"
"80410-DW000","real_hk_unseeded","exists","Unknown","Unknown","","Hyundai/Kia","DW","80410"
"00018-ADU80","real_hk_unseeded","exists","Unknown","Unknown","","Hyundai/Kia","AD","00018"
"09365-G8100","real_hk_unseeded","exists","Unknown","Unknown","","Hyundai/Kia","G8","09365"
"09375-CN300","real_hk_unseeded","exists","Unknown","Unknown","","Hyundai/Kia","CN","09375"
"11685-06883","real_hk_unseeded","exists","Unknown","Unknown","","Hyundai/Kia","06","11685"
"99211-P1030","real_hk_unseeded","exists","Unknown","Unknown","","Kia","P1","99211"
"99230-P1100","real_hk_unseeded","exists","Unknown","Unknown","","Kia","P1","99230"
"77910-T1000","real_hk_unseeded","exists","Unknown","Unknown","","Hyundai/Kia","T1","77910"
"99150-K0600","real_hk_unseeded","exists","Unknown","Unknown","","Hyundai/Kia","K0","99150"
"99140-P2100","real_hk_unseeded","exists","Unknown","Unknown","","Hyundai/Kia","P2","99140"
"99211-J5500","real_hk_unseeded","exists","Unknown","Unknown","","Hyundai/Kia","J5","99211"
"11403-10203","real_hk_unseeded","exists","Unknown","Unknown","","Hyundai/Kia","10","11403"
"09430-A5200","real_hk_unseeded","exists","Unknown","Unknown","","Hyundai","A5","09430"
"09527-AL400","real_hk_unseeded","exists","Unknown","Unknown","","Hyundai/Kia","AL","09527"
"09149-L0950","real_hk_unseeded","exists","Unknown","Unknown","","Hyundai/Kia","L0","09149"
"77990-P2000","real_hk_unseeded","exists","Unknown","Unknown","","Hyundai/Kia","P2","77990"
"09430-C1130","real_hk_unseeded","exists","Unknown","Unknown","","Hyundai/Kia","C1","09430"
"30112-B1923","plausible_hk","not_hk_format","Drivetrain","Propeller Shaft","","Hyundai/Kia","B1","30112"
"97874-C2482","plausible_hk","not_hk_format","HVAC","Air Conditioning & Heating","","Hyundai/Kia","C2","97874"
"92225-D3009","plausible_hk","not_hk_format","Electrical","Fog Light","","Hyundai/Kia","D3","92225"
"51178-P1366","plausible_hk","not_hk_format","Suspension","Front Axle","","Hyundai/Kia","P1","51178"
"49133-C6202","plausible_hk","not_hk_format","Drivetrain","Transfer Case / 4WD","","Hyundai/Kia","C6","49133"
"90032-26317","plausible_hk","not_hk_format","Unknown","Unknown","","Hyundai/Kia","26","90032"
"41584-1G295","plausible_hk","not_hk_format","Drivetrain","Clutch","","Hyundai/Kia","1G","41584"
"82571-1W408","plausible_hk","not_hk_format","Body","Glass / Windshield","","Hyundai/Kia","1W","82571"
"70142-G9519","plausible_hk","not_hk_format","Body","Tailgate / Liftgate","","Hyundai/Kia","G9","70142"
"64821-F2634","plausible_hk","not_hk_format","Body","Front Body / Hood","","Hyundai/Kia","F2","64821"
"10312-E4217","plausible_hk","not_hk_format","Unknown","Unknown","","Hyundai/Kia","E4","10312"
"86378-CV757","plausible_hk","not_hk_format","Body","Mirrors","","Hyundai/Kia","CV","86378"
"92953-CV595","plausible_hk","not_hk_format","Electrical","Lighting - Headlights","","Hyundai/Kia","CV","92953"
"63287-2S104","plausible_hk","not_hk_format","Body","Rear Structure","","Hyundai/Kia","2S","63287"
"92981-A9075","plausible_hk","not_hk_format","Electrical","Lighting - Headlights","","Hyundai/Kia","A9","92981"
"66779-P1799","plausible_hk","not_hk_format","Body","Rear Body / Trunk","","Hyundai/Kia","P1","66779"
"74976-A9098","plausible_hk","not_hk_format","Body","Back Door / Hatch","","Hyundai/Kia","A9","74976"
"20389-1G952","plausible_hk","not_hk_format","Unknown","Unknown","","Hyundai/Kia","1G","20389"
"67033-A9679","plausible_hk","not_hk_format","Body","Floor & Underbody","","Hyundai/Kia","A9","67033"
"70226-1R422","plausible_hk","not_hk_format","Body","Tailgate / Liftgate","","Hyundai/Kia","1R","70226"
"54525-N9751","plausible_hk","not_hk_format","Suspension","Front Suspension","","Hyundai/Kia","N9","54525"
"57054-H8695","plausible_hk","not_hk_format","Suspension","Wheel & Hub","","Hyundai/Kia","H8","57054"
"10813-26029","plausible_hk","not_hk_format","Unknown","Unknown","","Hyundai/Kia","26","10813"
"21145-3E271","plausible_hk","not_hk_format","Engine","Cylinder Block","","Hyundai/Kia","3E","21145"
"53178-A9562","plausible_hk","not_hk_format","Suspension","Power Steering","","Hyundai/Kia","A9","53178"
"37362-4H323","plausible_hk","not_hk_format","Electrical","Alternator","","Hyundai/Kia","4H","37362"
"28779-P1466","plausible_hk","not_hk_format","Exhaust","Exhaust Manifold","","Hyundai/Kia","P1","28779"
"40180-3X212","plausible_hk","not_hk_format","Unknown","Unknown","","Hyundai/Kia","3X","40180"
"85873-1W153","plausible_hk","not_hk_format","Interior","Seats","","Hyundai/Kia","1W","85873"
"27888-2U637","plausible_hk","not_hk_format","Engine","EGR & Emissions","","Hyundai/Kia","2U","27888"
"65795-3E076","plausible_hk","not_hk_format","Body","Fender & Side Body","","Hyundai/Kia","3E","65795"
"76919-2S505","plausible_hk","not_hk_format","Body","Window Regulator","","Hyundai/Kia","2S","76919"
"23430-C6637","plausible_hk","not_hk_format","Engine","Cylinder Head & Valvetrain","","Hyundai/Kia","C6","23430"
"37067-B1846","plausible_hk","not_hk_format","Electrical","Ignition System","","Hyundai/Kia","B1","37067"
"96145-2E278","plausible_hk","not_hk_format","Electrical","Battery","","Hyundai/Kia","2E","96145"
"62534-C6712","plausible_hk","not_hk_format","Body","Front Structure","","Hyundai/Kia","C6","62534"
"90286-D3369","plausible_hk","not_hk_format","Unknown","Unknown","","Hyundai/Kia","D3","90286"
"48974-B2317","plausible_hk","not_hk_format","Drivetrain","Transaxle","","Hyundai/Kia","B2","48974"
"58294-2G168","plausible_hk","not_hk_format","Brakes","Front Brake Caliper","","Hyundai/Kia","2G","58294"
"23737-G9234","plausible_hk","not_hk_format","Engine","Cylinder Head & Valvetrain","","Hyundai/Kia","G9","23737"
"81429-2W434","plausible_hk","not_hk_format","Body","Weatherstrip & Seal","","Hyundai/Kia","2W","81429"
"36630-C2228","plausible_hk","not_hk_format","Electrical","Starter & Charging","","Hyundai/Kia","C2","36630"
"15862-2U516","plausible_hk","not_hk_format","Unknown","Unknown","","Hyundai/Kia","2U","15862"
"39373-A6679","plausible_hk","not_hk_format","Electrical","Sensors & Control","","Hyundai/Kia","A6","39373"
"18156-2G646","plausible_hk","not_hk_format","Engine","Ignition System","","Hyundai/Kia","2G","18156"
"76953-A6461","plausible_hk","not_hk_format","Body","Window Regulator","","Hyundai/Kia","A6","76953"
"73858-4D889","plausible_hk","not_hk_format","Body","Rear Door","","Hyundai/Kia","4D","73858"
"96086-N9376","plausible_hk","not_hk_format","Electrical","Battery & Charging","","Hyundai/Kia","N9","96086"
"62260-1M629","plausible_hk","not_hk_format","Body","Front Structure","","Hyundai/Kia","1M","62260"
"12700-L2044","plausible_hk","not_hk_format","Unknown","Unknown","","Hyundai/Kia","L2","12700"
"44622-D3959","plausible_hk","not_hk_format","Transmission","Transmission Control","","Hyundai/Kia","D3","44622"
"29856-C5133","plausible_hk","not_hk_format","Engine","Turbo / Supercharger","","Hyundai/Kia","C5","29856"
"47947-P1626","plausible_hk","not_hk_format","Drivetrain","Transfer Case","","Hyundai/Kia","P1","47947"
"55727-1G038","plausible_hk","not_hk_format","Suspension","Rear Suspension","","Hyundai/Kia","1G","55727"
"36369-A6566","plausible_hk","not_hk_format","Electrical","Starter & Charging","","Hyundai/Kia","A6","36369"
"48057-3S709","plausible_hk","not_hk_format","Drivetrain","Transaxle","","Hyundai/Kia","3S","48057"
"13206-3W668","plausible_hk","not_hk_format","Unknown","Unknown","","Hyundai/Kia","3W","13206"
"57870-2U466","plausible_hk","not_hk_format","Suspension","Wheel & Hub","","Hyundai/Kia","2U","57870"
"60399-2W629","plausible_hk","not_hk_format","Body","Frame & Cross Members","","Hyundai/Kia","2W","60399"
"33247-1G904","plausible_hk","not_hk_format","Drivetrain","Rear Axle & Differential","","Hyundai/Kia","1G","33247"
"71222-N9569","plausible_hk","not_hk_format","Body","Bumper","","Hyundai/Kia","N9","71222"
"31401-2E505","plausible_hk","not_hk_format","Drivetrain","Front Differential","","Hyundai/Kia","2E","31401"
"14418-L2548","plausible_hk","not_hk_format","Unknown","Unknown","","Hyundai/Kia","L2","14418"
"60700-3W938","plausible_hk","not_hk_format","Body","Frame & Cross Members","","Hyundai/Kia","3W","60700"
"91891-1R529","plausible_hk","not_hk_format","Electrical","Wiring Harness","","Hyundai/Kia","1R","91891"
"44162-2G668","plausible_hk","not_hk_format","Transmission","Transmission Control","","Hyundai/Kia","2G","44162"
"68330-B1445","plausible_hk","not_hk_format","Body","Roof Panel","","Hyundai/Kia","B1","68330"
"53007-2T012","plausible_hk","not_hk_format","Suspension","Power Steering","","Hyundai/Kia","2T","53007"
"96230-A7345","plausible_hk","not_hk_format","Electrical","Battery & Charging","","Hyundai/Kia","A7","96230"
"39327-1R243","plausible_hk","not_hk_format","Electrical","Sensors & Control","","Hyundai/Kia","1R","39327"
"48409-2T585","plausible_hk","not_hk_format","Drivetrain","Transaxle","","Hyundai/Kia","2T","48409"
"87167-2T659","plausible_hk","not_hk_format","Body","Mouldings & Trim","","Hyundai/Kia","2T","87167"
"71789-2T263","plausible_hk","not_hk_format","Body","Bumper","","Hyundai/Kia","2T","71789"
"51501-2U725","plausible_hk","not_hk_format","Suspension","Front Axle","","Hyundai/Kia","2U","51501"
"40112-2U275","plausible_hk","not_hk_format","Unknown","Unknown","","Hyundai/Kia","2U","40112"
"11829-A9470","plausible_hk","not_hk_format","Unknown","Unknown","","Hyundai/Kia","A9","11829"
"24591-D9555","plausible_hk","not_hk_format","Engine","Intake & Exhaust Manifold","","Hyundai/Kia","D9","24591"
"70059-A9823","plausible_hk","not_hk_format","Body","Tailgate / Liftgate","","Hyundai/Kia","A9","70059"
"17915-3S298","plausible_hk","not_hk_format","Unknown","Unknown","","Hyundai/Kia","3S","17915"
"11155-2U083","plausible_hk","not_hk_format","Unknown","Unknown","","Hyundai/Kia","2U","11155"
"28838-1R457","plausible_hk","not_hk_format","Cooling","Cooling System","","Hyundai/Kia","1R","28838"
"24118-A9735","plausible_hk","not_hk_format","Engine","Intake & Exhaust Manifold","","Hyundai/Kia","A9","24118"
"19020-26663","plausible_hk","not_hk_format","Unknown","Unknown","","Hyundai/Kia","26","19020"
"83336-L2298","plausible_hk","not_hk_format","Body","Sunroof","","Hyundai/Kia","L2","83336"
"15034-B2800","plausible_hk","not_hk_format","Unknown","Unknown","","Hyundai/Kia","B2","15034"
"98395-D3047","plausible_hk","not_hk_format","Maintenance","Wiper Blades","","Hyundai/Kia","D3","98395"
"16742-3S169","plausible_hk","not_hk_format","Unknown","Unknown","","Hyundai/Kia","3S","16742"
"40743-1W273","plausible_hk","not_hk_format","Unknown","Unknown","","Hyundai/Kia","1W","40743"
"48888-A5904","plausible_hk","not_hk_format","Drivetrain","Transaxle","","Hyundai/Kia","A5","48888"
"18155-2E035","plausible_hk","not_hk_format","Engine","Ignition System","","Hyundai/Kia","2E","18155"
"33105-3E856","plausible_hk","not_hk_format","Drivetrain","Rear Axle & Differential","","Hyundai/Kia","3E","33105"
"70028-2E141","plausible_hk","not_hk_format","Body","Tailgate / Liftgate","","Hyundai/Kia","2E","70028"
"99679-3X052","plausible_hk","not_hk_format","Unknown","Unknown","","Hyundai/Kia","3X","99679"
"83764-D9694","plausible_hk","not_hk_format","Body","Sunroof","","Hyundai/Kia","D9","83764"
"38938-2E257","plausible_hk","not_hk_format","Engine","Engine Control Unit (ECU)","","Hyundai/Kia","2E","38938"
"68304-F2941","plausible_hk","not_hk_format","Body","Roof Panel","","Hyundai/Kia","F2","68304"
"16325-4D138","plausible_hk","not_hk_format","Unknown","Unknown","","Hyundai/Kia","4D","16325"
"70300-A6909","plausible_hk","not_hk_format","Body","Tailgate / Liftgate","","Hyundai/Kia","A6","70300"
"28489-3E260","plausible_hk","not_hk_format","Engine","Water Pump","","Hyundai/Kia","3E","28489"
"71173-4H249","plausible_hk","not_hk_format","Body","Bumper","","Hyundai/Kia","4H","71173"
"25391-4H442","plausible_hk","not_hk_format","Engine","Fuel Injector","","Hyundai/Kia","4H","25391"
"86487-L2855","plausible_hk","not_hk_format","Body","Mirrors","","Hyundai/Kia","L2","86487"
"88753-2G851","plausible_hk","not_hk_format","Interior","Instrument Panel / Dashboard","","Hyundai/Kia","2G","88753"
"64303-3E929","plausible_hk","not_hk_format","Body","Front Body / Hood","","Hyundai/Kia","3E","64303"
"62331-2H606","plausible_hk","not_hk_format","Body","Front Structure","","Hyundai/Kia","2H","62331"
"28579-C2564","plausible_hk","not_hk_format","Cooling","Coolant Hose","","Hyundai/Kia","C2","28579"
"35339-26107","plausible_hk","not_hk_format","Drivetrain","Drive Shaft / CV Joint","","Hyundai/Kia","26","35339"
"27158-B2670","plausible_hk","not_hk_format","Engine","EGR & Emissions","","Hyundai/Kia","B2","27158"
"41095-2S890","plausible_hk","not_hk_format","Drivetrain","Clutch","","Hyundai/Kia","2S","41095"
"25027-CV161","plausible_hk","not_hk_format","Engine","Fuel System","","Hyundai/Kia","CV","25027"
"65315-N9102","plausible_hk","not_hk_format","Body","Fender & Side Body","","Hyundai/Kia","N9","65315"
"22111-A6084","plausible_hk","not_hk_format","Engine","Engine Mounting","","Hyundai/Kia","A6","22111"
"95487-1M744","plausible_hk","not_hk_format","Electrical","Sensors & Modules","","Hyundai/Kia","1M","95487"
"86030-2H350","plausible_hk","not_hk_format","Body","Mirrors","","Hyundai/Kia","2H","86030"
"86618-2E889","plausible_hk","not_hk_format","Body","Mirrors","","Hyundai/Kia","2E","86618"
"56774-H5111","plausible_hk","not_hk_format","Suspension","Steering Column & Gear","","Hyundai/Kia","H5","56774"
"22585-3S038","plausible_hk","not_hk_format","Engine","Engine Mounting","","Hyundai/Kia","3S","22585"
"28609-L2875","plausible_hk","not_hk_format","Exhaust","Exhaust System","","Hyundai/Kia","L2","28609"
"14171-D9553","plausible_hk","not_hk_format","Unknown","Unknown","","Hyundai/Kia","D9","14171"
"84022-A6030","plausible_hk","not_hk_format","Interior","Interior Trim","","Hyundai/Kia","A6","84022"
"42676-2W556","plausible_hk","not_hk_format","Unknown","Unknown","","Hyundai/Kia","2W","42676"
"82317-3E931","plausible_hk","not_hk_format","Body","Glass / Windshield","","Hyundai/Kia","3E","82317"
"95377-1M158","plausible_hk","not_hk_format","Electrical","Sensors & Modules","","Hyundai/Kia","1M","95377"
"95453-B1456","plausible_hk","not_hk_format","Electrical","Sensors & Modules","","Hyundai/Kia","B1","95453"
"13523-C2754","plausible_hk","not_hk_format","Unknown","Unknown","","Hyundai/Kia","C2","13523"
"88799-L1743","plausible_hk","not_hk_format","Interior","Instrument Panel / Dashboard","","Hyundai/Kia","L1","88799"
"99599-A7086","plausible_hk","not_hk_format","Unknown","Unknown","","Hyundai/Kia","A7","99599"
"18098-1M444","plausible_hk","not_hk_format","Engine","Ignition System","","Hyundai/Kia","1M","18098"
"83108-3E760","plausible_hk","not_hk_format","Body","Sunroof","","Hyundai/Kia","3E","83108"
"25792-3S251","plausible_hk","not_hk_format","Engine","Fuel System","","Hyundai/Kia","3S","25792"
"25827-H5214","plausible_hk","not_hk_format","Engine","Fuel System","","Hyundai/Kia","H5","25827"
"36310-D3613","plausible_hk","not_hk_format","Electrical","Starter & Charging","","Hyundai/Kia","D3","36310"
"66230-A6557","plausible_hk","not_hk_format","Body","Rear Body / Trunk","","Hyundai/Kia","A6","66230"
"54447-4H124","plausible_hk","not_hk_format","Suspension","Front Suspension","","Hyundai/Kia","4H","54447"
"71053-3S406","plausible_hk","not_hk_format","Body","Bumper","","Hyundai/Kia","3S","71053"
"93728-CV150","plausible_hk","not_hk_format","Electrical","Lighting - Interior","","Hyundai/Kia","CV","93728"
"10308-E4835","plausible_hk","not_hk_format","Unknown","Unknown","","Hyundai/Kia","E4","10308"
"41006-3S251","plausible_hk","not_hk_format","Drivetrain","Clutch","","Hyundai/Kia","3S","41006"
"68665-N9177","plausible_hk","not_hk_format","Body","Roof Panel","","Hyundai/Kia","N9","68665"
"23809-A7108","plausible_hk","not_hk_format","Engine","Cylinder Head & Valvetrain","","Hyundai/Kia","A7","23809"
"26981-4H612","plausible_hk","not_hk_format","Engine","Oil System / Filters","","Hyundai/Kia","4H","26981"
"67755-3X938","plausible_hk","not_hk_format","Body","Floor & Underbody","","Hyundai/Kia","3X","67755"
"69011-D3152","plausible_hk","not_hk_format","Body","Quarter Panel","","Hyundai/Kia","D3","69011"
"96194-2E952","plausible_hk","not_hk_format","Electrical","Battery","","Hyundai/Kia","2E","96194"
"58220-C5042","plausible_hk","not_hk_format","Brakes","Front Brake Caliper","","Hyundai/Kia","C5","58220"
"61076-D9602","plausible_hk","not_hk_format","Body","Sub-Frame","","Hyundai/Kia","D9","61076"
"29138-26332","plausible_hk","not_hk_format","Engine","Turbo / Supercharger","","Hyundai/Kia","26","29138"
"85462-D9227","plausible_hk","not_hk_format","Interior","Seats","","Hyundai/Kia","D9","85462"
"65333-CV494","plausible_hk","not_hk_format","Body","Fender & Side Body","","Hyundai/Kia","CV","65333"
"50136-1R379","plausible_hk","not_hk_format","Unknown","Unknown","","Hyundai/Kia","1R","50136"
"93082-D3630","plausible_hk","not_hk_format","Electrical","Lighting - Interior","","Hyundai/Kia","D3","93082"
"64098-2E451","plausible_hk","not_hk_format","Body","Front Body / Hood","","Hyundai/Kia","2E","64098"
"37557-N9506","plausible_hk","not_hk_format","Electrical","Ignition System","","Hyundai/Kia","N9","37557"
"75371-1G025","plausible_hk","not_hk_format","Body","Door Lock & Handle","","Hyundai/Kia","1G","75371"
"33188-C5092","plausible_hk","not_hk_format","Drivetrain","Rear Axle & Differential","","Hyundai/Kia","C5","33188"
"12561-3X442","plausible_hk","not_hk_format","Unknown","Unknown","","Hyundai/Kia","3X","12561"
"42204-F2447","plausible_hk","not_hk_format","Unknown","Unknown","","Hyundai/Kia","F2","42204"
"57375-H8000","plausible_hk","not_hk_format","Suspension","Wheel & Hub","","Hyundai/Kia","H8","57375"
"96477-3W906","plausible_hk","not_hk_format","Electrical","Battery & Charging","","Hyundai/Kia","3W","96477"
"14459-3E101","plausible_hk","not_hk_format","Unknown","Unknown","","Hyundai/Kia","3E","14459"
"25068-P1503","plausible_hk","not_hk_format","Engine","Fuel System","","Hyundai/Kia","P1","25068"
"64730-H8654","plausible_hk","not_hk_format","Body","Front Body / Hood","","Hyundai/Kia","H8","64730"
"85685-P1953","plausible_hk","not_hk_format","Interior","Seats","","Hyundai/Kia","P1","85685"
"94429-3E963","plausible_hk","not_hk_format","Electrical","Audio & Display","","Hyundai/Kia","3E","94429"
"94686-G9727","plausible_hk","not_hk_format","Electrical","Audio & Display","","Hyundai/Kia","G9","94686"
"99076-B2871","plausible_hk","not_hk_format","Unknown","Unknown","","Hyundai/Kia","B2","99076"
"16988-1R867","plausible_hk","not_hk_format","Unknown","Unknown","","Hyundai/Kia","1R","16988"
"59282-1G932","plausible_hk","not_hk_format","Brakes","ABS / ESC","","Hyundai/Kia","1G","59282"
"48810-2E067","plausible_hk","not_hk_format","Drivetrain","Transaxle","","Hyundai/Kia","2E","48810"
"83621-G9651","plausible_hk","not_hk_format","Body","Sunroof","","Hyundai/Kia","G9","83621"
"56975-F2168","plausible_hk","not_hk_format","Suspension","Steering Column & Gear","","Hyundai/Kia","F2","56975"
"63811-2E419","plausible_hk","not_hk_format","Body","Rear Structure","","Hyundai/Kia","2E","63811"
"37390-C6017","plausible_hk","not_hk_format","Electrical","Alternator","","Hyundai/Kia","C6","37390"
"89045-CV222","plausible_hk","not_hk_format","Safety","Air Bag System","","Hyundai/Kia","CV","89045"
"51493-L2554","plausible_hk","not_hk_format","Suspension","Front Axle","","Hyundai/Kia","L2","51493"
"86175-D9338","plausible_hk","not_hk_format","Body","Mirrors","","Hyundai/Kia","D9","86175"
"48789-L1437","plausible_hk","not_hk_format","Drivetrain","Transaxle","","Hyundai/Kia","L1","48789"
"12368-2H128","plausible_hk","not_hk_format","Unknown","Unknown","","Hyundai/Kia","2H","12368"
"56257-C5050","plausible_hk","not_hk_format","Suspension","Steering Column & Gear","","Hyundai/Kia","C5","56257"
"55211-F2200","plausible_hk","not_hk_format","Suspension","Rear Suspension","","Hyundai/Kia","F2","55211"
"59166-2G181","plausible_hk","not_hk_format","Brakes","ABS / ESC","","Hyundai/Kia","2G","59166"
"60687-26513","plausible_hk","not_hk_format","Body","Frame & Cross Members","","Hyundai/Kia","26","60687"
"23986-A9811","plausible_hk","not_hk_format","Engine","Cylinder Head & Valvetrain","","Hyundai/Kia","A9","23986"
"99002-D9921","plausible_hk","not_hk_format","Unknown","Unknown","","Hyundai/Kia","D9","99002"
"45275-A7404","plausible_hk","not_hk_format","Transmission","Manual Transmission","","Hyundai/Kia","A7","45275"
"22494-26062","plausible_hk","not_hk_format","Engine","Engine Mounting","","Hyundai/Kia","26","22494"
"78387-H5350","plausible_hk","not_hk_format","Unknown","Unknown","","Hyundai/Kia","H5","78387"
"20465-F2531","plausible_hk","not_hk_format","Unknown","Unknown","","Hyundai/Kia","F2","20465"
"90687-D3350","plausible_hk","not_hk_format","Unknown","Unknown","","Hyundai/Kia","D3","90687"
"94839-2S926","plausible_hk","not_hk_format","Electrical","Audio & Display","","Hyundai/Kia","2S","94839"
"88114-L1084","plausible_hk","not_hk_format","Interior","Instrument Panel / Dashboard","","Hyundai/Kia","L1","88114"
"98675-26486","plausible_hk","not_hk_format","Maintenance","Wiper System","","Hyundai/Kia","26","98675"
"70403-H8799","plausible_hk","not_hk_format","Body","Tailgate / Liftgate","","Hyundai/Kia","H8","70403"
"62355-A6412","plausible_hk","not_hk_format","Body","Front Structure","","Hyundai/Kia","A6","62355"
"21042-2T040","plausible_hk","not_hk_format","Engine","Engine Block & Internals","","Hyundai/Kia","2T","21042"
"75442-2U197","plausible_hk","not_hk_format","Body","Door Lock & Handle","","Hyundai/Kia","2U","75442"
"80004-CV566","plausible_hk","not_hk_format","Unknown","Unknown","","Hyundai/Kia","CV","80004"
"11377-CV456","plausible_hk","not_hk_format","Unknown","Unknown","","Hyundai/Kia","CV","11377"
"11566-H5614","plausible_hk","not_hk_format","Unknown","Unknown","","Hyundai/Kia","H5","11566"
"46534-1G409","plausible_hk","not_hk_format","Transmission","Auto Transmission Control","","Hyundai/Kia","1G","46534"
"90915-YZZE1","non_hk","non_hk","","","","","",""
"90915-YZZF1","non_hk","non_hk","","","","","",""
"90915-YZZD3","non_hk","non_hk","","","","","",""
"90915-10009","non_hk","non_hk","","","","","",""
"17801-YZZ25","non_hk","non_hk","","","","","",""
"17801-31170","non_hk","non_hk","","","","","",""
"17801-38050","non_hk","non_hk","","","","","",""
"23300-31170","non_hk","non_hk","","","","","",""
"42431-08040","non_hk","non_hk","","","","","",""
"43512-08010","non_hk","non_hk","","","","","",""
"44001-06110","non_hk","non_hk","","","","","",""
"48609-06070","non_hk","non_hk","","","","","",""
"50201-33141","non_hk","non_hk","","","","","",""
"83220-33110","non_hk","non_hk","","","","","",""
"84540-08010","non_hk","non_hk","","","","","",""
"15400-PLM-A02","non_hk","non_hk","","","","","",""
"17220-RNA-A00","non_hk","non_hk","","","","","",""
"17220-R41-L00","non_hk","non_hk","","","","","",""
"17220-58J-A00","non_hk","non_hk","","","","","",""
"38810-58J-A01","non_hk","non_hk","","","","","",""
"56110-P0A-A00","non_hk","non_hk","","","","","",""
"56110-RNA-A01","non_hk","non_hk","","","","","",""
"56110-R41-L01","non_hk","non_hk","","","","","",""
"78960-SNA-A61","non_hk","non_hk","","","","","",""
"84500-SNA-A61","non_hk","non_hk","","","","","",""
"11-42-7-521-353","non_hk","non_hk","","","","","",""
"11-42-7-509-125","non_hk","non_hk","","","","","",""
"11-42-7-635-557","non_hk","non_hk","","","","","",""
"13-71-8-604-825","non_hk","non_hk","","","","","",""
"13-71-7-542-101","non_hk","non_hk","","","","","",""
"07-11-9-905-273","non_hk","non_hk","","","","","",""
"07-11-9-905-284","non_hk","non_hk","","","","","",""
"31-10-6-796-475","non_hk","non_hk","","","","","",""
"34-11-6-799-964","non_hk","non_hk","","","","","",""
"51-71-7-186-731","non_hk","non_hk","","","","","",""
"15208-9F600","non_hk","non_hk","","","","","",""
"15208-65F0A","non_hk","non_hk","","","","","",""
"22448-1KT0A","non_hk","non_hk","","","","","",""
"22448-8H310","non_hk","non_hk","","","","","",""
"24225-JA00A","non_hk","non_hk","","","","","",""
"43206-JA10A","non_hk","non_hk","","","","","",""
"48630-CD00A","non_hk","non_hk","","","","","",""
"48633-CD00B","non_hk","non_hk","","","","","",""
"54501-3TA0A","non_hk","non_hk","","","","","",""
"54524-CG00A","non_hk","non_hk","","","","","",""
"AL3Z-6584-A","non_hk","non_hk","","","","","",""
"AL3Z-6731-C","non_hk","non_hk","","","","","",""
"BR3Z-6731-A","non_hk","non_hk","","","","","",""
"F2GZ-6731-A","non_hk","non_hk","","","","","",""
"FL3Z-6731-A","non_hk","non_hk","","","","","",""
"F2GZ-9601-A","non_hk","non_hk","","","","","",""
"F1FZ-9601-A","non_hk","non_hk","","","","","",""
"F2GZ-9F485-A","non_hk","non_hk","","","","","",""
"AL3Z-9601-A","non_hk","non_hk","","","","","",""
"BR3Z-9601-A","non_hk","non_hk","","","","","",""
"LF01-14-302","non_hk","non_hk","","","","","",""
"LF01-13-Z40","non_hk","non_hk","","","","","",""
"LF01-10-155A","non_hk","non_hk","","","","","",""
"PE01-15-171","non_hk","non_hk","","","","","",""
"PE02-15-100","non_hk","non_hk","","","","","",""
"06L-115-561-H","non_hk","non_hk","","","","","",""
"06J-115-403-Q","non_hk","non_hk","","","","","",""
"06L-133-843-B","non_hk","non_hk","","","","","",""
"06L-133-843-D","non_hk","non_hk","","","","","",""
"06L-129-717-A","non_hk","non_hk","","","","","",""
"12345","non_hk","non_hk","","","","","",""
"ABCDE","non_hk","non_hk","","","","","",""
"12345-6789","non_hk","non_hk","","","","","",""
"OIL FILTER","non_hk","non_hk","","","","","",""
"AIR FILTER","non_hk","non_hk","","","","","",""
"MANN W811/80","non_hk","non_hk","","","","","",""
"BOSCH F026400119","non_hk","non_hk","","","","","",""
"MAHLE OC205","non_hk","non_hk","","","","","",""
"KIA GENUINE","non_hk","non_hk","","","","","",""
"not-an-oem","non_hk","non_hk","","","","","",""
"test","non_hk","non_hk","","","","","",""
"null","non_hk","non_hk","","","","","",""
"undefined","non_hk","non_hk","","","","","",""
"NULL","non_hk","non_hk","","","","","",""
"None","non_hk","non_hk","","","","","",""
"0","non_hk","non_hk","","","","","",""
"None","non_hk","non_hk","","","","","",""
"aaaaa-aaaaa","non_hk","non_hk","","","","","",""
"12345-ABCDE","non_hk","non_hk","","","","","",""
"99999-99999","non_hk","non_hk","","","","","",""
"48619-30040","non_hk","non_hk","","","","","",""
"48815-30070","non_hk","non_hk","","","","","",""
"89422-33020","non_hk","non_hk","","","","","",""
"89465-33020","non_hk","non_hk","","","","","",""
"89465-33230","non_hk","non_hk","","","","","",""
"51621-SNA-A03","non_hk","non_hk","","","","","",""
"51621-S5A-J02","non_hk","non_hk","","","","","",""
"80292-SDA-A01","non_hk","non_hk","","","","","",""
"80292-SDG-W41","non_hk","non_hk","","","","","",""
"80292-SNA-A01","non_hk","non_hk","","","","","",""
"35-11-6-762-969","non_hk","non_hk","","","","","",""
"35-11-8-853-131","non_hk","non_hk","","","","","",""
"39-40-6-874-336","non_hk","non_hk","","","","","",""
"51-13-6-799-953","non_hk","non_hk","","","","","",""
"51-16-7-292-819","non_hk","non_hk","","","","","",""
