"OEM","Slice","GroundTruth","ExpectedCategory","ExpectedSystem","GoodTokens","CorrectClass","FailReason","Total","FirstDesc","FirstBrand","FirstCategory","AftermarketCount","OEMNumbersCount","HasSupersession","ReplTotal","ElapsedS","IsTimeout"
"28113-J5300","real_hk_seeded","exists","Air Filter","Engine","air,filter","TP","correct-but-poor: only 0 replacements (AM=0 OEMxRef=0 sup=False)","11","Air Filter","Hyundai / KIA","Engine / Air Filter","0","0","False","0","10.55","False"
"45621-4G400","real_hk_coarse","exists","Manual Transmission","Transmission","manual,transmission","FP","WRONG-PART: expected 'manual,transmission' but got 'PISTON - LOWER &amp; REVERSE BRAKE'","1","PISTON - LOWER &amp; REVERSE BRAKE","Hyundai / KIA","Transmission / Manual Transmission","0","0","False","0","2.16","False"
"05203-R0500","real_hk_unseeded","exists","Unknown","Unknown","","FN","no results","0","","","","0","0","False","0","0.71","False"
"58302-CVA50","real_hk_seeded","exists","Brake Pad Set - Rear","Brakes","brake,pad,set,rear","TP","correct-but-poor: only 0 replacements (AM=0 OEMxRef=0 sup=False)","2","Brake Pad Set, disc brake for Hyundai Staria (2021+)","Hyundai","Brakes / Brake Pad Set","0","0","False","0","2.92","False"
"87610-AT440","real_hk_seeded","exists","Exterior Mirror","Body","exterior,mirror","FP","WRONG-PART: expected 'exterior,mirror' but got 'Outside Mirror'","1","Outside Mirror","Hyundai / KIA","/ Outside Mirror","0","0","False","0","4.39","False"
"39222-2S000","real_hk_coarse","exists","Oxygen Sensor","Electrical","oxygen,sensor","FP","WRONG-PART: expected 'oxygen,sensor' but got 'EXTENSION WIRE'","1","EXTENSION WIRE","Hyundai / KIA","Electrical / Oxygen Sensor","0","0","False","0","2.27","False"
"99910-AT300","real_hk_unseeded","exists","Unknown","Unknown","","FN","no results","0","","","","0","0","False","0","0.57","False"
"51712-L0000","real_hk_seeded","exists","Brake Disc - Front","Brakes","brake,disc,front","TP","correct-but-poor: only 0 replacements (AM=0 OEMxRef=0 sup=False)","2","Brake Disc","Hyundai / KIA","Brakes / Brake Disc","0","0","False","0","3.82","False"
"31111-J4100","real_hk_coarse","exists","Front Differential","Drivetrain","front,differential","FP","WRONG-PART: expected 'front,differential' but got 'Fuel Pump'","2","Fuel Pump","Hyundai / KIA","/ Fuel Pump","0","0","False","0","2.24","False"
"99110-CV000","real_hk_unseeded","exists","Unknown","Unknown","","FN","no results","0","","","","0","0","False","0","0.6","False"
"54650-G0500","real_hk_seeded","exists","Shock Absorber - Front","Suspension","shock,absorber,front","TP","correct-but-poor: only 0 replacements (AM=0 OEMxRef=0 sup=False)","2","Shock Absorber (Rear)","Hyundai / KIA","Suspension / Shock Absorber / Strut","0","0","False","0","3.02","False"
"86531-P1000","real_hk_coarse","exists","Mirrors","Body","mirrors","FP","WRONG-PART: expected 'mirrors' but got 'Support, bumper for Kia Sportage (2021+)'","2","Support, bumper for Kia Sportage (2021+)","Kia"," / Support, bumper","0","0","False","0","3.18","False"
"99240-S9700","real_hk_unseeded","exists","Unknown","Unknown","","FN","no results","0","","","","0","0","False","0","0.49","False"
"87610-M7011","real_hk_seeded","exists","Exterior Mirror","Body","exterior,mirror","FP","WRONG-PART: expected 'exterior,mirror' but got 'Outside Mirror'","1","Outside Mirror","Hyundai / KIA","/ Outside Mirror","0","0","False","0","4.01","False"
"58411-L1000","real_hk_seeded","exists","Brake Disc - Rear","Brakes","brake,disc,rear","TP","correct-but-poor: only 0 replacements (AM=0 OEMxRef=0 sup=False)","2","Brake Disc for Hyundai Sonata (2020+)","Hyundai","Brakes / Brake Disc","0","0","False","0","2.31","False"
"31112-C0000","real_hk_seeded","exists","Fuel Filter","Engine","fuel,filter","TP","correct-but-poor: only 0 replacements (AM=0 OEMxRef=0 sup=False)","2","FILTER - FUEL PUMP","Hyundai / KIA","Drivetrain / Front Differential","0","0","False","0","2.83","False"
"93530-P1000","real_hk_coarse","exists","Lighting - Interior","Electrical","lighting,interior","FN","no results","0","","","","0","0","False","0","4.14","False"
"99211-P1040","real_hk_unseeded","exists","Unknown","Unknown","","FN","no results","0","","","","0","0","False","0","0.48","False"
"39350-3N600","real_hk_seeded","exists","MAF Sensor","Electrical","maf,sensor","FP","WRONG-PART: expected 'maf,sensor' but got 'Sensor, camshaft position (Passenger)'","2","Sensor, camshaft position (Passenger)","Hyundai / KIA"," / Sensor, camshaft position","0","0","False","0","2.72","False"
"99240-Q5500","real_hk_unseeded","exists","Unknown","Unknown","","FN","no results","0","","","","0","0","False","0","0.51","False"
"82460-CV010","real_hk_seeded","exists","Power Window Motor - Front","Body","power,window,motor,front","TP","correct-but-poor: only 0 replacements (AM=0 OEMxRef=0 sup=False)","2","Electric Motor, window regulator (Front Right) for Hyundai Staria (2021+)","Hyundai"," / Electric Motor, window regulator","0","0","False","0","3.01","False"
"58411-CV200","real_hk_seeded","exists","Brake Disc - Rear","Brakes","brake,disc,rear","TP","correct-but-poor: only 0 replacements (AM=0 OEMxRef=0 sup=False)","2","Brake Disc for Hyundai Staria (2021+)","Hyundai","Brakes / Brake Disc","0","0","False","0","2.19","False"
"87610-P1070","real_hk_seeded","exists","Exterior Mirror","Body","exterior,mirror","FP","WRONG-PART: expected 'exterior,mirror' but got 'Outside Mirror for Kia Sportage (2021+)'","1","Outside Mirror for Kia Sportage (2021+)","Kia","/ Outside Mirror","0","0","False","0","3.14","False"
"94011-R5210","real_hk_coarse","exists","Audio & Display","Electrical","audio,display","FN","no results","0","","","","0","0","False","0","3.18","False"
"05203-DW400","real_hk_unseeded","exists","Unknown","Unknown","","FN","no results","0","","","","0","0","False","0","0.53","False"
"92101-A9440","real_hk_seeded","exists","Headlight - Front Left","Electrical","headlight,front,left","FP","WRONG-PART: expected 'headlight,front,left' but got 'Headlight for Kia Carnival (2014-2020)'","1","Headlight for Kia Carnival (2014-2020)","Kia","Electrical / Headlight Assembly","0","0","False","0","5.17","False"
"95460-Q5700","real_hk_coarse","exists","Sensors & Modules","Electrical","sensors,modules","FN","no results","0","","","","0","0","False","0","3.36","False"
"12413-04103","real_hk_unseeded","exists","Unknown","Unknown","","FN","no results","0","","","","0","0","False","0","0.97","False"
"92402-P1120","real_hk_seeded","exists","Tail Light - Rear Right","Electrical","tail,light,rear,right","TP","correct-but-poor: only 0 replacements (AM=0 OEMxRef=0 sup=False)","1","Combination Rearlight for Kia Sportage (2021+)","Kia","/ Combination Rearlight","0","0","False","0","4.18","False"
"82460-DW000","real_hk_seeded","exists","Power Window Motor - Front","Body","power,window,motor,front","TP","correct-but-poor: only 0 replacements (AM=0 OEMxRef=0 sup=False)","1","Electric Motor, window regulator","Hyundai / KIA"," / Electric Motor, window regulator","0","0","False","0","4.32","False"
"92402-K0510","real_hk_seeded","exists","Tail Light - Rear Right","Electrical","tail,light,rear,right","TP","correct-but-poor: only 0 replacements (AM=0 OEMxRef=0 sup=False)","1","Combination Rearlight","Hyundai / KIA","/ Combination Rearlight","0","0","False","0","5.12","False"
"91510-M7792","real_hk_coarse","exists","Wiring Harness","Electrical","wiring,harness","FN","no results","0","","","","0","0","False","0","3.18","False"
"99240-P2000","real_hk_unseeded","exists","Unknown","Unknown","","FN","no results","0","","","","0","0","False","0","1","False"
"97134-AT500","real_hk_seeded","exists","Cabin Air Filter","HVAC","cabin,air,filter","TP","correct-but-poor: only 0 replacements (AM=0 OEMxRef=0 sup=False)","1","Filter, interior air (Rear)","Hyundai / KIA","HVAC / Cabin Air Filter","0","0","False","0","5.05","False"
"92101-DW000","real_hk_seeded","exists","Headlight - Front Left","Electrical","headlight,front,left","FP","WRONG-PART: expected 'headlight,front,left' but got 'Headlight'","1","Headlight","Hyundai / KIA","Electrical / Headlight Assembly","0","0","False","0","3.23","False"
"92402-CV050","real_hk_seeded","exists","Tail Light - Rear Right","Electrical","tail,light,rear,right","TP","correct-but-poor: only 0 replacements (AM=0 OEMxRef=0 sup=False)","1","Combination Rearlight for Hyundai Staria (2021+)","Hyundai","/ Combination Rearlight","0","0","False","0","4.17","False"
"92409-R0010","real_hk_coarse","exists","Tail Light Assembly","Electrical","tail,light,assembly","FP","WRONG-PART: expected 'tail,light,assembly' but got 'Charger, charging system (Front Right)'","2","Charger, charging system (Front Right)","Hyundai / KIA"," / Charger, charging system","0","0","False","0","3.22","False"
"12492-03101","real_hk_unseeded","exists","Unknown","Unknown","","FN","no results","0","","","","0","0","False","0","0.85","False"
"26310-2T200","real_hk_seeded","exists","Oil Pan","Engine","oil,pan","FP","WRONG-PART: expected 'oil,pan' but got 'Brake Disc for Kia Optima (2010-2015)'","1","Brake Disc for Kia Optima (2010-2015)","Kia","Brakes / Brake Disc","0","0","False","0","3.31","False"
"54650-J5060","real_hk_seeded","exists","Shock Absorber - Front","Suspension","shock,absorber,front","TP","correct-but-poor: only 0 replacements (AM=0 OEMxRef=0 sup=False)","2","Shock Absorber","Hyundai / KIA","Suspension / Shock Absorber / Strut","0","0","False","0","2.42","False"
"92102-DW100","real_hk_seeded","exists","Headlight - Front Right","Electrical","headlight,front,right","FP","WRONG-PART: expected 'headlight,front,right' but got 'Headlight'","1","Headlight","Hyundai / KIA","Electrical / Headlight Assembly","0","0","False","0","4.23","False"
"23226-2T000","real_hk_coarse","exists","Cylinder Head & Valvetrain","Engine","cylinder,head,valvetrain","FP","WRONG-PART: expected 'cylinder,head,valvetrain' but got 'PLATE - ADAPTER'","1","PLATE - ADAPTER","Hyundai / KIA","Engine / Cylinder Head & Valvetrain","0","0","False","0","3.21","False"
"99910-R0BA0","real_hk_unseeded","exists","Unknown","Unknown","","FN","no results","0","","","","0","0","False","0","0.53","False"
"92401-H9200","real_hk_seeded","exists","Tail Light - Rear Left","Electrical","tail,light,rear,left","TP","correct-but-poor: only 0 replacements (AM=0 OEMxRef=0 sup=False)","1","Combination Rearlight","Hyundai / KIA","/ Combination Rearlight","0","0","False","0","4.15","False"
"92830-R0000","real_hk_coarse","exists","Lighting - Headlights","Electrical","lighting,headlights","FP","WRONG-PART: expected 'lighting,headlights' but got 'CLIP - ROOM LAMP MTG'","1","CLIP - ROOM LAMP MTG","Hyundai / KIA","Electrical / Lighting - Headlights","0","0","False","0","2.1","False"
"80620-R0000","real_hk_unseeded","exists","Unknown","Unknown","","FN","no results","0","","","","0","0","False","0","0.78","False"
"92102-DW110","real_hk_seeded","exists","Headlight - Front Right","Electrical","headlight,front,right","FP","WRONG-PART: expected 'headlight,front,right' but got 'Headlight'","1","Headlight","Hyundai / KIA","Electrical / Headlight Assembly","0","0","False","0","3.13","False"
"92101-D9120","real_hk_seeded","exists","Headlight - Front Left","Electrical","headlight,front,left","FP","WRONG-PART: expected 'headlight,front,left' but got 'Headlight for Kia Sportage (2015-2021)'","1","Headlight for Kia Sportage (2015-2021)","Kia","Electrical / Headlight Assembly","0","0","False","0","4.36","False"
"54650-G8000","real_hk_seeded","exists","Shock Absorber - Front","Suspension","shock,absorber,front","TP","correct-but-poor: only 0 replacements (AM=0 OEMxRef=0 sup=False)","2","Shock Absorber","Hyundai / KIA","Suspension / Shock Absorber / Strut","0","0","False","0","2.29","False"
"49300-N9000","real_hk_coarse","exists","Transfer Case / 4WD","Drivetrain","transfer,case,4wd","FP","WRONG-PART: expected 'transfer,case,4wd' but got 'Propshaft, axle drive for Hyundai Tucson (2020+)'","2","Propshaft, axle drive for Hyundai Tucson (2020+)","Hyundai"," / Propshaft, axle drive","0","0","False","0","3.15","False"
"97133-AO000","real_hk_seeded","exists","Cabin Air Filter","HVAC","cabin,air,filter","TP","correct-but-poor: only 0 replacements (AM=0 OEMxRef=0 sup=False)","2","Filter, interior air","Hyundai / KIA","HVAC / Cabin Air Filter","0","0","False","0","3.21","False"
"82412-C7000","real_hk_coarse","exists","Glass / Windshield","Body","glass,windshield","FP","WRONG-PART: expected 'glass,windshield' but got 'HOLDER - DOOR GLASS'","1","HOLDER - DOOR GLASS","Hyundai / KIA","Body / Glass / Windshield","0","0","False","0","2.11","False"
"80610-S9500","real_hk_unseeded","exists","Unknown","Unknown","","FN","no results","0","","","","0","0","False","0","0.98","False"
"51712-CV200","real_hk_seeded","exists","Brake Disc - Front","Brakes","brake,disc,front","TP","correct-but-poor: only 0 replacements (AM=0 OEMxRef=0 sup=False)","2","Brake Disc for Hyundai Staria (2021+)","Hyundai","Brakes / Brake Disc","0","0","False","0","2.32","False"
"51712-H8500","real_hk_seeded","exists","Brake Disc - Front","Brakes","brake,disc,front","TP","correct-but-poor: only 0 replacements (AM=0 OEMxRef=0 sup=False)","2","DISC - FRONT WHEEL BRAKE","Hyundai / KIA","Suspension / Front Axle","0","0","False","0","2.25","False"
"82460-J5510","real_hk_seeded","exists","Power Window Motor - Front","Body","power,window,motor,front","TP","correct-but-poor: only 0 replacements (AM=0 OEMxRef=0 sup=False)","2","MOTOR ASSY - FRONT POWER WDW,RH","Hyundai / KIA","Body / Glass / Windshield","0","0","False","0","2.22","False"
"81680-R0000","real_hk_coarse","exists","Weatherstrip & Seal","Body","weatherstrip,seal","FP","WRONG-PART: expected 'weatherstrip,seal' but got 'MOTOR ASSY - SUNROOF'","1","MOTOR ASSY - SUNROOF","Hyundai / KIA","Body / Weatherstrip & Seal","0","0","False","0","3.18","False"
"99211-P1060","real_hk_unseeded","exists","Unknown","Unknown","","FN","no results","0","","","","0","0","False","0","0.55","False"
"92102-M7500","real_hk_seeded","exists","Headlight - Front Right","Electrical","headlight,front,right","FP","WRONG-PART: expected 'headlight,front,right' but got 'Headlight (Rear)'","1","Headlight (Rear)","Hyundai / KIA","Electrical / Headlight Assembly","0","0","False","0","4.43","False"
"21950-3X300","real_hk_coarse","exists","Engine Block & Internals","Engine","engine,block,internals","FP","WRONG-PART: expected 'engine,block,internals' but got 'Engine Mounting for Hyundai Elantra (2011-2015)'","2","Engine Mounting for Hyundai Elantra (2011-2015)","Hyundai","/ Engine Mounting","0","0","False","0","2.19","False"
"99250-F6500","real_hk_unseeded","exists","Unknown","Unknown","","FN","no results","0","","","","0","0","False","0","0.99","False"
"92101-DW010","real_hk_seeded","exists","Headlight - Front Left","Electrical","headlight,front,left","TP","correct-but-poor: only 0 replacements (AM=0 OEMxRef=0 sup=False)","1","Headlight (Front Right)","Hyundai / KIA","Electrical / Headlight Assembly","0","0","False","0","4.32","False"
"87620-AT390","real_hk_coarse","exists","Mouldings & Trim","Body","mouldings,trim","FP","WRONG-PART: expected 'mouldings,trim' but got 'Outside Mirror'","1","Outside Mirror","Hyundai / KIA","/ Outside Mirror","0","0","False","0","3.17","False"
"20920-2GH07","real_hk_unseeded","exists","Unknown","Unknown","","FN","no results","0","","","","0","0","False","0","0.6","False"
"25100-2M020","real_hk_seeded","exists","Water Pump","Cooling","water,pump","TP","correct-but-poor: only 0 replacements (AM=0 OEMxRef=0 sup=False)","2","Water Pump (Front Left)","Hyundai / KIA","Cooling / Water Pump","0","0","False","0","2.18","False"
"39210-2S101","real_hk_seeded","exists","Oxygen Sensor","Electrical","oxygen,sensor","TP","correct-but-poor: only 0 replacements (AM=0 OEMxRef=0 sup=False)","2","SENSOR ASSY - OXYGEN","Hyundai / KIA","Electrical / Oxygen Sensor","0","0","False","0","3.23","False"
"92730-F9000","real_hk_coarse","exists","Lighting - Headlights","Electrical","lighting,headlights","FP","WRONG-PART: expected 'lighting,headlights' but got 'HOLDERASSY - BULB'","1","HOLDERASSY - BULB","Hyundai / KIA","Electrical / Lighting - Headlights","1","0","False","1","2.23","False"
"20920-2SH02","real_hk_unseeded","exists","Unknown","Unknown","","FN","no results","0","","","","0","0","False","0","1.08","False"
"92401-CV050","real_hk_seeded","exists","Tail Light - Rear Left","Electrical","tail,light,rear,left","TP","correct-but-poor: only 0 replacements (AM=0 OEMxRef=0 sup=False)","1","Combination Rearlight for Hyundai Staria (2021+)","Hyundai","/ Combination Rearlight","0","0","False","0","3.17","False"
"71110-ATA00","real_hk_coarse","exists","Bumper","Body","bumper","FP","WRONG-PART: expected 'bumper' but got 'PANEL ASSY - PILLAR OUTER,LH'","1","PANEL ASSY - PILLAR OUTER,LH","Hyundai / KIA","Body / Bumper","0","0","False","0","2.22","False"
"09473-J9000","real_hk_unseeded","exists","Unknown","Unknown","","FN","no results","0","","","","0","0","False","0","0.52","False"
"92101-G5220","real_hk_seeded","exists","Headlight - Front Left","Electrical","headlight,front,left","FP","WRONG-PART: expected 'headlight,front,left' but got 'Headlight'","1","Headlight","Hyundai / KIA","Electrical / Headlight Assembly","0","0","False","0","5.16","False"
"66920-P1000","real_hk_coarse","exists","Rear Body / Trunk","Body","rear,body,trunk","FP","WRONG-PART: expected 'rear,body,trunk' but got 'HINGE ASSY - HOOD,RH'","1","HINGE ASSY - HOOD,RH","Hyundai / KIA","Body / Rear Body / Trunk","0","0","False","0","2.31","False"
"05203-DW410","real_hk_unseeded","exists","Unknown","Unknown","","FN","no results","0","","","","0","0","False","0","0.52","False"
"58101-L1A70","real_hk_seeded","exists","Brake Pad Set - Front","Brakes","brake,pad,set,front","TP","correct-but-poor: only 0 replacements (AM=0 OEMxRef=0 sup=False)","2","Brake Pad Set, disc brake for Hyundai Sonata (2020+)","Hyundai","Brakes / Brake Pad Set","0","0","False","0","3.34","False"
"97853-AO200","real_hk_coarse","exists","Air Conditioning & Heating","HVAC","air,conditioning,heating","TP","correct-but-poor: only 0 replacements (AM=0 OEMxRef=0 sup=False)","2","Dryer, air conditioning","Hyundai / KIA"," / Dryer, air conditioning","0","0","False","0","3.25","False"
"09149-R5000","real_hk_unseeded","exists","Unknown","Unknown","","FN","no results","0","","","","0","0","False","0","0.54","False"
"92101-D5040","real_hk_seeded","exists","Headlight - Front Left","Electrical","headlight,front,left","TP","correct-but-poor: only 0 replacements (AM=0 OEMxRef=0 sup=False)","1","Headlight (Rear Left)","Hyundai / KIA","Electrical / Headlight Assembly","0","0","False","0","3.29","False"
"92102-S9130","real_hk_seeded","exists","Headlight - Front Right","Electrical","headlight,front,right","FP","WRONG-PART: expected 'headlight,front,right' but got 'LAMP ASSY - HEAD,RH'","2","LAMP ASSY - HEAD,RH","Hyundai / KIA","Electrical / Headlight Assembly","0","0","False","0","2.29","False"
"76111-P1000","real_hk_coarse","exists","Window Regulator","Body","window,regulator","FN","no results","0","","","","0","0","False","0","3.27","False"
"99241-P1250","real_hk_unseeded","exists","Unknown","Unknown","","FN","no results","0","","","","0","0","False","0","0.47","False"
"25310-R0150","real_hk_seeded","exists","Radiator","Cooling","radiator","TP","correct-but-poor: only 0 replacements (AM=0 OEMxRef=0 sup=False)","2","RADIATOR ASSY","Hyundai / KIA","Engine / Fuel Injector","0","0","False","0","3.22","False"
"92402-Q5510","real_hk_seeded","exists","Tail Light - Rear Right","Electrical","tail,light,rear,right","TP","correct-but-poor: only 0 replacements (AM=0 OEMxRef=0 sup=False)","1","Combination Rearlight","Hyundai / KIA","/ Combination Rearlight","0","0","False","0","4.16","False"
"21354-3N450","real_hk_coarse","exists","Crankshaft & Bearings","Engine","crankshaft,bearings","FP","WRONG-PART: expected 'crankshaft,bearings' but got 'Gasket, timing case'","2","Gasket, timing case","Hyundai / KIA"," / Gasket, timing case","0","0","False","0","2.22","False"
"80610-L3010","real_hk_unseeded","exists","Unknown","Unknown","","FN","no results","0","","","","0","0","False","0","0.46","False"
"97134-R0000","real_hk_seeded","exists","Cabin Air Filter","HVAC","cabin,air,filter","TP","correct-but-poor: only 0 replacements (AM=0 OEMxRef=0 sup=False)","2","Filter, interior air","Hyundai / KIA","HVAC / Cabin Air Filter","0","0","False","0","2.13","False"
"54650-CH300","real_hk_seeded","exists","Shock Absorber - Front","Suspension","shock,absorber,front","TP","correct-but-poor: only 0 replacements (AM=0 OEMxRef=0 sup=False)","1","Shock Absorber","Hyundai / KIA","Suspension / Shock Absorber / Strut","0","0","False","0","3.22","False"
"39118-2B987","real_hk_coarse","exists","Sensors & Control","Electrical","sensors,control","FN","no results","0","","","","0","0","False","0","4.1","False"
"77121-P1000","real_hk_unseeded","exists","Unknown","Unknown","","FN","no results","0","","","","0","0","False","0","0.49","False"
"92102-S9550","real_hk_seeded","exists","Headlight - Front Right","Electrical","headlight,front,right","FP","WRONG-PART: expected 'headlight,front,right' but got 'Headlight'","1","Headlight","Hyundai / KIA","Electrical / Headlight Assembly","0","0","False","0","3.21","False"
"58411-R5000","real_hk_seeded","exists","Brake Disc - Rear","Brakes","brake,disc,rear","TP","correct-but-poor: only 0 replacements (AM=0 OEMxRef=0 sup=False)","1","Brake Disc","Hyundai / KIA","Brakes / Brake Disc","0","0","False","0","3.22","False"
"95560-CV000","real_hk_coarse","exists","Sensors & Modules","Electrical","sensors,modules","FP","WRONG-PART: expected 'sensors,modules' but got 'UNIT ASSY - WIRELESS CHARGING'","2","UNIT ASSY - WIRELESS CHARGING","Hyundai / KIA","Electrical / Sensors & Modules","0","0","False","0","3.16","False"
"99250-S9100","real_hk_unseeded","exists","Unknown","Unknown","","FN","no results","0","","","","0","0","False","0","1.1","False"
"92402-R0010","real_hk_seeded","exists","Tail Light - Rear Right","Electrical","tail,light,rear,right","TP","correct-but-poor: only 0 replacements (AM=0 OEMxRef=0 sup=False)","1","Combination Rearlight (Front Right)","Hyundai / KIA","/ Combination Rearlight","0","0","False","0","5.14","False"
"96122-CV000","real_hk_coarse","exists","Battery","Electrical","battery","FP","WRONG-PART: expected 'battery' but got 'JACK ASSY - USB'","2","JACK ASSY - USB","Hyundai / KIA","Electrical / Battery","0","0","False","0","2.25","False"
"99230-CV010","real_hk_unseeded","exists","Unknown","Unknown","","FN","no results","0","","","","0","0","False","0","0.7","False"
"25620-L0010","real_hk_seeded","exists","Thermostat","Cooling","thermostat","FP","WRONG-PART: expected 'thermostat' but got 'WARMER - A.T.F'","2","WARMER - A.T.F","Hyundai / KIA","Engine / Fuel System","0","0","False","0","4.23","False"
"92401-H9100","real_hk_seeded","exists","Tail Light - Rear Left","Electrical","tail,light,rear,left","TP","correct-but-poor: only 0 replacements (AM=0 OEMxRef=0 sup=False)","1","Combination Rearlight","Hyundai / KIA","/ Combination Rearlight","0","0","False","0","3.18","False"
"81996-P2700","real_hk_coarse","exists","Weatherstrip & Seal","Body","weatherstrip,seal","FP","WRONG-PART: expected 'weatherstrip,seal' but got 'KEY - BLANKING PIC'","1","KEY - BLANKING PIC","Hyundai / KIA","Body / Weatherstrip & Seal","1","0","False","1","2.26","False"
"99150-R0000","real_hk_unseeded","exists","Unknown","Unknown","","FN","no results","0","","","","0","0","False","0","1.77","False"
"92102-H9000","real_hk_seeded","exists","Headlight - Front Right","Electrical","headlight,front,right","FP","WRONG-PART: expected 'headlight,front,right' but got 'Headlight'","2","Headlight","Hyundai / KIA","Electrical / Headlight Assembly","0","0","False","0","3.29","False"
"92401-DW000","real_hk_seeded","exists","Tail Light - Rear Left","Electrical","tail,light,rear,left","TP","correct-but-poor: only 0 replacements (AM=0 OEMxRef=0 sup=False)","1","Combination Rearlight","Hyundai / KIA","/ Combination Rearlight","0","0","False","0","3.2","False"
"31036-R0500","real_hk_coarse","exists","Front Differential","Drivetrain","front,differential","FP","WRONG-PART: expected 'front,differential' but got 'Filler Pipe, fuel tank (Rear)'","1","Filler Pipe, fuel tank (Rear)","Hyundai / KIA"," / Filler Pipe, fuel tank","0","0","False","0","3.13","False"
"20920-3NA03","real_hk_unseeded","exists","Unknown","Unknown","","FN","no results","0","","","","0","0","False","0","0.48","False"
"87610-P1190","real_hk_seeded","exists","Exterior Mirror","Body","exterior,mirror","FP","WRONG-PART: expected 'exterior,mirror' but got 'Outside Mirror for Kia Sportage (2021+)'","1","Outside Mirror for Kia Sportage (2021+)","Kia","/ Outside Mirror","0","0","False","0","3.24","False"
"81716-S9500","real_hk_coarse","exists","Weatherstrip & Seal","Body","weatherstrip,seal","FP","WRONG-PART: expected 'weatherstrip,seal' but got 'COVER - POWER TAIL GAGE'","1","COVER - POWER TAIL GAGE","Hyundai / KIA","Body / Weatherstrip & Seal","0","0","False","0","2.29","False"
"99211-H8050","real_hk_unseeded","exists","Unknown","Unknown","","FN","no results","0","","","","0","0","False","0","1.04","False"
"82460-Q5510","real_hk_seeded","exists","Power Window Motor - Front","Body","power,window,motor,front","TP","correct-but-poor: only 0 replacements (AM=0 OEMxRef=0 sup=False)","1","Electric Motor, window regulator","Hyundai / KIA"," / Electric Motor, window regulator","0","0","False","0","4.14","False"
"91880-CV360","real_hk_coarse","exists","Wiring Harness","Electrical","wiring,harness","FP","WRONG-PART: expected 'wiring,harness' but got 'Wire Harness (roof) for Hyundai Staria (2021+)'","1","Wire Harness (roof) for Hyundai Staria (2021+)","Hyundai","Electrical / Wiring Harness","0","0","False","0","4.15","False"
"99110-K0500","real_hk_unseeded","exists","Unknown","Unknown","","FN","no results","0","","","","0","0","False","0","1.04","False"
"92402-DW000","real_hk_seeded","exists","Tail Light - Rear Right","Electrical","tail,light,rear,right","TP","correct-but-poor: only 0 replacements (AM=0 OEMxRef=0 sup=False)","1","Combination Rearlight","Hyundai / KIA","/ Combination Rearlight","0","0","False","0","4.26","False"
"91600-DW360","real_hk_coarse","exists","Wiring Harness","Electrical","wiring,harness","FP","WRONG-PART: expected 'wiring,harness' but got 'Wire Harness (front body)'","1","Wire Harness (front body)","Hyundai / KIA","Electrical / Wiring Harness","0","0","False","0","3.26","False"
"80200-L8000","real_hk_unseeded","exists","Unknown","Unknown","","FN","no results","0","","","","0","0","False","0","0.59","False"
"92101-K0520","real_hk_seeded","exists","Headlight - Front Left","Electrical","headlight,front,left","FP","WRONG-PART: expected 'headlight,front,left' but got 'Headlight'","1","Headlight","Hyundai / KIA","Electrical / Headlight Assembly","0","0","False","0","4.12","False"
"92102-AT050","real_hk_seeded","exists","Headlight - Front Right","Electrical","headlight,front,right","FP","WRONG-PART: expected 'headlight,front,right' but got 'Headlight'","1","Headlight","Hyundai / KIA","Electrical / Headlight Assembly","0","0","False","0","4.55","False"
"39210-3C520","real_hk_seeded","exists","Oxygen Sensor","Electrical","oxygen,sensor","FP","WRONG-PART: expected 'oxygen,sensor' but got 'Lambda Sensor'","2","Lambda Sensor","Hyundai / KIA","Electrical / Oxygen Sensor","0","0","False","0","2.26","False"
"25100-2S500","real_hk_seeded","exists","Water Pump","Cooling","water,pump","FP","WRONG-PART: expected 'water,pump' but got 'PUMP ASSY - COOLANT'","2","PUMP ASSY - COOLANT","Hyundai / KIA","Engine / Fuel Pump","0","0","False","0","3.21","False"
"92102-AT150","real_hk_seeded","exists","Headlight - Front Right","Electrical","headlight,front,right","FP","WRONG-PART: expected 'headlight,front,right' but got 'Headlight'","1","Headlight","Hyundai / KIA","Electrical / Headlight Assembly","0","0","False","0","3.25","False"
"92102-D5040","real_hk_seeded","exists","Headlight - Front Right","Electrical","headlight,front,right","FP","WRONG-PART: expected 'headlight,front,right' but got 'Headlight (Rear Left)'","1","Headlight (Rear Left)","Hyundai / KIA","Electrical / Headlight Assembly","0","0","False","0","5.1","False"
"97147-AT010","real_hk_coarse","exists","Compressor A/C","HVAC","compressor","FP","WRONG-PART: expected 'compressor' but got 'DOOR ASSY - DEFROSTER RIGHT'","1","DOOR ASSY - DEFROSTER RIGHT","Hyundai / KIA","HVAC / Compressor A/C","0","0","False","0","3.1","False"
"99150-L3120","real_hk_unseeded","exists","Unknown","Unknown","","FN","no results","0","","","","0","0","False","0","0.53","False"
"92102-M7600","real_hk_seeded","exists","Headlight - Front Right","Electrical","headlight,front,right","FP","WRONG-PART: expected 'headlight,front,right' but got 'Headlight (Passenger)'","1","Headlight (Passenger)","Hyundai / KIA","Electrical / Headlight Assembly","0","0","False","0","4.49","False"
"92101-K0620","real_hk_seeded","exists","Headlight - Front Left","Electrical","headlight,front,left","FP","WRONG-PART: expected 'headlight,front,left' but got 'Headlight'","1","Headlight","Hyundai / KIA","Electrical / Headlight Assembly","0","0","False","0","5.54","False"
"97143-J9000","real_hk_coarse","exists","Compressor A/C","HVAC","compressor","FP","WRONG-PART: expected 'compressor' but got 'Sender Unit, interior temperature'","2","Sender Unit, interior temperature","Hyundai / KIA"," / Sender Unit, interior temperature","0","0","False","0","2.35","False"
"99216-F6000","real_hk_unseeded","exists","Unknown","Unknown","","FN","no results","0","","","","0","0","False","0","1.04","False"
"58411-B2500","real_hk_seeded","exists","Brake Disc - Rear","Brakes","brake,disc,rear","TP","correct-but-poor: only 0 replacements (AM=0 OEMxRef=0 sup=False)","14","Brake Disc (Rear) for Kia Soul (2008-2013)","Kia","Brakes / Brake Disc","0","0","False","0","11.1","False"
"92402-AT010","real_hk_seeded","exists","Tail Light - Rear Right","Electrical","tail,light,rear,right","TP","correct-but-poor: only 0 replacements (AM=0 OEMxRef=0 sup=False)","1","Combination Rearlight (Front Right)","Hyundai / KIA","/ Combination Rearlight","0","0","False","0","3.16","False"
"25100-2S000","real_hk_seeded","exists","Water Pump","Cooling","water,pump","FP","WRONG-PART: expected 'water,pump' but got 'PUMP ASSY - COOLANT'","2","PUMP ASSY - COOLANT","Hyundai / KIA","Engine / Fuel Pump","0","0","False","0","3.57","False"
"92402-P1020","real_hk_seeded","exists","Tail Light - Rear Right","Electrical","tail,light,rear,right","TP","correct-but-poor: only 0 replacements (AM=0 OEMxRef=0 sup=False)","1","Combination Rearlight (Front Left) for Kia Sportage (2021+)","Kia","/ Combination Rearlight","0","0","False","0","4.09","False"
"87610-M7020","real_hk_seeded","exists","Exterior Mirror","Body","exterior,mirror","FP","WRONG-PART: expected 'exterior,mirror' but got 'Outside Mirror (Front Left)'","1","Outside Mirror (Front Left)","Hyundai / KIA","/ Outside Mirror","0","0","False","0","3.97","False"
"85844-CV000","real_hk_coarse","exists","Seats","Interior","seats","FN","no results","0","","","","0","0","False","0","3.17","False"
"80610-CV710","real_hk_unseeded","exists","Unknown","Unknown","","FN","no results","0","","","","0","0","False","0","0.56","False"
"87610-M7041","real_hk_seeded","exists","Exterior Mirror","Body","exterior,mirror","FP","WRONG-PART: expected 'exterior,mirror' but got 'Outside Mirror'","1","Outside Mirror","Hyundai / KIA","/ Outside Mirror","0","0","False","0","3.53","False"
"25310-P2520","real_hk_seeded","exists","Radiator","Cooling","radiator","TP","correct-but-poor: only 0 replacements (AM=0 OEMxRef=0 sup=False)","2","RADIATOR ASSY","Hyundai / KIA","Engine / Fuel Injector","0","0","False","0","2.84","False"
"92401-K0510","real_hk_seeded","exists","Tail Light - Rear Left","Electrical","tail,light,rear,left","TP","correct-but-poor: only 0 replacements (AM=0 OEMxRef=0 sup=False)","1","Combination Rearlight","Hyundai / KIA","/ Combination Rearlight","0","0","False","0","4.05","False"
"87610-CV100","real_hk_seeded","exists","Exterior Mirror","Body","exterior,mirror","FP","WRONG-PART: expected 'exterior,mirror' but got 'Outside Mirror for Hyundai Staria (2021+)'","1","Outside Mirror for Hyundai Staria (2021+)","Hyundai","/ Outside Mirror","0","0","False","0","5.18","False"
"39350-3N430","real_hk_seeded","exists","MAF Sensor","Electrical","maf,sensor","FP","WRONG-PART: expected 'maf,sensor' but got 'CMPS'","2","CMPS","Hyundai / KIA","Electrical / Sensors & Control","0","0","False","0","3.31","False"
"65100-Q5040","real_hk_coarse","exists","Fender & Side Body","Body","fender,side,body","FP","WRONG-PART: expected 'fender,side,body' but got 'Bonnet (Rear Left)'","1","Bonnet (Rear Left)","Hyundai / KIA","/ Bonnet","0","0","False","0","3.19","False"
"09430-C1150","real_hk_unseeded","exists","Unknown","Unknown","","FN","no results","0","","","","0","0","False","0","0.5","False"
"26300-2M825","real_hk_seeded","exists","Oil Filter","Engine","oil,filter","TP","correct-but-poor: only 0 replacements (AM=0 OEMxRef=0 sup=False)","2","Oil Filter","Hyundai / KIA","Engine / Oil Filter","0","0","False","0","4.4","False"
"54660-J5KY0","real_hk_seeded","exists","Shock Absorber - Front","Suspension","shock,absorber,front","TP","correct-but-poor: only 0 replacements (AM=0 OEMxRef=0 sup=False)","1","Shock Absorber","Hyundai / KIA","Suspension / Shock Absorber / Strut","0","0","False","0","3.18","False"
"92102-S9500","real_hk_seeded","exists","Headlight - Front Right","Electrical","headlight,front,right","FP","WRONG-PART: expected 'headlight,front,right' but got 'Headlight (Rear)'","1","Headlight (Rear)","Hyundai / KIA","Electrical / Headlight Assembly","0","0","False","0","4.7","False"
"58101-R0A00","real_hk_seeded","exists","Brake Pad Set - Front","Brakes","brake,pad,set,front","TP","correct-but-poor: only 0 replacements (AM=0 OEMxRef=0 sup=False)","2","Brake Pad Set, disc brake","Hyundai / KIA","Brakes / Brake Pad Set","0","0","False","0","3.03","False"
"28113-N9000","real_hk_seeded","exists","Air Filter","Engine","air,filter","TP","correct-but-poor: only 1 replacements (AM=1 OEMxRef=0 sup=False)","2","FILTER - AIR CLEANER","Hyundai / KIA","Cooling / Radiator","1","0","False","1","2.25","False"
"97943-R0000","real_hk_coarse","exists","Air Conditioning & Heating","HVAC","air,conditioning,heating","FP","WRONG-PART: expected 'air,conditioning,heating' but got 'DOOR ASSY - MODE'","1","DOOR ASSY - MODE","Hyundai / KIA","HVAC / Air Conditioning & Heating","0","0","False","0","2.22","False"
"99910-AO300","real_hk_unseeded","exists","Unknown","Unknown","","FN","no results","0","","","","0","0","False","0","0.67","False"
"82460-L3000","real_hk_seeded","exists","Power Window Motor - Front","Body","power,window,motor,front","TP","correct-but-poor: only 0 replacements (AM=0 OEMxRef=0 sup=False)","1","Electric Motor, window regulator","Hyundai / KIA"," / Electric Motor, window regulator","0","0","False","0","3.43","False"
"92101-P1181","real_hk_seeded","exists","Headlight - Front Left","Electrical","headlight,front,left","FP","WRONG-PART: expected 'headlight,front,left' but got 'Headlight for Kia Sportage (2021+)'","1","Headlight for Kia Sportage (2021+)","Kia","Electrical / Headlight Assembly","0","0","False","0","4.16","False"
"25310-N9700","real_hk_seeded","exists","Radiator","Cooling","radiator","TP","correct-but-poor: only 0 replacements (AM=0 OEMxRef=0 sup=False)","1","Radiator, engine cooling (Driver) for Hyundai Tucson (2020+)","Hyundai","Cooling / Radiator","0","0","False","0","4.51","False"
"92101-P1090","real_hk_seeded","exists","Headlight - Front Left","Electrical","headlight,front,left","FP","WRONG-PART: expected 'headlight,front,left' but got 'Headlight for Kia Sportage (2021+)'","1","Headlight for Kia Sportage (2021+)","Kia","Electrical / Headlight Assembly","0","0","False","0","4","False"
"82650-CV520","real_hk_seeded","exists","Window Regulator - Front","Body","window,regulator,front","FP","WRONG-PART: expected 'window,regulator,front' but got 'Door Handle for Hyundai Staria (2021+)'","2","Door Handle for Hyundai Staria (2021+)","Hyundai","/ Door Handle","0","0","False","0","2.22","False"
"84635-DW000","real_hk_coarse","exists","Interior Trim","Interior","interior,trim","FN","no results","0","","","","0","0","False","0","3.24","False"
"99140-P1100","real_hk_unseeded","exists","Unknown","Unknown","","FN","no results","0","","","","0","0","False","0","0.55","False"
"92102-2T301","real_hk_seeded","exists","Headlight - Front Right","Electrical","headlight,front,right","FP","WRONG-PART: expected 'headlight,front,right' but got 'LAMP ASSY - HEAD,RH'","2","LAMP ASSY - HEAD,RH","Hyundai / KIA","Electrical / Headlight Assembly","0","0","False","0","4.33","False"
"25310-J5550","real_hk_seeded","exists","Radiator","Cooling","radiator","TP","correct-but-poor: only 0 replacements (AM=0 OEMxRef=0 sup=False)","1","Radiator, engine cooling","Hyundai / KIA","Cooling / Radiator","0","0","False","0","3.22","False"
"92101-S9500","real_hk_seeded","exists","Headlight - Front Left","Electrical","headlight,front,left","FP","WRONG-PART: expected 'headlight,front,left' but got 'Headlight (Rear)'","1","Headlight (Rear)","Hyundai / KIA","Electrical / Headlight Assembly","0","0","False","0","4.47","False"
"54650-R5500","real_hk_seeded","exists","Shock Absorber - Front","Suspension","shock,absorber,front","TP","correct-but-poor: only 0 replacements (AM=0 OEMxRef=0 sup=False)","2","Shock Absorber (Rear)","Hyundai / KIA","Suspension / Shock Absorber / Strut","0","0","False","0","2.18","False"
"87610-H9020","real_hk_seeded","exists","Exterior Mirror","Body","exterior,mirror","FP","WRONG-PART: expected 'exterior,mirror' but got 'MIRROR ASSY - OUTSIDE RR VIEW,LH'","2","MIRROR ASSY - OUTSIDE RR VIEW,LH","Hyundai / KIA","Body / Mouldings & Trim","0","0","False","0","2.25","False"
"21357-2E000","real_hk_coarse","exists","Crankshaft & Bearings","Engine","crankshaft,bearings","FP","WRONG-PART: expected 'crankshaft,bearings' but got 'BOLT - FLANGE'","1","BOLT - FLANGE","Hyundai / KIA","Engine / Crankshaft & Bearings","0","0","False","0","3.14","False"
"05203-CV300","real_hk_unseeded","exists","Unknown","Unknown","","FN","no results","0","","","","0","0","False","0","0.54","False"
"92401-Q5010","real_hk_seeded","exists","Tail Light - Rear Left","Electrical","tail,light,rear,left","TP","correct-but-poor: only 0 replacements (AM=0 OEMxRef=0 sup=False)","1","Combination Rearlight (Front Right)","Hyundai / KIA","/ Combination Rearlight","0","0","False","0","3.63","False"
"92102-Q5220","real_hk_seeded","exists","Headlight - Front Right","Electrical","headlight,front,right","FP","WRONG-PART: expected 'headlight,front,right' but got 'Headlight'","1","Headlight","Hyundai / KIA","Electrical / Headlight Assembly","0","0","False","0","3.47","False"
"25620-L0100","real_hk_seeded","exists","Thermostat","Cooling","thermostat","FP","WRONG-PART: expected 'thermostat' but got 'EGR Valve'","2","EGR Valve","Hyundai / KIA","/ EGR Valve","0","0","False","0","3.13","False"
"56397-AA000","real_hk_coarse","exists","Tie Rod","Suspension","tie,rod","FP","WRONG-PART: expected 'tie,rod' but got 'CABLE ASSY - SENSOR'","1","CABLE ASSY - SENSOR","Hyundai / KIA","Suspension / Tie Rod","0","0","False","0","2.18","False"
"42951-18215","real_hk_unseeded","exists","Unknown","Unknown","","FN","no results","0","","","","0","0","False","0","0.54","False"
"58302-N9A15","real_hk_seeded","exists","Brake Pad Set - Rear","Brakes","brake,pad,set,rear","TP","correct-but-poor: only 0 replacements (AM=0 OEMxRef=0 sup=False)","2","Brake Pad Set, disc brake for Hyundai Tucson (2020+)","Hyundai","Brakes / Brake Pad Set","0","0","False","0","8.95","False"
"86351-CV210","real_hk_coarse","exists","Mirrors","Body","mirrors","FP","WRONG-PART: expected 'mirrors' but got 'Radiator Grille for Hyundai Staria (2021+)'","2","Radiator Grille for Hyundai Staria (2021+)","Hyundai","Cooling / Radiator","0","0","False","0","3.15","False"
"42700-3B710","real_hk_unseeded","exists","Unknown","Unknown","","FN","no results","0","","","","0","0","False","0","0.5","False"
"97245-AT020","real_hk_coarse","exists","Condenser","HVAC","condenser","FP","WRONG-PART: expected 'condenser' but got 'SEAL - DUCT NO.3'","1","SEAL - DUCT NO.3","Hyundai / KIA","HVAC / Condenser","0","0","False","0","3.3","False"
"99150-P2100","real_hk_unseeded","exists","Unknown","Unknown","","FN","no results","0","","","","0","0","False","0","0.62","False"
"92102-DW010","real_hk_seeded","exists","Headlight - Front Right","Electrical","headlight,front,right","TP","correct-but-poor: only 0 replacements (AM=0 OEMxRef=0 sup=False)","1","Headlight (Front Right)","Hyundai / KIA","Electrical / Headlight Assembly","0","0","False","0","3.75","False"
"29150-J5100","real_hk_coarse","exists","Turbo / Supercharger","Engine","turbo,supercharger","FP","WRONG-PART: expected 'turbo,supercharger' but got 'COVER - ENGINE UNDER RR,RH'","1","COVER - ENGINE UNDER RR,RH","Hyundai / KIA","Engine / Turbo / Supercharger","0","0","False","0","3.2","False"
"05203-J5530","real_hk_unseeded","exists","Unknown","Unknown","","FN","no results","0","","","","0","0","False","0","0.53","False"
"25310-P0000","real_hk_seeded","exists","Radiator","Cooling","radiator","TP","correct-but-poor: only 0 replacements (AM=0 OEMxRef=0 sup=False)","1","Radiator, engine cooling","Hyundai / KIA","Cooling / Radiator","0","0","False","0","3.93","False"
"65848-R0000","real_hk_coarse","exists","Fender & Side Body","Body","fender,side,body","FP","WRONG-PART: expected 'fender,side,body' but got 'BRKT - SPARE TIRE FIXING'","1","BRKT - SPARE TIRE FIXING","Hyundai / KIA","Body / Fender & Side Body","0","0","False","0","2.16","False"
"80420-P1000","real_hk_unseeded","exists","Unknown","Unknown","","FN","no results","0","","","","0","0","False","0","0.48","False"
"92102-P1090","real_hk_seeded","exists","Headlight - Front Right","Electrical","headlight,front,right","FP","WRONG-PART: expected 'headlight,front,right' but got 'Headlight for Kia Sportage (2021+)'","1","Headlight for Kia Sportage (2021+)","Kia","Electrical / Headlight Assembly","0","0","False","0","3.22","False"
"28113-AT100","real_hk_seeded","exists","Air Filter","Engine","air,filter","TP","correct-but-poor: only 0 replacements (AM=0 OEMxRef=0 sup=False)","2","Air Filter","Hyundai / KIA","Engine / Air Filter","0","0","False","0","3.39","False"
"92401-M7600","real_hk_seeded","exists","Tail Light - Rear Left","Electrical","tail,light,rear,left","TP","correct-but-poor: only 0 replacements (AM=0 OEMxRef=0 sup=False)","1","Combination Rearlight (Passenger)","Hyundai / KIA","/ Combination Rearlight","0","0","False","0","4.11","False"
"45567-4F123","real_hk_coarse","exists","Manual Transmission","Transmission","manual,transmission","FP","WRONG-PART: expected 'manual,transmission' but got 'SNAP RING'","1","SNAP RING","Hyundai / KIA","Transmission / Manual Transmission","0","0","False","0","2.27","False"
"11430-08221","real_hk_unseeded","exists","Unknown","Unknown","","FN","no results","0","","","","0","0","False","0","0.49","False"
"51712-L0100","real_hk_seeded","exists","Brake Disc - Front","Brakes","brake,disc,front","TP","correct-but-poor: only 0 replacements (AM=0 OEMxRef=0 sup=False)","1","Brake Disc","Hyundai / KIA","Brakes / Brake Disc","0","0","False","0","3.57","False"
"82659-CV000","real_hk_coarse","exists","Glass / Windshield","Body","glass,windshield","FP","WRONG-PART: expected 'glass,windshield' but got 'AUTO FLUSH CONTROL UNIT - FR DR'","1","AUTO FLUSH CONTROL UNIT - FR DR","Hyundai / KIA","Body / Glass / Windshield","0","0","False","0","2.31","False"
"99241-P1200","real_hk_unseeded","exists","Unknown","Unknown","","FN","no results","0","","","","0","0","False","0","0.51","False"
"92401-P1120","real_hk_seeded","exists","Tail Light - Rear Left","Electrical","tail,light,rear,left","TP","correct-but-poor: only 0 replacements (AM=0 OEMxRef=0 sup=False)","1","Combination Rearlight for Kia Sportage (2021+)","Kia","/ Combination Rearlight","0","0","False","0","4.45","False"
"91421-DW070","real_hk_coarse","exists","Wiring Harness","Electrical","wiring,harness","FP","WRONG-PART: expected 'wiring,harness' but got 'Air Filter'","1","Air Filter","Hyundai / KIA","Engine / Air Filter","0","0","False","0","3.25","False"
"99140-AT000","real_hk_unseeded","exists","Unknown","Unknown","","FN","no results","0","","","","0","0","False","0","0.54","False"
"39210-3NFD0","real_hk_seeded","exists","Oxygen Sensor","Electrical","oxygen,sensor","TP","correct-but-poor: only 0 replacements (AM=0 OEMxRef=0 sup=False)","2","SENSOR ASSY - OXYGEN","Hyundai / KIA","Electrical / Oxygen Sensor","0","0","False","0","3.39","False"
"39210-2T010","real_hk_seeded","exists","Oxygen Sensor","Electrical","oxygen,sensor","FP","WRONG-PART: expected 'oxygen,sensor' but got 'Lambda Sensor (Front Right) for Kia Optima (2010-2015)'","1","Lambda Sensor (Front Right) for Kia Optima (2010-2015)","Kia","Electrical / Oxygen Sensor","0","0","False","0","5.29","False"
"54650-Q5600","real_hk_seeded","exists","Shock Absorber - Front","Suspension","shock,absorber,front","TP","correct-but-poor: only 0 replacements (AM=0 OEMxRef=0 sup=False)","1","Shock Absorber (Passenger)","Hyundai / KIA","Suspension / Shock Absorber / Strut","0","0","False","0","4.15","False"
"58101-AOA00","real_hk_seeded","exists","Brake Pad Set - Front","Brakes","brake,pad,set,front","TP","correct-but-poor: only 0 replacements (AM=0 OEMxRef=0 sup=False)","1","Brake Pad Set, disc brake","Hyundai / KIA","Brakes / Brake Pad Set","0","0","False","0","3.13","False"
"84619-F6AA0","real_hk_coarse","exists","Interior Trim","Interior","interior,trim","FP","WRONG-PART: expected 'interior,trim' but got 'COVER - CTR CONSOLE UPR'","1","COVER - CTR CONSOLE UPR","Hyundai / KIA","Interior / Interior Trim","0","0","False","0","2.3","False"
"05203-AO300","real_hk_unseeded","exists","Unknown","Unknown","","FN","no results","0","","","","0","0","False","0","0.88","False"
"25310-2S150","real_hk_seeded","exists","Radiator","Cooling","radiator","TP","correct-but-poor: only 0 replacements (AM=0 OEMxRef=0 sup=False)","9","Radiator, engine cooling for Hyundai Tucson (2010-2015)","Hyundai","Cooling / Radiator","0","0","False","0","10.52","False"
"31046-R0550","real_hk_coarse","exists","Front Differential","Drivetrain","front,differential","FN","no results","0","","","","0","0","False","0","3.2","False"
"09149-P4000","real_hk_unseeded","exists","Unknown","Unknown","","FN","no results","0","","","","0","0","False","0","0.49","False"
"58302-G9A20","real_hk_seeded","exists","Brake Pad Set - Rear","Brakes","brake,pad,set,rear","TP","correct-but-poor: only 2 replacements (AM=1 OEMxRef=1 sup=False)","5","Brake Pad Set, disc brake","ICER","","1","1","False","2","10.46","False"
"58210-M6600","real_hk_coarse","exists","Front Brake Caliper","Brakes","front,brake,caliper","TP","correct-but-poor: only 0 replacements (AM=0 OEMxRef=0 sup=False)","2","Brake Caliper (Passenger)","Hyundai / KIA","/ Brake Caliper","0","0","False","0","2.2","False"
"20910-08S00","real_hk_unseeded","exists","Unknown","Unknown","","FN","no results","0","","","","0","0","False","0","0.48","False"
"54660-J5KX0","real_hk_seeded","exists","Shock Absorber - Front","Suspension","shock,absorber,front","TP","correct-but-poor: only 0 replacements (AM=0 OEMxRef=0 sup=False)","1","Shock Absorber","Hyundai / KIA","Suspension / Shock Absorber / Strut","0","0","False","0","4.17","False"
"26310-2S001","real_hk_seeded","exists","Oil Pan","Engine","oil,pan","FP","WRONG-PART: expected 'oil,pan' but got 'FILTER ASSY - OIL'","2","FILTER ASSY - OIL","Hyundai / KIA","Engine / Oil Filter","0","0","False","0","2.33","False"
"91863-AO010","real_hk_coarse","exists","Wiring Harness","Electrical","wiring,harness","FN","no results","0","","","","0","0","False","0","3.17","False"
"99211-AT000","real_hk_unseeded","exists","Unknown","Unknown","","FN","no results","0","","","","0","0","False","0","0.55","False"
"51712-L1100","real_hk_seeded","exists","Brake Disc - Front","Brakes","brake,disc,front","TP","correct-but-poor: only 1 replacements (AM=1 OEMxRef=0 sup=False)","2","DISC - FRONTWHEELBRA","Hyundai / KIA","Suspension / Front Axle","1","0","False","1","3.2","False"
"58411-GI000","real_hk_seeded","exists","Brake Disc - Rear","Brakes","brake,disc,rear","TP","correct-but-poor: only 0 replacements (AM=0 OEMxRef=0 sup=False)","2","Brake Disc","Hyundai / KIA","Brakes / Brake Disc","0","0","False","0","2.27","False"
"81820-CV010","real_hk_coarse","exists","Weatherstrip & Seal","Body","weatherstrip,seal","FP","WRONG-PART: expected 'weatherstrip,seal' but got 'HANDLE ASSY - TAIL GATE O/S'","1","HANDLE ASSY - TAIL GATE O/S","Hyundai / KIA","Body / Weatherstrip & Seal","0","0","False","0","2.29","False"
"20920-2TA00","real_hk_unseeded","exists","Unknown","Unknown","","FN","no results","0","","","","0","0","False","0","0.49","False"
"87610-M7040","real_hk_seeded","exists","Exterior Mirror","Body","exterior,mirror","FP","WRONG-PART: expected 'exterior,mirror' but got 'Outside Mirror (Rear Left)'","1","Outside Mirror (Rear Left)","Hyundai / KIA","/ Outside Mirror","0","0","False","0","3.92","False"
"82460-R0010","real_hk_seeded","exists","Power Window Motor - Front","Body","power,window,motor,front","TP","correct-but-poor: only 0 replacements (AM=0 OEMxRef=0 sup=False)","2","MOTOR ASSY - FRONT POWER WDW,RH","Hyundai / KIA","Body / Glass / Windshield","0","0","False","0","2.29","False"
"88450-L3030","real_hk_coarse","exists","Instrument Panel / Dashboard","Interior","instrument,panel,dashboard","FP","WRONG-PART: expected 'instrument,panel,dashboard' but got 'Condenser, air conditioning (Rear Right)'","1","Condenser, air conditioning (Rear Right)","Hyundai / KIA"," / Condenser, air conditioning","0","0","False","0","3.24","False"
"80620-S9500","real_hk_unseeded","exists","Unknown","Unknown","","FN","no results","0","","","","0","0","False","0","0.59","False"
"97134-L3000","real_hk_seeded","exists","Cabin Air Filter","HVAC","cabin,air,filter","TP","correct-but-poor: only 0 replacements (AM=0 OEMxRef=0 sup=False)","1","Filter, interior air","Hyundai / KIA","HVAC / Cabin Air Filter","0","0","False","0","3.13","False"
"54650-R0150","real_hk_seeded","exists","Shock Absorber - Front","Suspension","shock,absorber,front","TP","correct-but-poor: only 0 replacements (AM=0 OEMxRef=0 sup=False)","1","Shock Absorber","Hyundai / KIA","Suspension / Shock Absorber / Strut","0","0","False","0","3.25","False"
"52919-P2100","real_hk_coarse","exists","Wheels & Tires","Suspension","wheels,tires","FP","WRONG-PART: expected 'wheels,tires' but got 'WHEEL ASSY - TEMPORARY'","1","WHEEL ASSY - TEMPORARY","Hyundai / KIA","Suspension / Wheels & Tires","0","0","False","0","2.25","False"
"99241-J2100","real_hk_unseeded","exists","Unknown","Unknown","","FN","no results","0","","","","0","0","False","0","0.51","False"
"26310-3N300","real_hk_seeded","exists","Oil Pan","Engine","oil,pan","FP","WRONG-PART: expected 'oil,pan' but got 'FILTER ASSY - ENGINE OIL'","2","FILTER ASSY - ENGINE OIL","Hyundai / KIA","Engine / Oil Filter","0","0","False","0","2.21","False"
"92102-R0520","real_hk_seeded","exists","Headlight - Front Right","Electrical","headlight,front,right","FP","WRONG-PART: expected 'headlight,front,right' but got 'Headlight'","1","Headlight","Hyundai / KIA","Electrical / Headlight Assembly","0","0","False","0","3.19","False"
"83915-P2000","real_hk_coarse","exists","Sunroof","Body","sunroof","FP","WRONG-PART: expected 'sunroof' but got 'CURTAIN - REAR DR,LH'","1","CURTAIN - REAR DR,LH","Hyundai / KIA","Body / Sunroof","0","0","False","0","3.28","False"
"09375-GI230","real_hk_unseeded","exists","Unknown","Unknown","","FN","no results","0","","","","0","0","False","0","0.45","False"
"54650-P4050","real_hk_seeded","exists","Shock Absorber - Front","Suspension","shock,absorber,front","TP","correct-but-poor: only 0 replacements (AM=0 OEMxRef=0 sup=False)","1","Shock Absorber","Hyundai / KIA","Suspension / Shock Absorber / Strut","0","0","False","0","4.03","False"
"91620-Q5110","real_hk_coarse","exists","Wiring Harness","Electrical","wiring,harness","FN","no results","0","","","","0","0","False","0","3.16","False"
"80640-DW000","real_hk_unseeded","exists","Unknown","Unknown","","FN","no results","0","","","","0","0","False","0","0.54","False"
"51712-GI000","real_hk_seeded","exists","Brake Disc - Front","Brakes","brake,disc,front","TP","correct-but-poor: only 0 replacements (AM=0 OEMxRef=0 sup=False)","2","Brake Disc","Hyundai / KIA","Brakes / Brake Disc","0","0","False","0","3.07","False"
"91753-A7300","real_hk_coarse","exists","Wiring Harness","Electrical","wiring,harness","FN","no results","0","","","","0","0","False","0","3.2","False"
"12490-04101","real_hk_unseeded","exists","Unknown","Unknown","","FN","no results","0","","","","0","0","False","0","0.52","False"
"58302-Q4A00","real_hk_seeded","exists","Brake Pad Set - Rear","Brakes","brake,pad,set,rear","TP","correct-but-poor: only 2 replacements (AM=1 OEMxRef=1 sup=False)","3","Brake Pad Set, disc brake","HERTH+BUSS JAKOPARTS","","1","1","False","2","10.57","False"
"66400-R0040","real_hk_coarse","exists","Rear Body / Trunk","Body","rear,body,trunk","FP","WRONG-PART: expected 'rear,body,trunk' but got 'PANEL ASSY - HOOD'","2","PANEL ASSY - HOOD","Hyundai / KIA","Body / Rear Body / Trunk","0","0","False","0","2.32","False"
"22311-2M011","real_hk_coarse","exists","Engine Mounting","Engine","engine,mounting","FP","WRONG-PART: expected 'engine,mounting' but got 'GASKET - CYLINDER HEAD'","2","GASKET - CYLINDER HEAD","Hyundai / KIA","Engine / Engine Mounting","0","0","False","0","2.28","False"
"45665-4G600","real_hk_coarse","exists","Manual Transmission","Transmission","manual,transmission","FP","WRONG-PART: expected 'manual,transmission' but got 'DISK SET - 28 BRAKE'","1","DISK SET - 28 BRAKE","Hyundai / KIA","Transmission / Manual Transmission","1","0","False","1","2.31","False"
"80310-R5000","real_hk_unseeded","exists","Unknown","Unknown","","FN","no results","0","","","","0","0","False","0","1.06","False"
"87610-H9160","real_hk_seeded","exists","Exterior Mirror","Body","exterior,mirror","FP","WRONG-PART: expected 'exterior,mirror' but got 'Outside Mirror'","1","Outside Mirror","Hyundai / KIA","/ Outside Mirror","0","0","False","0","5.29","False"
"39210-3NFB0","real_hk_seeded","exists","Oxygen Sensor","Electrical","oxygen,sensor","FP","WRONG-PART: expected 'oxygen,sensor' but got 'Lambda Sensor'","2","Lambda Sensor","Hyundai / KIA","Electrical / Oxygen Sensor","0","0","False","0","2.95","False"
"35312-3N000","real_hk_coarse","exists","Drive Shaft / CV Joint","Drivetrain","drive,shaft,joint","FP","WRONG-PART: expected 'drive,shaft,joint' but got 'Radiator, engine cooling'","2","Radiator, engine cooling","Hyundai / KIA","Cooling / Radiator","0","0","False","0","2.22","False"
"91110-Q4180","real_hk_coarse","exists","Wiring Harness","Electrical","wiring,harness","FN","no results","0","","","","0","0","False","0","3.19","False"
"77990-P1000","real_hk_unseeded","exists","Unknown","Unknown","","FN","no results","0","","","","0","0","False","0","0.91","False"
"39210-08200","real_hk_seeded","exists","Oxygen Sensor","Electrical","oxygen,sensor","FP","WRONG-PART: expected 'oxygen,sensor' but got 'Lambda Sensor'","2","Lambda Sensor","Hyundai / KIA","Electrical / Oxygen Sensor","0","0","False","0","2.33","False"
"58302-ATA00","real_hk_seeded","exists","Brake Pad Set - Rear","Brakes","brake,pad,set,rear","TP","correct-but-poor: only 0 replacements (AM=0 OEMxRef=0 sup=False)","2","PAD KIT - REAR DISC BRAKE","Hyundai / KIA","Brakes / Rear Brake / Drum","0","0","False","0","3.53","False"
"92102-2T520","real_hk_seeded","exists","Headlight - Front Right","Electrical","headlight,front,right","FP","WRONG-PART: expected 'headlight,front,right' but got 'LAMP ASSY - HEAD,RH'","2","LAMP ASSY - HEAD,RH","Hyundai / KIA","Electrical / Headlight Assembly","0","0","False","0","3.32","False"
"91802-S9620","real_hk_coarse","exists","Wiring Harness","Electrical","wiring,harness","FN","no results","0","","","","0","0","False","0","3.22","False"
"84676-P1000","real_hk_coarse","exists","Interior Trim","Interior","interior,trim","FN","no results","0","","","","0","0","False","0","3.29","False"
"99240-J5500","real_hk_unseeded","exists","Unknown","Unknown","","FN","no results","0","","","","0","0","False","0","0.54","False"
"54650-CV000","real_hk_seeded","exists","Shock Absorber - Front","Suspension","shock,absorber,front","FP","WRONG-PART: expected 'shock,absorber,front' but got 'STRUT ASSY - FR,LH'","2","STRUT ASSY - FR,LH","Hyundai / KIA","Suspension / Shock Absorber (Front)","0","0","False","0","3.32","False"
"92402-Q5610","real_hk_seeded","exists","Tail Light - Rear Right","Electrical","tail,light,rear,right","TP","correct-but-poor: only 0 replacements (AM=0 OEMxRef=0 sup=False)","1","Combination Rearlight","Hyundai / KIA","/ Combination Rearlight","0","0","False","0","4.9","False"
"31348-N9010","real_hk_coarse","exists","Front Differential","Drivetrain","front,differential","FP","WRONG-PART: expected 'front,differential' but got 'HOSE ASSY - CANISTER'","2","HOSE ASSY - CANISTER","Hyundai / KIA","Drivetrain / Front Differential","0","0","False","0","2.28","False"
"91130-R0690","real_hk_coarse","exists","Wiring Harness","Electrical","wiring,harness","FN","no results","0","","","","0","0","False","0","4.1","False"
"80620-AT900","real_hk_unseeded","exists","Unknown","Unknown","","FN","no results","0","","","","0","0","False","0","0.46","False"
"54660-D9250","real_hk_seeded","exists","Shock Absorber - Front","Suspension","shock,absorber,front","TP","correct-but-poor: only 2 replacements (AM=1 OEMxRef=1 sup=False)","10","Shock Absorber","BILSTEIN","","1","1","False","2","10.47","False"
"97133-N9100","real_hk_seeded","exists","Cabin Air Filter","HVAC","cabin,air,filter","TP","correct-but-poor: only 1 replacements (AM=1 OEMxRef=0 sup=False)","2","FILTER ASSY - AIR","Hyundai / KIA","HVAC / Compressor A/C","1","0","False","1","2.99","False"
"97206-AT010","real_hk_coarse","exists","Condenser","HVAC","condenser","FP","WRONG-PART: expected 'condenser' but got 'SEPARATOR'","1","SEPARATOR","Hyundai / KIA","HVAC / Condenser","0","0","False","0","2.24","False"
"91890-CH710","real_hk_coarse","exists","Wiring Harness","Electrical","wiring,harness","FP","WRONG-PART: expected 'wiring,harness' but got 'Wire Harness (rear)'","1","Wire Harness (rear)","Hyundai / KIA","Electrical / Wiring Harness","0","0","False","0","4.09","False"
"99810-S9050","real_hk_unseeded","exists","Unknown","Unknown","","FN","no results","0","","","","0","0","False","0","0.55","False"
"87610-AT420","real_hk_seeded","exists","Exterior Mirror","Body","exterior,mirror","FP","WRONG-PART: expected 'exterior,mirror' but got 'Outside Mirror'","1","Outside Mirror","Hyundai / KIA","/ Outside Mirror","0","0","False","0","4.17","False"
"25620-3L260","real_hk_seeded","exists","Thermostat","Cooling","thermostat","TP","correct-but-poor: only 0 replacements (AM=0 OEMxRef=0 sup=False)","2","HOUSING ASSY - THERMOSTAT","Hyundai / KIA","Engine / Fuel System","0","0","False","0","3.01","False"
"55260-2P400","real_hk_coarse","exists","Rear Suspension","Suspension","rear,suspension","FP","WRONG-PART: expected 'rear,suspension' but got 'Bush, leaf spring'","2","Bush, leaf spring","Hyundai / KIA"," / Bush, leaf spring","0","0","False","0","2.28","False"
"81620-L2000","real_hk_coarse","exists","Weatherstrip & Seal","Body","weatherstrip,seal","FP","WRONG-PART: expected 'weatherstrip,seal' but got 'Indicator for Kia K5 (2020+)'","2","Indicator for Kia K5 (2020+)","Kia","/ Indicator","0","0","False","0","2.23","False"
"99155-L3100","real_hk_unseeded","exists","Unknown","Unknown","","FN","no results","0","","","","0","0","False","0","0.48","False"
"92101-H9000","real_hk_seeded","exists","Headlight - Front Left","Electrical","headlight,front,left","FP","WRONG-PART: expected 'headlight,front,left' but got 'Headlight'","1","Headlight","Hyundai / KIA","Electrical / Headlight Assembly","0","0","False","0","4.23","False"
"28310-2M900","real_hk_coarse","exists","Intake Manifold","Engine","intake,manifold","TP","correct-but-poor: only 0 replacements (AM=0 OEMxRef=0 sup=False)","2","MANIFOLD ASSY - INTAKE","Hyundai / KIA","Engine / Intake Manifold","0","0","False","0","3.1","False"
"37527-K4010","real_hk_coarse","exists","Ignition System","Electrical","ignition,system","FP","WRONG-PART: expected 'ignition,system' but got 'COVER - BATTERY MODULE'","1","COVER - BATTERY MODULE","Hyundai / KIA","Electrical / Ignition System","0","0","False","0","2.2","False"
"56390-P1030","real_hk_coarse","exists","Tie Rod","Suspension","tie,rod","FP","WRONG-PART: expected 'tie,rod' but got 'Steering Column Assembly (Rear Right) for Kia Sportage (2021+)'","1","Steering Column Assembly (Rear Right) for Kia Sportage (2021+)","Kia","Steering / Steering Column","0","0","False","0","5.13","False"
"09149-M6970","real_hk_unseeded","exists","Unknown","Unknown","","FN","no results","0","","","","0","0","False","0","0.91","False"
"54650-AT800","real_hk_seeded","exists","Shock Absorber - Front","Suspension","shock,absorber,front","TP","correct-but-poor: only 0 replacements (AM=0 OEMxRef=0 sup=False)","1","Shock Absorber","Hyundai / KIA","Suspension / Shock Absorber / Strut","0","0","False","0","5.2","False"
"39100-2M007","real_hk_coarse","exists","Sensors & Control","Electrical","sensors,control","FP","WRONG-PART: expected 'sensors,control' but got 'Joint Kit, drive shaft'","1","Joint Kit, drive shaft","Hyundai / KIA"," / Joint Kit, drive shaft","0","0","False","0","3.17","False"
"09501-C9130","real_hk_unseeded","exists","Unknown","Unknown","","FN","no results","0","","","","0","0","False","0","0.48","False"
"25310-H9050","real_hk_seeded","exists","Radiator","Cooling","radiator","TP","correct-but-poor: only 0 replacements (AM=0 OEMxRef=0 sup=False)","2","RADIATORASSY","Hyundai / KIA","Engine / Fuel Injector","0","0","False","0","3.25","False"
"84217-R0000","real_hk_coarse","exists","Interior Trim","Interior","interior,trim","FP","WRONG-PART: expected 'interior,trim' but got 'UNDER COVER ASSY,LH'","1","UNDER COVER ASSY,LH","Hyundai / KIA","Interior / Interior Trim","0","0","False","0","2.11","False"
"84633-R5000","real_hk_coarse","exists","Interior Trim","Interior","interior,trim","FN","no results","0","","","","0","0","False","0","3.19","False"
"12298-06161","real_hk_unseeded","exists","Unknown","Unknown","","FN","no results","0","","","","0","0","False","0","0.62","False"
"39210-3NFC0","real_hk_seeded","exists","Oxygen Sensor","Electrical","oxygen,sensor","FP","WRONG-PART: expected 'oxygen,sensor' but got 'Lambda Sensor'","2","Lambda Sensor","Hyundai / KIA","Electrical / Oxygen Sensor","0","0","False","0","3.32","False"
"95910-AT300","real_hk_coarse","exists","Sensors & Modules","Electrical","sensors,modules","FP","WRONG-PART: expected 'sensors,modules' but got 'Combination Rearlight'","1","Combination Rearlight","Hyundai / KIA","/ Combination Rearlight","0","0","False","0","3.2","False"
"79490-H8000","real_hk_unseeded","exists","Unknown","Unknown","","FN","no results","0","","","","0","0","False","0","0.61","False"
"55311-D3600","real_hk_seeded","exists","Shock Absorber - Rear","Suspension","shock,absorber,rear","TP","correct-but-poor: only 0 replacements (AM=0 OEMxRef=0 sup=False)","2","Shock Absorber (Passenger) for Hyundai Tucson (2015-2020)","Hyundai","Suspension / Shock Absorber / Strut","0","0","False","0","4.19","False"
"92202-Q5010","real_hk_coarse","exists","Fog Light","Electrical","fog,light","TP","correct-but-poor: only 0 replacements (AM=0 OEMxRef=0 sup=False)","1","Fog Light (Front Right)","Hyundai / KIA","/ Fog Light","0","0","False","0","3.22","False"
"99211-AT100","real_hk_unseeded","exists","Unknown","Unknown","","FN","no results","0","","","","0","0","False","0","0.5","False"
"54650-J5560","real_hk_seeded","exists","Shock Absorber - Front","Suspension","shock,absorber,front","TP","correct-but-poor: only 0 replacements (AM=0 OEMxRef=0 sup=False)","2","Shock Absorber","Hyundai / KIA","Suspension / Shock Absorber / Strut","0","0","False","0","3.48","False"
"56310-DW200","real_hk_coarse","exists","Tie Rod","Suspension","tie,rod","FP","WRONG-PART: expected 'tie,rod' but got 'Steering Column'","1","Steering Column","Hyundai / KIA","/ Steering Column","0","0","False","0","4.22","False"
"99230-P2000","real_hk_unseeded","exists","Unknown","Unknown","","FN","no results","0","","","","0","0","False","0","0.5","False"
"91802-AT490","real_hk_coarse","exists","Wiring Harness","Electrical","wiring,harness","FN","no results","0","","","","0","0","False","0","3.13","False"
"64583-AT000","real_hk_coarse","exists","Front Body / Hood","Body","front,body,hood","FP","WRONG-PART: expected 'front,body,hood' but got 'PNL ASSY - FNDR/APRON UPR OTR,RH'","1","PNL ASSY - FNDR/APRON UPR OTR,RH","Hyundai / KIA","Body / Front Body / Hood","0","0","False","0","2.23","False"
"99110-CH000","real_hk_unseeded","exists","Unknown","Unknown","","FN","no results","0","","","","0","0","False","0","0.55","False"
"23200-2S500","real_hk_coarse","exists","Cylinder Head & Valvetrain","Engine","cylinder,head,valvetrain","FP","WRONG-PART: expected 'cylinder,head,valvetrain' but got 'Flywheel (Rear) for Hyundai Tucson (2010-2015)'","2","Flywheel (Rear) for Hyundai Tucson (2010-2015)","Hyundai","/ Flywheel","0","0","False","0","2.18","False"
"86593-M7500","real_hk_coarse","exists","Mirrors","Body","mirrors","FN","no results","0","","","","0","0","False","0","3.19","False"
"99211-P1020","real_hk_unseeded","exists","Unknown","Unknown","","FN","no results","0","","","","0","0","False","0","0.53","False"
"58101-3XA00","real_hk_seeded","exists","Brake Pad Set - Front","Brakes","brake,pad,set,front","TP","correct-but-poor: only 0 replacements (AM=0 OEMxRef=0 sup=False)","20","Brake Pad Set, disc brake for Hyundai Elantra (2011-2015)","Hyundai","Brakes / Brake Pad Set","0","0","False","0","23.1","True"
"92102-CV020","real_hk_seeded","exists","Headlight - Front Right","Electrical","headlight,front,right","FP","WRONG-PART: expected 'headlight,front,right' but got 'HEAD LAMP ASSEMBLY RIGHT HAND'","1","HEAD LAMP ASSEMBLY RIGHT HAND","Hyundai / KIA","Electrical / Headlight Assembly","0","0","False","0","5.28","False"
"92101-P4100","real_hk_seeded","exists","Headlight - Front Left","Electrical","headlight,front,left","FP","WRONG-PART: expected 'headlight,front,left' but got 'HEAD LAMP ASSEMBLY LEFT HAND'","1","HEAD LAMP ASSEMBLY LEFT HAND","Hyundai / KIA","Electrical / Headlight Assembly","0","0","False","0","8.12","False"
"87610-Q5850","real_hk_seeded","exists","Exterior Mirror","Body","exterior,mirror","FP","WRONG-PART: expected 'exterior,mirror' but got 'Outside Mirror'","1","Outside Mirror","Hyundai / KIA","/ Outside Mirror","0","0","False","0","5.63","False"
"92102-M7700","real_hk_seeded","exists","Headlight - Front Right","Electrical","headlight,front,right","FP","WRONG-PART: expected 'headlight,front,right' but got 'Headlight (Driver)'","1","Headlight (Driver)","Hyundai / KIA","Electrical / Headlight Assembly","0","0","False","0","4.26","False"
"95190-AOZB0","real_hk_coarse","exists","Sensors & Modules","Electrical","sensors,modules","FP","WRONG-PART: expected 'sensors,modules' but got 'Headlight'","1","Headlight","Hyundai / KIA","Electrical / Headlight Assembly","0","0","False","0","3.19","False"
"99910-R0850","real_hk_unseeded","exists","Unknown","Unknown","","FN","no results","0","","","","0","0","False","0","0.75","False"
"88500-K0AH0","real_hk_coarse","exists","Instrument Panel / Dashboard","Interior","instrument,panel,dashboard","FP","WRONG-PART: expected 'instrument,panel,dashboard' but got 'Front Seat Belt Assembly'","2","Front Seat Belt Assembly","Hyundai / KIA","Interior / Seat Belt - Front","0","0","False","0","2.22","False"
"56390-N9030","real_hk_coarse","exists","Tie Rod","Suspension","tie,rod","FP","WRONG-PART: expected 'tie,rod' but got 'Steering Column Assembly (Rear Right) for Hyundai Tucson (2020+)'","1","Steering Column Assembly (Rear Right) for Hyundai Tucson (2020+)","Hyundai","Steering / Steering Column","0","0","False","0","4.19","False"
"20910-3CS01","real_hk_unseeded","exists","Unknown","Unknown","","FN","no results","0","","","","0","0","False","0","0.53","False"
"97285-P1000","real_hk_coarse","exists","Condenser","HVAC","condenser","FN","no results","0","","","","0","0","False","0","4.11","False"
"28650-CH550","real_hk_coarse","exists","Exhaust System","Exhaust","exhaust,system","FP","WRONG-PART: expected 'exhaust,system' but got 'Middle Silencer'","1","Middle Silencer","Hyundai / KIA","/ Middle Silencer","0","0","False","0","3.26","False"
"99211-P2000","real_hk_unseeded","exists","Unknown","Unknown","","FN","no results","0","","","","0","0","False","0","0.63","False"
"92158-CV000","real_hk_coarse","exists","Headlight Assembly","Electrical","headlight,assembly","FP","WRONG-PART: expected 'headlight,assembly' but got 'BRACKET - H/LAMP MTG SUPT,RH'","1","BRACKET - H/LAMP MTG SUPT,RH","Hyundai / KIA","Electrical / Headlight Assembly","0","0","False","0","2.23","False"
"59760-H9000","real_hk_coarse","exists","ABS / ESC","Brakes","abs,esc","FP","WRONG-PART: expected 'abs,esc' but got 'Cable, parking brake'","2","Cable, parking brake","Hyundai / KIA"," / Cable, parking brake","0","0","False","0","2.28","False"
"43800-2N000","real_hk_coarse","exists","Automatic Transmission","Transmission","automatic,transmission","FP","WRONG-PART: expected 'automatic,transmission' but got 'CYLINDER ASSY - GEAR SHIFT'","2","CYLINDER ASSY - GEAR SHIFT","Hyundai / KIA","Transmission / Automatic Transmission","0","0","False","0","2.24","False"
"20920-2EH12","real_hk_unseeded","exists","Unknown","Unknown","","FN","no results","0","","","","0","0","False","0","0.49","False"
"35341-3L050","real_hk_coarse","exists","Drive Shaft / CV Joint","Drivetrain","drive,shaft,joint","FP","WRONG-PART: expected 'drive,shaft,joint' but got 'HARNESS - INJECTOR,LH'","1","HARNESS - INJECTOR,LH","Hyundai / KIA","Drivetrain / Drive Shaft / CV Joint","0","0","False","0","3.1","False"
"28521-2T000","real_hk_coarse","exists","Coolant Hose","Cooling","coolant,hose","FP","WRONG-PART: expected 'coolant,hose' but got 'Gasket, exhaust manifold for Kia Optima (2010-2015)'","2","Gasket, exhaust manifold for Kia Optima (2010-2015)","Kia"," / Gasket, exhaust manifold","0","0","False","0","2.2","False"
"99211-Q4100","real_hk_unseeded","exists","Unknown","Unknown","","FN","no results","0","","","","0","0","False","0","0.54","False"
"86529-M7800","real_hk_coarse","exists","Mirrors","Body","mirrors","FN","no results","0","","","","0","0","False","0","3.18","False"
"54630-GI290","real_hk_coarse","exists","Shock Absorber (Front)","Suspension","shock,absorber,(front)","FP","WRONG-PART: expected 'shock,absorber,(front)' but got 'Coil Spring'","2","Coil Spring","Hyundai / KIA","/ Coil Spring","0","0","False","0","2.21","False"
"99240-Q5700","real_hk_unseeded","exists","Unknown","Unknown","","FN","no results","0","","","","0","0","False","0","0.52","False"
"82530-R0200","real_hk_coarse","exists","Glass / Windshield","Body","glass,windshield","FP","WRONG-PART: expected 'glass,windshield' but got 'RUN ASSY - FRONT DOOR WINDOW GLASS, LH'","1","RUN ASSY - FRONT DOOR WINDOW GLASS, LH","Hyundai / KIA","Body / Glass / Windshield","0","0","False","0","2.27","False"
"69510-H9000","real_hk_coarse","exists","Quarter Panel","Body","quarter,panel","FP","WRONG-PART: expected 'quarter,panel' but got 'DOORASSY - FUELFILLE'","1","DOORASSY - FUELFILLE","Hyundai / KIA","Body / Quarter Panel","0","0","False","0","3.22","False"
"99250-R0150","real_hk_unseeded","exists","Unknown","Unknown","","FN","no results","0","","","","0","0","False","0","0.53","False"
"86637-Q5700","real_hk_coarse","exists","Mirrors","Body","mirrors","FP","WRONG-PART: expected 'mirrors' but got 'BRACKET - RR BEAM LWR MTG'","1","BRACKET - RR BEAM LWR MTG","Hyundai / KIA","Body / Mirrors","0","0","False","0","2.18","False"
"91931-A9010","real_hk_coarse","exists","Wiring Harness","Electrical","wiring,harness","FP","WRONG-PART: expected 'wiring,harness' but got 'DIAGNOSIS MTG BRKT'","2","DIAGNOSIS MTG BRKT","Hyundai / KIA","Electrical / Wiring Harness","0","0","False","0","2.23","False"
"12451-05163","real_hk_unseeded","exists","Unknown","Unknown","","FN","no results","0","","","","0","0","False","0","0.52","False"
"37528-P4500","real_hk_coarse","exists","Ignition System","Electrical","ignition,system","FP","WRONG-PART: expected 'ignition,system' but got 'GASKET ASSY - WATERPROOF'","1","GASKET ASSY - WATERPROOF","Hyundai / KIA","Electrical / Ignition System","0","0","False","0","2.22","False"
"36546-1XAB0","real_hk_coarse","exists","Starter & Charging","Electrical","starter,charging","FP","WRONG-PART: expected 'starter,charging' but got 'COVER - MOTOR SOUND ABSORPTION,LWR'","1","COVER - MOTOR SOUND ABSORPTION,LWR","Hyundai / KIA","Electrical / Starter & Charging","0","0","False","0","2.19","False"
"77003-AT000","real_hk_unseeded","exists","Unknown","Unknown","","FN","no results","0","","","","0","0","False","0","0.51","False"
"89450-S9530","real_hk_coarse","exists","Air Bag System","Safety","air,bag,system","FP","WRONG-PART: expected 'air,bag,system' but got 'Piston Ring Kit'","1","Piston Ring Kit","Hyundai / KIA","/ Piston Ring Kit","0","0","False","0","3.34","False"
"80610-R5000","real_hk_unseeded","exists","Unknown","Unknown","","FN","no results","0","","","","0","0","False","0","0.49","False"
"31150-P4500","real_hk_coarse","exists","Front Differential","Drivetrain","front,differential","FP","WRONG-PART: expected 'front,differential' but got 'Fuel Tank (Rear)'","1","Fuel Tank (Rear)","Hyundai / KIA","/ Fuel Tank","0","0","False","0","4.3","False"
"80610-P1500","real_hk_unseeded","exists","Unknown","Unknown","","FN","no results","0","","","","0","0","False","0","0.44","False"
"28113-2S000","real_hk_seeded","exists","Air Filter","Engine","air,filter","TP","correct-but-poor: only 0 replacements (AM=0 OEMxRef=0 sup=False)","20","Air Filter for Hyundai Tucson (2010-2015)","Hyundai","Engine / Air Filter","0","0","False","0","11.16","False"
"82460-R0000","real_hk_seeded","exists","Power Window Motor - Front","Body","power,window,motor,front","TP","correct-but-poor: only 0 replacements (AM=0 OEMxRef=0 sup=False)","1","Electric Motor, window regulator","Hyundai / KIA"," / Electric Motor, window regulator","0","0","False","0","12.78","False"
"92401-Q5110","real_hk_seeded","exists","Tail Light - Rear Left","Electrical","tail,light,rear,left","FP","WRONG-PART: expected 'tail,light,rear,left' but got 'REAR COMBINATION LAMP ASSEMBLY'","1","REAR COMBINATION LAMP ASSEMBLY","Hyundai / KIA","Electrical / Tail Light Assembly","0","0","False","0","5.46","False"
"92102-K0620","real_hk_seeded","exists","Headlight - Front Right","Electrical","headlight,front,right","FP","WRONG-PART: expected 'headlight,front,right' but got 'Headlight'","1","Headlight","Hyundai / KIA","Electrical / Headlight Assembly","0","0","False","0","5.42","False"
"92101-G5600","real_hk_seeded","exists","Headlight - Front Left","Electrical","headlight,front,left","FP","WRONG-PART: expected 'headlight,front,left' but got 'Headlight (Passenger)'","1","Headlight (Passenger)","Hyundai / KIA","Electrical / Headlight Assembly","0","0","False","0","4.19","False"
"45910-4G100","real_hk_coarse","exists","Manual Transmission","Transmission","manual,transmission","FP","WRONG-PART: expected 'manual,transmission' but got 'SPRAG - PARKING'","1","SPRAG - PARKING","Hyundai / KIA","Transmission / Manual Transmission","0","0","False","0","3.19","False"
"11547-10251","real_hk_unseeded","exists","Unknown","Unknown","","FN","no results","0","","","","0","0","False","0","0.47","False"
"81320-M7120","real_hk_coarse","exists","Weatherstrip & Seal","Body","weatherstrip,seal","FP","WRONG-PART: expected 'weatherstrip,seal' but got 'Door Lock'","1","Door Lock","Hyundai / KIA","/ Door Lock","0","0","False","0","3.25","False"
"42951-2B010","real_hk_unseeded","exists","Unknown","Unknown","","FN","no results","0","","","","0","0","False","0","0.49","False"
"91856-G5510","real_hk_coarse","exists","Wiring Harness","Electrical","wiring,harness","FP","WRONG-PART: expected 'wiring,harness' but got 'CABLE - L.D.C POS'","1","CABLE - L.D.C POS","Hyundai / KIA","Electrical / Wiring Harness","0","0","False","0","2.24","False"
"09147-S1000","real_hk_unseeded","exists","Unknown","Unknown","","FN","no results","0","","","","0","0","False","0","0.64","False"
"91686-P4820","real_hk_coarse","exists","Wiring Harness","Electrical","wiring,harness","FN","no results","0","","","","0","0","False","0","3.17","False"
"87110-P2101","real_hk_coarse","exists","Mouldings & Trim","Body","mouldings,trim","FP","WRONG-PART: expected 'mouldings,trim' but got 'Rear Windscreen'","2","Rear Windscreen","Hyundai / KIA","/ Rear Windscreen","0","0","False","0","2.18","False"
"99246-P1100","real_hk_unseeded","exists","Unknown","Unknown","","FN","no results","0","","","","0","0","False","0","0.72","False"
"65597-P0000","real_hk_coarse","exists","Fender & Side Body","Body","fender,side,body","FP","WRONG-PART: expected 'fender,side,body' but got 'BRKT ASSY - BATTERY MTG RR'","1","BRKT ASSY - BATTERY MTG RR","Hyundai / KIA","Body / Fender & Side Body","0","0","False","0","3.12","False"
"86636-P2010","real_hk_coarse","exists","Mirrors","Body","mirrors","FP","WRONG-PART: expected 'mirrors' but got 'Washer Fluid Jet, headlight cleaning (Front Right)'","2","Washer Fluid Jet, headlight cleaning (Front Right)","Hyundai / KIA","Electrical / Headlight Assembly","0","0","False","0","2.26","False"
"99110-Q5600","real_hk_unseeded","exists","Unknown","Unknown","","FN","no results","0","","","","0","0","False","0","0.72","False"
"97788-P0000","real_hk_coarse","exists","A/C Hose & Pipe","HVAC","hose,pipe","FN","no results","0","","","","0","0","False","0","4.07","False"
"91655-AT040","real_hk_coarse","exists","Wiring Harness","Electrical","wiring,harness","FP","WRONG-PART: expected 'wiring,harness' but got 'WIRING ASSY - TAIL GATE EXTN'","1","WIRING ASSY - TAIL GATE EXTN","Hyundai / KIA","Electrical / Wiring Harness","0","0","False","0","2.32","False"
"80702-CV500","real_hk_unseeded","exists","Unknown","Unknown","","FN","no results","0","","","","0","0","False","0","0.79","False"
"92409-Q5500","real_hk_coarse","exists","Tail Light Assembly","Electrical","tail,light,assembly","FP","WRONG-PART: expected 'tail,light,assembly' but got 'Charger, charging system (Rear)'","2","Charger, charging system (Rear)","Hyundai / KIA"," / Charger, charging system","0","0","False","0","3.09","False"
"65587-R0000","real_hk_coarse","exists","Fender & Side Body","Body","fender,side,body","FP","WRONG-PART: expected 'fender,side,body' but got 'BRACKET ASSY - RR SEAT MTG,RH'","1","BRACKET ASSY - RR SEAT MTG,RH","Hyundai / KIA","Body / Fender & Side Body","0","0","False","0","2.27","False"
"99211-S9160","real_hk_unseeded","exists","Unknown","Unknown","","FN","no results","0","","","","0","0","False","0","0.87","False"
"45625-4G100","real_hk_coarse","exists","Manual Transmission","Transmission","manual,transmission","FP","WRONG-PART: expected 'manual,transmission' but got 'PISTON - LOWER &amp; REVERSE BRAKE'","1","PISTON - LOWER &amp; REVERSE BRAKE","Hyundai / KIA","Transmission / Manual Transmission","0","0","False","0","2.31","False"
"62470-R0000","real_hk_coarse","exists","Front Structure","Body","front,structure","FP","WRONG-PART: expected 'front,structure' but got 'STAY LH'","1","STAY LH","Hyundai / KIA","Body / Front Structure","0","0","False","0","2.16","False"
"99140-CV000","real_hk_unseeded","exists","Unknown","Unknown","","FN","no results","0","","","","0","0","False","0","0.82","False"
"86671-S9100","real_hk_coarse","exists","Mirrors","Body","mirrors","FN","no results","0","","","","0","0","False","0","4.14","False"
"09501-C9150","real_hk_unseeded","exists","Unknown","Unknown","","FN","no results","0","","","","0","0","False","0","0.5","False"
"25333-P2000","real_hk_coarse","exists","Fuel Injector","Engine","fuel,injector","FP","WRONG-PART: expected 'fuel,injector' but got 'Mounting, radiator'","2","Mounting, radiator","Hyundai / KIA","Cooling / Radiator","0","0","False","0","2.24","False"
"99110-G5600","real_hk_unseeded","exists","Unknown","Unknown","","FN","no results","0","","","","0","0","False","0","0.77","False"
"87110-1G210","real_hk_coarse","exists","Mouldings & Trim","Body","mouldings,trim","FP","WRONG-PART: expected 'mouldings,trim' but got 'Rear Windscreen for Hyundai Accent (2010-2017)'","2","Rear Windscreen for Hyundai Accent (2010-2017)","Hyundai","/ Rear Windscreen","0","0","False","0","2.27","False"
"11412-10161","real_hk_unseeded","exists","Unknown","Unknown","","FN","no results","0","","","","0","0","False","0","1.05","False"
"77003-R5001","real_hk_unseeded","exists","Unknown","Unknown","","FN","no results","0","","","","0","0","False","0","0.5","False"
"47425-2N000","real_hk_coarse","exists","Transfer Case","Drivetrain","transfer,case","FP","WRONG-PART: expected 'transfer,case' but got 'O - RING'","1","O - RING","Hyundai / KIA","Drivetrain / Transfer Case","0","0","False","0","2.22","False"
"99216-CV000","real_hk_unseeded","exists","Unknown","Unknown","","FN","no results","0","","","","0","0","False","0","0.75","False"
"37562-P4000","real_hk_coarse","exists","Ignition System","Electrical","ignition,system","FP","WRONG-PART: expected 'ignition,system' but got 'WIRING HARNESS - TEMPERATURE SEN'","1","WIRING HARNESS - TEMPERATURE SEN","Hyundai / KIA","Electrical / Ignition System","0","0","False","0","2.12","False"
"77111-H8000","real_hk_unseeded","exists","Unknown","Unknown","","FN","no results","0","","","","0","0","False","0","0.75","False"
"36115-3C240","real_hk_coarse","exists","Starter Motor","Electrical","starter,motor","FP","WRONG-PART: expected 'starter,motor' but got 'PACKING'","1","PACKING","Hyundai / KIA","Electrical / Starter Motor","0","0","False","0","3.13","False"
"35310-2T000","real_hk_coarse","exists","Drive Shaft / CV Joint","Drivetrain","drive,shaft,joint","FP","WRONG-PART: expected 'drive,shaft,joint' but got 'Injector for Kia Optima (2010-2015)'","2","Injector for Kia Optima (2010-2015)","Kia","/ Injector","0","0","False","0","3.16","False"
"46780-2K700","real_hk_coarse","exists","Auto Transmission Control","Transmission","auto,transmission,control","FP","WRONG-PART: expected 'auto,transmission,control' but got 'SWITCH HOUSING ASSY'","1","SWITCH HOUSING ASSY","Hyundai / KIA","Transmission / Auto Transmission Control","0","0","False","0","2.26","False"
"24322-2T000","real_hk_coarse","exists","Intake & Exhaust Manifold","Engine","intake,exhaust,manifold","FP","WRONG-PART: expected 'intake,exhaust,manifold' but got 'Chain, oil pump drive for Kia Optima (2010-2015)'","2","Chain, oil pump drive for Kia Optima (2010-2015)","Kia"," / Chain, oil pump drive","0","0","False","0","2.36","False"
"86370-Q5500","real_hk_coarse","exists","Mirrors","Body","mirrors","FP","WRONG-PART: expected 'mirrors' but got 'GARNISH - RADIATOR GRILLE'","1","GARNISH - RADIATOR GRILLE","Hyundai / KIA","Body / Mirrors","0","0","False","0","2.19","False"
"97122-N9000","real_hk_coarse","exists","Compressor A/C","HVAC","compressor","FP","WRONG-PART: expected 'compressor' but got 'DOOR ASSY - INTAKE'","1","DOOR ASSY - INTAKE","Hyundai / KIA","HVAC / Compressor A/C","0","0","False","0","2.19","False"
"86111-Q5AX0","real_hk_coarse","exists","Mirrors","Body","mirrors","FP","WRONG-PART: expected 'mirrors' but got 'Windscreen'","1","Windscreen","Hyundai / KIA","/ Windscreen","0","0","False","0","3.22","False"
"91501-R5130","real_hk_coarse","exists","Wiring Harness","Electrical","wiring,harness","FN","no results","0","","","","0","0","False","0","3.16","False"
"88350-P1090","real_hk_coarse","exists","Instrument Panel / Dashboard","Interior","instrument,panel,dashboard","FN","no results","0","","","","0","0","False","0","3.21","False"
"58110-AO000","real_hk_coarse","exists","Front Brake Pad / Disc","Brakes","front,brake,pad,disc","FP","WRONG-PART: expected 'front,brake,pad,disc' but got 'Brake Caliper'","1","Brake Caliper","Hyundai / KIA","/ Brake Caliper","0","0","False","0","3.22","False"
"88600-R5545","real_hk_coarse","exists","Instrument Panel / Dashboard","Interior","instrument,panel,dashboard","FP","WRONG-PART: expected 'instrument,panel,dashboard' but got 'Rear Seat Belt Assembly'","1","Rear Seat Belt Assembly","Hyundai / KIA","Interior / Seat Belt - Rear","0","0","False","0","4.22","False"
"91570-R0510","real_hk_coarse","exists","Wiring Harness","Electrical","wiring,harness","FN","no results","0","","","","0","0","False","0","4.08","False"
"96125-CV000","real_hk_coarse","exists","Battery","Electrical","battery","FP","WRONG-PART: expected 'battery' but got 'CHARGER ASSY - USB'","1","CHARGER ASSY - USB","Hyundai / KIA","Electrical / Battery","0","0","False","0","2.17","False"
"91861-K0520","real_hk_coarse","exists","Wiring Harness","Electrical","wiring,harness","FP","WRONG-PART: expected 'wiring,harness' but got 'Air Filter'","1","Air Filter","Hyundai / KIA","Engine / Air Filter","0","0","False","0","4.13","False"
"72800-R5300","real_hk_coarse","exists","Front Door","Body","front,door","FN","no results","0","","","","0","0","False","0","3.26","False"
"47362-4G100","real_hk_coarse","exists","Transfer Case","Drivetrain","transfer,case","FP","WRONG-PART: expected 'transfer,case' but got 'BEARING'","1","BEARING","Hyundai / KIA","Drivetrain / Transfer Case","0","0","False","0","3.25","False"
"25451-Q4720","real_hk_coarse","exists","Fuel System","Engine","fuel,system","FP","WRONG-PART: expected 'fuel,system' but got 'HOSE - RADIATOR TO RESERVOIR'","1","HOSE - RADIATOR TO RESERVOIR","Hyundai / KIA","Engine / Fuel System","0","0","False","0","2.26","False"
"43209-2N321","real_hk_coarse","exists","Automatic Transmission","Transmission","automatic,transmission","FP","WRONG-PART: expected 'automatic,transmission' but got 'SPACER'","1","SPACER","Hyundai / KIA","Transmission / Automatic Transmission","0","0","False","0","2.2","False"
"91971-F9300","real_hk_coarse","exists","Wiring Harness","Electrical","wiring,harness","FP","WRONG-PART: expected 'wiring,harness' but got 'PROTECTOR - MULTI BOX,LH'","1","PROTECTOR - MULTI BOX,LH","Hyundai / KIA","Electrical / Wiring Harness","0","0","False","0","2.22","False"
"91981-H2010","real_hk_coarse","exists","Wiring Harness","Electrical","wiring,harness","FP","WRONG-PART: expected 'wiring,harness' but got 'GROMMET'","1","GROMMET","Hyundai / KIA","Electrical / Wiring Harness","0","0","False","0","2.22","False"
"71560-P2100","real_hk_coarse","exists","Bumper","Body","bumper","FP","WRONG-PART: expected 'bumper' but got 'EXTENSION ASSY - QTR OTR RR RH'","1","EXTENSION ASSY - QTR OTR RR RH","Hyundai / KIA","Body / Bumper","0","0","False","0","3.23","False"
"86821-Q5000","real_hk_coarse","exists","Mirrors","Body","mirrors","FP","WRONG-PART: expected 'mirrors' but got 'Panelling, mudguard'","2","Panelling, mudguard","Hyundai / KIA"," / Panelling, mudguard","0","0","False","0","2.29","False"
"09474-4E200","real_hk_unseeded","exists","Unknown","Unknown","","FN","no results","0","","","","0","0","False","0","0.73","False"
"86390-DWEA0","real_hk_coarse","exists","Mirrors","Body","mirrors","FN","no results","0","","","","0","0","False","0","3.23","False"
"91115-G5410","real_hk_coarse","exists","Wiring Harness","Electrical","wiring,harness","FN","no results","0","","","","0","0","False","0","4.22","False"
"25120-2CTA0","real_hk_coarse","exists","Fuel Pump","Engine","fuel,pump","FP","WRONG-PART: expected 'fuel,pump' but got 'Fuel filter'","2","Fuel filter","Hyundai / KIA","Engine / Fuel Filter","0","0","False","0","3.13","False"
"25451-47200","real_hk_coarse","exists","Fuel System","Engine","fuel,system","FN","no results","0","","","","0","0","False","0","3.17","False"
"83654-R0100","real_hk_coarse","exists","Sunroof","Body","sunroof","FP","WRONG-PART: expected 'sunroof' but got 'PAD - DOOR OUTSIDE HANDLE,LH'","1","PAD - DOOR OUTSIDE HANDLE,LH","Hyundai / KIA","Body / Sunroof","0","0","False","0","3.16","False"
"45501-4G130","real_hk_coarse","exists","Manual Transmission","Transmission","manual,transmission","FP","WRONG-PART: expected 'manual,transmission' but got 'Steering Linkage'","2","Steering Linkage","Hyundai / KIA","/ Steering Linkage","0","0","False","0","3.2","False"
"81560-L2000","real_hk_coarse","exists","Weatherstrip & Seal","Body","weatherstrip,seal","FP","WRONG-PART: expected 'weatherstrip,seal' but got 'Combination Rearlight for Kia K5 (2020+)'","2","Combination Rearlight for Kia K5 (2020+)","Kia","/ Combination Rearlight","0","0","False","0","2.25","False"
"91931-R0010","real_hk_coarse","exists","Wiring Harness","Electrical","wiring,harness","FP","WRONG-PART: expected 'wiring,harness' but got 'BRKT - WIRING MTG'","2","BRKT - WIRING MTG","Hyundai / KIA","Electrical / Wiring Harness","0","0","False","0","2.17","False"
"55262-AR000","real_hk_coarse","exists","Rear Suspension","Suspension","rear,suspension","FP","WRONG-PART: expected 'rear,suspension' but got 'PLATE(B)'","1","PLATE(B)","Hyundai / KIA","Suspension / Rear Suspension","0","0","False","0","2.22","False"
"32450-2S098","real_hk_coarse","exists","Front Drive Shaft","Drivetrain","front,drive,shaft","FP","WRONG-PART: expected 'front,drive,shaft' but got 'Ignition Switch Key for Hyundai Tucson (2010-2015)'","1","Ignition Switch Key for Hyundai Tucson (2010-2015)","Hyundai","Engine / Ignition Switch","0","0","False","0","3.15","False"
"97107-L1000","real_hk_coarse","exists","Compressor A/C","HVAC","compressor","FP","WRONG-PART: expected 'compressor' but got 'COVER - DUST'","1","COVER - DUST","Hyundai / KIA","HVAC / Compressor A/C","0","0","False","0","2.18","False"
"39363-2M480","real_hk_coarse","exists","Sensors & Control","Electrical","sensors,control","FP","WRONG-PART: expected 'sensors,control' but got 'HOSE - DIFF PRESSURE C'","1","HOSE - DIFF PRESSURE C","Hyundai / KIA","Electrical / Sensors & Control","0","0","False","0","3.16","False"
"46356-2F600","real_hk_coarse","exists","Auto Transmission Control","Transmission","auto,transmission,control","FP","WRONG-PART: expected 'auto,transmission,control' but got 'SPRING - COIL'","2","SPRING - COIL","Hyundai / KIA","Transmission / Auto Transmission Control","0","0","False","0","3.11","False"
"21772-J5100","real_hk_coarse","exists","Engine Block & Internals","Engine","engine,block,internals","FP","WRONG-PART: expected 'engine,block,internals' but got 'INSULATOR - RR'","1","INSULATOR - RR","Hyundai / KIA","Engine / Engine Block & Internals","0","0","False","0","2.32","False"
"21950-N9110","real_hk_coarse","exists","Engine Block & Internals","Engine","engine,block,internals","FP","WRONG-PART: expected 'engine,block,internals' but got 'Engine Mounting for Hyundai Tucson (2020+)'","2","Engine Mounting for Hyundai Tucson (2020+)","Hyundai","/ Engine Mounting","0","0","False","0","2.21","False"
"91445-K0050","real_hk_coarse","exists","Wiring Harness","Electrical","wiring,harness","FN","no results","0","","","","0","0","False","0","4.1","False"
"39110-3N506","real_hk_coarse","exists","Sensors & Control","Electrical","sensors,control","FN","no results","0","","","","0","0","False","0","4.17","False"
"82420-P1010","real_hk_coarse","exists","Glass / Windshield","Body","glass,windshield","FP","WRONG-PART: expected 'glass,windshield' but got 'Side Window (Front Right) for Kia Sportage (2021+)'","2","Side Window (Front Right) for Kia Sportage (2021+)","Kia","/ Side Window","0","0","False","0","2.15","False"
"91956-R5121","real_hk_coarse","exists","Wiring Harness","Electrical","wiring,harness","FN","no results","0","","","","0","0","False","0","3.16","False"
"91921-H9300","real_hk_coarse","exists","Wiring Harness","Electrical","wiring,harness","FP","WRONG-PART: expected 'wiring,harness' but got 'Sensor, wheel speed'","2","Sensor, wheel speed","Hyundai / KIA"," / Sensor, wheel speed","0","0","False","0","2.29","False"
"86822-M7500","real_hk_coarse","exists","Mirrors","Body","mirrors","FP","WRONG-PART: expected 'mirrors' but got 'Panelling, mudguard (Rear)'","1","Panelling, mudguard (Rear)","Hyundai / KIA"," / Panelling, mudguard","0","0","False","0","3.25","False"
"66910-P2000","real_hk_coarse","exists","Rear Body / Trunk","Body","rear,body,trunk","FP","WRONG-PART: expected 'rear,body,trunk' but got 'HINGEASSY - HOODLH'","1","HINGEASSY - HOODLH","Hyundai / KIA","Body / Rear Body / Trunk","1","0","False","1","2.17","False"
"89551-S9710","real_hk_coarse","exists","Air Bag System","Safety","air,bag,system","FP","WRONG-PART: expected 'air,bag,system' but got 'Piston Ring Kit'","1","Piston Ring Kit","Hyundai / KIA","/ Piston Ring Kit","0","0","False","0","4.02","False"
"97133-D3000","real_hk_seeded","exists","Cabin Air Filter","HVAC","cabin,air,filter","TP","correct-but-poor: only 0 replacements (AM=0 OEMxRef=0 sup=False)","20","Filter, interior air for Hyundai Tucson (2015-2020)","Hyundai","HVAC / Cabin Air Filter","0","0","False","0","11.16","False"
"58302-K0A00","real_hk_seeded","exists","Brake Pad Set - Rear","Brakes","brake,pad,set,rear","TP","correct-but-poor: only 2 replacements (AM=0 OEMxRef=2 sup=False)","4","Brake Pad Set, disc brake","Hyundai / KIA","Brakes / Brake Pad Set","0","2","False","2","12.1","False"
"25310-Q5550","real_hk_seeded","exists","Radiator","Cooling","radiator","TP","correct-but-poor: only 0 replacements (AM=0 OEMxRef=0 sup=False)","1","RADIATOR ASSEMBLY","Hyundai / KIA","Engine / Fuel Injector","0","0","False","0","4.27","False"
"54650-AT100","real_hk_seeded","exists","Shock Absorber - Front","Suspension","shock,absorber,front","TP","correct-but-poor: only 0 replacements (AM=0 OEMxRef=0 sup=False)","1","Shock Absorber","Hyundai / KIA","Suspension / Shock Absorber / Strut","0","0","False","0","3.41","False"
"51712-G9200","real_hk_seeded","exists","Brake Disc - Front","Brakes","brake,disc,front","TP","correct-but-poor: only 0 replacements (AM=0 OEMxRef=0 sup=False)","2","Brake Disc for Genesis G80 (2020+)","Genesis","Brakes / Brake Disc","0","0","False","0","2.41","False"
"55405-CV000","real_hk_coarse","exists","Rear Suspension","Suspension","rear,suspension","FP","WRONG-PART: expected 'rear,suspension' but got 'CROSSMEMBER - RR'","1","CROSSMEMBER - RR","Hyundai / KIA","Suspension / Rear Suspension","0","0","False","0","3.18","False"
"99210-L3000","real_hk_unseeded","exists","Unknown","Unknown","","FN","no results","0","","","","0","0","False","0","0.55","False"
"55138-R0000","real_hk_coarse","exists","Rear Suspension","Suspension","rear,suspension","FP","WRONG-PART: expected 'rear,suspension' but got 'Control Arm-/Trailing Arm Bush'","2","Control Arm-/Trailing Arm Bush","Hyundai / KIA","/ Control Arm-/Trailing Arm Bush","0","0","False","0","2.35","False"
"09147-AR000","real_hk_unseeded","exists","Unknown","Unknown","","FN","no results","0","","","","0","0","False","0","0.58","False"
"28245-2S300","real_hk_coarse","exists","Thermostat & Housing","Cooling","thermostat,housing","FP","WRONG-PART: expected 'thermostat,housing' but got 'PIPE ASSY - OIL DRAIN'","1","PIPE ASSY - OIL DRAIN","Hyundai / KIA","Cooling / Thermostat & Housing","0","0","False","0","2.22","False"
"05203-L3750","real_hk_unseeded","exists","Unknown","Unknown","","FN","no results","0","","","","0","0","False","0","0.53","False"
"82471-R5010","real_hk_coarse","exists","Glass / Windshield","Body","glass,windshield","FP","WRONG-PART: expected 'glass,windshield' but got 'Window Regulator (Front Right)'","1","Window Regulator (Front Right)","Hyundai / KIA","/ Window Regulator","0","0","False","0","3.18","False"
"77990-R5000","real_hk_unseeded","exists","Unknown","Unknown","","FN","no results","0","","","","0","0","False","0","0.51","False"
"45806-4G120","real_hk_coarse","exists","Manual Transmission","Transmission","manual,transmission","FP","WRONG-PART: expected 'manual,transmission' but got 'BEARING - THRUST'","1","BEARING - THRUST","Hyundai / KIA","Transmission / Manual Transmission","0","0","False","0","2.2","False"
"77522-K0000","real_hk_unseeded","exists","Unknown","Unknown","","FN","no results","0","","","","0","0","False","0","0.47","False"
"83471-DW000","real_hk_coarse","exists","Sunroof","Body","sunroof","FP","WRONG-PART: expected 'sunroof' but got 'Window Regulator'","1","Window Regulator","Hyundai / KIA","/ Window Regulator","0","0","False","0","3.28","False"
"67111-H9200","real_hk_coarse","exists","Floor & Underbody","Body","floor,underbody","FP","WRONG-PART: expected 'floor,underbody' but got 'PANEL - ROOF'","2","PANEL - ROOF","Hyundai / KIA","Body / Floor & Underbody","0","0","False","0","3.23","False"
"59795-CW150","real_hk_coarse","exists","ABS / ESC","Brakes","abs,esc","FP","WRONG-PART: expected 'abs,esc' but got 'Sensor, wheel speed'","1","Sensor, wheel speed","Hyundai / KIA"," / Sensor, wheel speed","0","0","False","0","4.18","False"
"95480-G5091","real_hk_coarse","exists","Sensors & Modules","Electrical","sensors,modules","FP","WRONG-PART: expected 'sensors,modules' but got 'Headlight'","1","Headlight","Hyundai / KIA","Electrical / Headlight Assembly","0","0","False","0","5.09","False"
"86510-CV280","real_hk_coarse","exists","Mirrors","Body","mirrors","FP","WRONG-PART: expected 'mirrors' but got 'Bumper for Hyundai Staria (2021+)'","2","Bumper for Hyundai Staria (2021+)","Hyundai","/ Bumper","0","0","False","0","2.22","False"
"99130-S9050","real_hk_unseeded","exists","Unknown","Unknown","","FN","no results","0","","","","0","0","False","0","0.53","False"
"36569-1XAB0","real_hk_coarse","exists","Starter & Charging","Electrical","starter,charging","FP","WRONG-PART: expected 'starter,charging' but got 'STATOR ASSY - RSV'","1","STATOR ASSY - RSV","Hyundai / KIA","Electrical / Starter & Charging","0","0","False","0","2.22","False"
"09130-CV200","real_hk_unseeded","exists","Unknown","Unknown","","FN","no results","0","","","","0","0","False","0","0.51","False"
"31355-N9001","real_hk_coarse","exists","Front Differential","Drivetrain","front,differential","FN","no results","0","","","","0","0","False","0","3.23","False"
"80610-CV500","real_hk_unseeded","exists","Unknown","Unknown","","FN","no results","0","","","","0","0","False","0","0.77","False"
"86310-H9AA0","real_hk_coarse","exists","Mirrors","Body","mirrors","FP","WRONG-PART: expected 'mirrors' but got 'Emblem'","2","Emblem","Hyundai / KIA","/ Emblem","0","0","False","0","2.19","False"
"99230-S9500","real_hk_unseeded","exists","Unknown","Unknown","","FN","no results","0","","","","0","0","False","0","0.86","False"
"97130-CV000","real_hk_coarse","exists","Compressor A/C","HVAC","compressor","FP","WRONG-PART: expected 'compressor' but got 'CONDENSER'","1","CONDENSER","Hyundai / KIA","HVAC / Compressor A/C","0","0","False","0","2.33","False"
"88410-J5730","real_hk_coarse","exists","Instrument Panel / Dashboard","Interior","instrument,panel,dashboard","FP","WRONG-PART: expected 'instrument,panel,dashboard' but got 'Compressor, air conditioning'","1","Compressor, air conditioning","Hyundai / KIA"," / Compressor, air conditioning","0","0","False","0","3.16","False"
"09474-4E500","real_hk_unseeded","exists","Unknown","Unknown","","FN","no results","0","","","","0","0","False","0","0.47","False"
"88600-M7170","real_hk_coarse","exists","Instrument Panel / Dashboard","Interior","instrument,panel,dashboard","FP","WRONG-PART: expected 'instrument,panel,dashboard' but got 'Rear Seat Belt Assembly'","1","Rear Seat Belt Assembly","Hyundai / KIA","Interior / Seat Belt - Rear","0","0","False","0","4.1","False"
"12452-05163","real_hk_unseeded","exists","Unknown","Unknown","","FN","no results","0","","","","0","0","False","0","0.97","False"
"87711-R5000","real_hk_coarse","exists","Mouldings & Trim","Body","mouldings,trim","FP","WRONG-PART: expected 'mouldings,trim' but got 'Trim/Protective Strip, wing'","1","Trim/Protective Strip, wing","Hyundai / KIA"," / Trim/Protective Strip, wing","0","0","False","0","4.2","False"
"05203-AT200","real_hk_unseeded","exists","Unknown","Unknown","","FN","no results","0","","","","0","0","False","0","0.75","False"
"91822-S9220","real_hk_coarse","exists","Wiring Harness","Electrical","wiring,harness","FN","no results","0","","","","0","0","False","0","4.17","False"
"99155-J5000","real_hk_unseeded","exists","Unknown","Unknown","","FN","no results","0","","","","0","0","False","0","1.05","False"
"65720-S9050","real_hk_coarse","exists","Fender & Side Body","Body","fender,side,body","FP","WRONG-PART: expected 'fender,side,body' but got 'MEMBER ASSY - REAR FLOOR SIDE,RH'","1","MEMBER ASSY - REAR FLOOR SIDE,RH","Hyundai / KIA","Body / Fender & Side Body","0","0","False","0","2.24","False"
"97761-Q5510","real_hk_coarse","exists","A/C Hose & Pipe","HVAC","hose,pipe","FP","WRONG-PART: expected 'hose,pipe' but got 'PIPE &amp; TUBE ASSY'","1","PIPE &amp; TUBE ASSY","Hyundai / KIA","HVAC / A/C Hose & Pipe","0","0","False","0","3.21","False"
"37562-K4030","real_hk_coarse","exists","Ignition System","Electrical","ignition,system","FP","WRONG-PART: expected 'ignition,system' but got 'WIRING HARNESS - VOLT &amp; TEMP SEN'","1","WIRING HARNESS - VOLT &amp; TEMP SEN","Hyundai / KIA","Electrical / Ignition System","0","0","False","0","2.27","False"
"86531-DWEB0","real_hk_coarse","exists","Mirrors","Body","mirrors","FP","WRONG-PART: expected 'mirrors' but got 'Support, bumper'","1","Support, bumper","Hyundai / KIA"," / Support, bumper","0","0","False","0","4.18","False"
"91110-L3050","real_hk_coarse","exists","Wiring Harness","Electrical","wiring,harness","FN","no results","0","","","","0","0","False","0","5.14","False"
"91510-M7802","real_hk_coarse","exists","Wiring Harness","Electrical","wiring,harness","FN","no results","0","","","","0","0","False","0","3.24","False"
"45808-4G130","real_hk_coarse","exists","Manual Transmission","Transmission","manual,transmission","FP","WRONG-PART: expected 'manual,transmission' but got 'RACE - THRUST'","1","RACE - THRUST","Hyundai / KIA","Transmission / Manual Transmission","0","0","False","0","2.21","False"
"45835-3B466","real_hk_coarse","exists","Manual Transmission","Transmission","manual,transmission","FP","WRONG-PART: expected 'manual,transmission' but got 'SPACER'","1","SPACER","Hyundai / KIA","Transmission / Manual Transmission","0","0","False","0","2.19","False"
"88551-R5510","real_hk_coarse","exists","Instrument Panel / Dashboard","Interior","instrument,panel,dashboard","FN","no results","0","","","","0","0","False","0","4.2","False"
"24460-2T000","real_hk_coarse","exists","Intake & Exhaust Manifold","Engine","intake,exhaust,manifold","FP","WRONG-PART: expected 'intake,exhaust,manifold' but got 'TENSIONER ASSY - OIL PUMP CHAIN'","1","TENSIONER ASSY - OIL PUMP CHAIN","Hyundai / KIA","Engine / Intake & Exhaust Manifold","0","0","False","0","2.62","False"
"31471-2F001","real_hk_coarse","exists","Front Differential","Drivetrain","front,differential","FP","WRONG-PART: expected 'front,differential' but got 'Hose, fuel overflow'","2","Hose, fuel overflow","Hyundai / KIA"," / Hose, fuel overflow","0","0","False","0","3.26","False"
"58722-L0000","real_hk_coarse","exists","Brakes","Brakes","brakes","FN","no results","0","","","","0","0","False","0","3.2","False"
"96175-Q5CA0","real_hk_coarse","exists","Battery","Electrical","battery","FN","no results","0","","","","0","0","False","0","3.58","False"
"55410-AO000","real_hk_coarse","exists","Rear Suspension","Suspension","rear,suspension","FP","WRONG-PART: expected 'rear,suspension' but got 'Axle Beam'","1","Axle Beam","Hyundai / KIA","/ Axle Beam","0","0","False","0","3.17","False"
"82420-Q5110","real_hk_coarse","exists","Glass / Windshield","Body","glass,windshield","FP","WRONG-PART: expected 'glass,windshield' but got 'Side Window'","2","Side Window","Hyundai / KIA","/ Side Window","0","0","False","0","2.25","False"
"64501-R0000","real_hk_coarse","exists","Front Body / Hood","Body","front,body,hood","FP","WRONG-PART: expected 'front,body,hood' but got 'PANEL ASSY - FNDR APRON,LH'","1","PANEL ASSY - FNDR APRON,LH","Hyundai / KIA","Body / Front Body / Hood","0","0","False","0","3.24","False"
"28140-Q5500","real_hk_coarse","exists","Radiator","Cooling","radiator","FP","WRONG-PART: expected 'radiator' but got 'Holder, carbon brushes (Rear)'","1","Holder, carbon brushes (Rear)","Hyundai / KIA"," / Holder, carbon brushes","0","0","False","0","4.21","False"
"58753-D2100","real_hk_coarse","exists","Brakes","Brakes","brakes","FP","WRONG-PART: expected 'brakes' but got 'CLIP'","1","CLIP","Hyundai / KIA","Brakes / Brakes","0","0","False","0","3.02","False"
"91958-CV210","real_hk_coarse","exists","Wiring Harness","Electrical","wiring,harness","FP","WRONG-PART: expected 'wiring,harness' but got 'JUNCTION BOX ASSY - HIGH VOLTAGE'","1","JUNCTION BOX ASSY - HIGH VOLTAGE","Hyundai / KIA","Electrical / Wiring Harness","0","0","False","0","3.22","False"
"62471-R0000","real_hk_coarse","exists","Front Structure","Body","front,structure","FP","WRONG-PART: expected 'front,structure' but got 'STAY RH'","1","STAY RH","Hyundai / KIA","Body / Front Structure","0","0","False","0","2.3","False"
"81679-CV000","real_hk_coarse","exists","Weatherstrip & Seal","Body","weatherstrip,seal","FP","WRONG-PART: expected 'weatherstrip,seal' but got 'MOTOR ASSY - P/ROOF(ROLLER)'","1","MOTOR ASSY - P/ROOF(ROLLER)","Hyundai / KIA","Body / Weatherstrip & Seal","0","0","False","0","3.13","False"
"56521-N9000","real_hk_coarse","exists","Steering Column & Gear","Suspension","steering,column,gear","TP","correct-but-poor: only 0 replacements (AM=0 OEMxRef=0 sup=False)","2","Bearing, steering gear for Hyundai Tucson (2020+)","Hyundai"," / Bearing, steering gear","0","0","False","0","2.27","False"
"87370-CH210","real_hk_coarse","exists","Mouldings & Trim","Body","mouldings,trim","FN","no results","0","","","","0","0","False","0","4.17","False"
"88600-A9730","real_hk_coarse","exists","Instrument Panel / Dashboard","Interior","instrument,panel,dashboard","FP","WRONG-PART: expected 'instrument,panel,dashboard' but got 'Rear Seat Belt Assembly for Kia Carnival (2014-2020)'","1","Rear Seat Belt Assembly for Kia Carnival (2014-2020)","Kia","Interior / Seat Belt - Rear","0","0","False","0","3.15","False"
"88299-J5000","real_hk_coarse","exists","Instrument Panel / Dashboard","Interior","instrument,panel,dashboard","FN","no results","0","","","","0","0","False","0","4.18","False"
"91615-M7830","real_hk_coarse","exists","Wiring Harness","Electrical","wiring,harness","FN","no results","0","","","","0","0","False","0","3.26","False"
"56370-AT000","real_hk_coarse","exists","Tie Rod","Suspension","tie,rod","FP","WRONG-PART: expected 'tie,rod' but got 'Joint, steering column'","2","Joint, steering column","Hyundai / KIA"," / Joint, steering column","0","0","False","0","3.48","False"
"58244-AA310","real_hk_coarse","exists","Front Brake Caliper","Brakes","front,brake,caliper","FP","WRONG-PART: expected 'front,brake,caliper' but got 'SPRING - PAD (B)'","2","SPRING - PAD (B)","Hyundai / KIA","Brakes / Front Brake Caliper","0","0","False","0","2.25","False"
"25451-G2120","real_hk_coarse","exists","Fuel System","Engine","fuel,system","FP","WRONG-PART: expected 'fuel,system' but got 'HOSE - WATER'","1","HOSE - WATER","Hyundai / KIA","Engine / Fuel System","0","0","False","0","2.28","False"
"86300-P2000","real_hk_coarse","exists","Mirrors","Body","mirrors","FP","WRONG-PART: expected 'mirrors' but got 'Emblem'","2","Emblem","Hyundai / KIA","/ Emblem","0","0","False","0","2.28","False"
"58737-J5200","real_hk_coarse","exists","Brakes","Brakes","brakes","FP","WRONG-PART: expected 'brakes' but got 'Brake Hose'","2","Brake Hose","Hyundai / KIA","/ Brake Hose","0","0","False","0","2.24","False"
"91811-R0400","real_hk_coarse","exists","Wiring Harness","Electrical","wiring,harness","FN","no results","0","","","","0","0","False","0","4.2","False"
"49501-M7450","real_hk_coarse","exists","Transfer Case / 4WD","Drivetrain","transfer,case,4wd","FP","WRONG-PART: expected 'transfer,case,4wd' but got 'Drive Shaft'","1","Drive Shaft","Hyundai / KIA","/ Drive Shaft","0","0","False","0","3.26","False"
"84126-P1000","real_hk_coarse","exists","Interior Trim","Interior","interior,trim","FP","WRONG-PART: expected 'interior,trim' but got 'Sticker for Kia Sportage (2021+)'","2","Sticker for Kia Sportage (2021+)","Kia","/ Sticker","0","0","False","0","3.3","False"
"65518-N9000","real_hk_coarse","exists","Fender & Side Body","Body","fender,side,body","FN","no results","0","","","","0","0","False","0","4.23","False"
"86541-S9700","real_hk_coarse","exists","Mirrors","Body","mirrors","FN","no results","0","","","","0","0","False","0","4.15","False"
"58531-P2100","real_hk_coarse","exists","Parking Brake","Brakes","parking,brake","FP","WRONG-PART: expected 'parking,brake' but got 'CAP ASSY - RESERVOIR'","1","CAP ASSY - RESERVOIR","Hyundai / KIA","Brakes / Parking Brake","0","0","False","0","2.19","False"
"97134-Q5100","real_hk_seeded","exists","Cabin Air Filter","HVAC","cabin,air,filter","TP","correct-but-poor: only 0 replacements (AM=0 OEMxRef=0 sup=False)","2","Filter, interior air","Hyundai / KIA","HVAC / Cabin Air Filter","0","0","False","0","3.09","False"
"49300-P2000","real_hk_coarse","exists","Transfer Case / 4WD","Drivetrain","transfer,case,4wd","FP","WRONG-PART: expected 'transfer,case,4wd' but got 'Propshaft, axle drive'","2","Propshaft, axle drive","Hyundai / KIA"," / Propshaft, axle drive","0","0","False","0","2.28","False"
"80702-L2000","real_hk_unseeded","exists","Unknown","Unknown","","FN","no results","0","","","","0","0","False","0","0.67","False"
"55230-N9500","real_hk_coarse","exists","Rear Suspension","Suspension","rear,suspension","FP","WRONG-PART: expected 'rear,suspension' but got 'COVER - ASSIST ARM MTG,LH'","2","COVER - ASSIST ARM MTG,LH","Hyundai / KIA","Suspension / Rear Suspension","0","0","False","0","2.23","False"
"86591-S9500","real_hk_coarse","exists","Mirrors","Body","mirrors","FP","WRONG-PART: expected 'mirrors' but got 'Spoiler (Rear)'","2","Spoiler (Rear)","Hyundai / KIA","/ Spoiler","0","0","False","0","2.32","False"
"87383-R0000","real_hk_coarse","exists","Mouldings & Trim","Body","mouldings,trim","FP","WRONG-PART: expected 'mouldings,trim' but got 'SEALING PAD - B/PNL MLDG NO.5'","1","SEALING PAD - B/PNL MLDG NO.5","Hyundai / KIA","Body / Mouldings & Trim","0","0","False","0","3.43","False"
"39122-2SMN1","real_hk_coarse","exists","Sensors & Control","Electrical","sensors,control","FP","WRONG-PART: expected 'sensors,control' but got 'Tensioner Pulley, timing belt for Hyundai Tucson (2010-2015)'","1","Tensioner Pulley, timing belt for Hyundai Tucson (2010-2015)","Hyundai"," / Tensioner Pulley, timing belt","0","0","False","0","3.22","False"
"86634-P2010","real_hk_coarse","exists","Mirrors","Body","mirrors","FP","WRONG-PART: expected 'mirrors' but got 'Support, bumper (Front Right)'","2","Support, bumper (Front Right)","Hyundai / KIA"," / Support, bumper","0","0","False","0","2.57","False"
"96340-R0000","real_hk_coarse","exists","Battery & Charging","Electrical","battery,charging","FP","WRONG-PART: expected 'battery,charging' but got 'SPEAKER ASSY - REAR DOOR'","1","SPEAKER ASSY - REAR DOOR","Hyundai / KIA","Electrical / Battery & Charging","0","0","False","0","2.29","False"
"97245-P2030","real_hk_coarse","exists","Condenser","HVAC","condenser","FP","WRONG-PART: expected 'condenser' but got 'SEAL - DUCT NO.4'","1","SEAL - DUCT NO.4","Hyundai / KIA","HVAC / Condenser","0","0","False","0","3.27","False"
"95442-3D300","real_hk_coarse","exists","Sensors & Modules","Electrical","sensors,modules","FP","WRONG-PART: expected 'sensors,modules' but got 'BRACKET - T/M CONTROL MODULE'","1","BRACKET - T/M CONTROL MODULE","Hyundai / KIA","Electrical / Sensors & Modules","0","0","False","0","2.29","False"
"86351-CV000","real_hk_coarse","exists","Mirrors","Body","mirrors","FP","WRONG-PART: expected 'mirrors' but got 'Radiator Grille for Hyundai Staria (2021+)'","2","Radiator Grille for Hyundai Staria (2021+)","Hyundai","Cooling / Radiator","0","0","False","0","3.04","False"
"92970-R0000","real_hk_coarse","exists","Lighting - Headlights","Electrical","lighting,headlights","FP","WRONG-PART: expected 'lighting,headlights' but got 'LAMP ASSY - MOOD,LH'","1","LAMP ASSY - MOOD,LH","Hyundai / KIA","Electrical / Lighting - Headlights","0","0","False","0","3.21","False"
"52910-K0300","real_hk_coarse","exists","Wheels & Tires","Suspension","wheels,tires","FP","WRONG-PART: expected 'wheels,tires' but got 'WHEELASSY - ALUMINIUM'","2","WHEELASSY - ALUMINIUM","Hyundai / KIA","Suspension / Wheels & Tires","0","0","False","0","2.17","False"
"91840-CH020","real_hk_coarse","exists","Wiring Harness","Electrical","wiring,harness","FP","WRONG-PART: expected 'wiring,harness' but got 'V-Ribbed Belt (Front Left)'","1","V-Ribbed Belt (Front Left)","Hyundai / KIA","/ V-Ribbed Belt","0","0","False","0","3.29","False"
"91710-J5351","real_hk_coarse","exists","Wiring Harness","Electrical","wiring,harness","FN","no results","0","","","","0","0","False","0","4.09","False"
"21950-N9310","real_hk_coarse","exists","Engine Block & Internals","Engine","engine,block,internals","FP","WRONG-PART: expected 'engine,block,internals' but got 'Engine Mounting for Hyundai Tucson (2020+)'","1","Engine Mounting for Hyundai Tucson (2020+)","Hyundai","/ Engine Mounting","0","0","False","0","3.27","False"
"97255-AT250","real_hk_coarse","exists","Condenser","HVAC","condenser","FN","no results","0","","","","0","0","False","0","4.13","False"
"89150-DW010","real_hk_coarse","exists","Air Bag System","Safety","air,bag,system","FP","WRONG-PART: expected 'air,bag,system' but got 'Piston Ring Kit (Front Right)'","1","Piston Ring Kit (Front Right)","Hyundai / KIA","/ Piston Ring Kit","0","0","False","0","4.14","False"
"91602-DW350","real_hk_coarse","exists","Wiring Harness","Electrical","wiring,harness","FN","no results","0","","","","0","0","False","0","4.27","False"
"84410-CV200","real_hk_coarse","exists","Interior Trim","Interior","interior,trim","FN","no results","0","","","","0","0","False","0","3.18","False"
"18790-00727","real_hk_coarse","exists","Ignition System","Engine","ignition,system","FP","WRONG-PART: expected 'ignition,system' but got 'Assortment, fuses'","2","Assortment, fuses","Hyundai / KIA"," / Assortment, fuses","0","0","False","0","2.37","False"
"95450-P4000","real_hk_coarse","exists","Sensors & Modules","Electrical","sensors,modules","FP","WRONG-PART: expected 'sensors,modules' but got 'UNIT ASSY - MEMORY POWER SEAT'","2","UNIT ASSY - MEMORY POWER SEAT","Hyundai / KIA","Electrical / Sensors & Modules","0","0","False","0","2.48","False"
"91710-J5561","real_hk_coarse","exists","Wiring Harness","Electrical","wiring,harness","FN","no results","0","","","","0","0","False","0","3.23","False"
"88553-F6KE0","real_hk_coarse","exists","Instrument Panel / Dashboard","Interior","instrument,panel,dashboard","FN","no results","0","","","","0","0","False","0","3.09","False"
"91951-R5310","real_hk_coarse","exists","Wiring Harness","Electrical","wiring,harness","FP","WRONG-PART: expected 'wiring,harness' but got 'Junction Box (multi-use)'","1","Junction Box (multi-use)","Hyundai / KIA","Electrical / Junction Box","0","0","False","0","3.18","False"
"45671-4G137","real_hk_coarse","exists","Manual Transmission","Transmission","manual,transmission","FP","WRONG-PART: expected 'manual,transmission' but got 'PRESSURE PLATE - 2/8 BRAKE'","1","PRESSURE PLATE - 2/8 BRAKE","Hyundai / KIA","Transmission / Manual Transmission","0","0","False","0","3.25","False"
"95770-D5010","real_hk_coarse","exists","Sensors & Modules","Electrical","sensors,modules","FP","WRONG-PART: expected 'sensors,modules' but got 'Door Lock (Front Right)'","1","Door Lock (Front Right)","Hyundai / KIA","/ Door Lock","0","0","False","0","3.23","False"
"31333-AA000","real_hk_coarse","exists","Front Differential","Drivetrain","front,differential","FP","WRONG-PART: expected 'front,differential' but got 'HOLDER - FUEL TUBE'","1","HOLDER - FUEL TUBE","Hyundai / KIA","Drivetrain / Front Differential","0","0","False","0","2.22","False"
"82210-P1110","real_hk_coarse","exists","Glass / Windshield","Body","glass,windshield","FP","WRONG-PART: expected 'glass,windshield' but got 'W/STRIP ASSY - FR DR BELT O/S LH'","2","W/STRIP ASSY - FR DR BELT O/S LH","Hyundai / KIA","Body / Glass / Windshield","0","0","False","0","2.32","False"
"22110-2S500","real_hk_coarse","exists","Engine Mounting","Engine","engine,mounting","FP","WRONG-PART: expected 'engine,mounting' but got 'HEAD SUB ASSY - CYLINDER'","2","HEAD SUB ASSY - CYLINDER","Hyundai / KIA","Engine / Engine Mounting","0","0","False","0","3.21","False"
"94031-J5620","real_hk_coarse","exists","Audio & Display","Electrical","audio,display","FN","no results","0","","","","0","0","False","0","4.18","False"
"83915-R5000","real_hk_coarse","exists","Sunroof","Body","sunroof","FN","no results","0","","","","0","0","False","0","4.19","False"
"93406-J5515","real_hk_coarse","exists","Lighting - Interior","Electrical","lighting,interior","FN","no results","0","","","","0","0","False","0","4.22","False"
"97775-M7100","real_hk_coarse","exists","A/C Hose & Pipe","HVAC","hose,pipe","FN","no results","0","","","","0","0","False","0","3.19","False"
"84619-DW000","real_hk_coarse","exists","Interior Trim","Interior","interior,trim","FN","no results","0","","","","0","0","False","0","5.15","False"
"64575-P1000","real_hk_coarse","exists","Front Body / Hood","Body","front,body,hood","FN","no results","0","","","","0","0","False","0","4.21","False"
"86511-P2010","real_hk_coarse","exists","Mirrors","Body","mirrors","FP","WRONG-PART: expected 'mirrors' but got 'Bumper (Front Right)'","2","Bumper (Front Right)","Hyundai / KIA","/ Bumper","0","0","False","0","2.25","False"
"25450-R0100","real_hk_coarse","exists","Fuel System","Engine","fuel,system","FP","WRONG-PART: expected 'fuel,system' but got 'Coolant Tube'","2","Coolant Tube","Hyundai / KIA","/ Coolant Tube","0","0","False","0","2.24","False"
"37562-L5000","real_hk_coarse","exists","Ignition System","Electrical","ignition,system","FP","WRONG-PART: expected 'ignition,system' but got 'WIRING HARNESS - TEMPERATURE SEN'","1","WIRING HARNESS - TEMPERATURE SEN","Hyundai / KIA","Electrical / Ignition System","0","0","False","0","2.18","False"
"65112-R0100","real_hk_coarse","exists","Fender & Side Body","Body","fender,side,body","FP","WRONG-PART: expected 'fender,side,body' but got 'PANEL - CENTER FLOOR'","1","PANEL - CENTER FLOOR","Hyundai / KIA","Body / Fender & Side Body","0","0","False","0","2.23","False"
"71402-J5050","real_hk_coarse","exists","Bumper","Body","bumper","FP","WRONG-PART: expected 'bumper' but got 'PILLAR ASSY - CENTER INNER,RH'","1","PILLAR ASSY - CENTER INNER,RH","Hyundai / KIA","Body / Bumper","0","0","False","0","3.2","False"
"86316-S9500","real_hk_coarse","exists","Mirrors","Body","mirrors","FP","WRONG-PART: expected 'mirrors' but got 'EMBLEM - 4X'","1","EMBLEM - 4X","Hyundai / KIA","Body / Mirrors","0","0","False","0","2.21","False"
"24551-3N100","real_hk_coarse","exists","Intake & Exhaust Manifold","Engine","intake,exhaust,manifold","FP","WRONG-PART: expected 'intake,exhaust,manifold' but got 'Rocker Arm, engine timing'","2","Rocker Arm, engine timing","Hyundai / KIA"," / Rocker Arm, engine timing","0","0","False","0","3.2","False"
"92161-3R010","real_hk_coarse","exists","Headlight Assembly","Electrical","headlight,assembly","FP","WRONG-PART: expected 'headlight,assembly' but got 'Bulb (Front Right)'","2","Bulb (Front Right)","Hyundai / KIA","/ Bulb","1","1","True","3","8.49","False"
"81900-3WF00","real_hk_coarse","exists","Weatherstrip & Seal","Body","weatherstrip,seal","FP","WRONG-PART: expected 'weatherstrip,seal' but got 'Ignition Coil for Kia Sportage (2010-2015)'","2","Ignition Coil for Kia Sportage (2010-2015)","Kia","Engine / Ignition Coil","0","0","False","0","3.26","False"
"39423-2S200","real_hk_coarse","exists","Sensors & Control","Electrical","sensors,control","FP","WRONG-PART: expected 'sensors,control' but got 'BRACKET - CONNECTOR'","1","BRACKET - CONNECTOR","Hyundai / KIA","Electrical / Sensors & Control","0","0","False","0","3.32","False"
"79480-H8000","real_hk_unseeded","exists","Unknown","Unknown","","FN","no results","0","","","","0","0","False","0","0.49","False"
"45720-4J600","real_hk_coarse","exists","Manual Transmission","Transmission","manual,transmission","FP","WRONG-PART: expected 'manual,transmission' but got 'Belt Tensioner, V-ribbed belt (Passenger)'","2","Belt Tensioner, V-ribbed belt (Passenger)","Hyundai / KIA"," / Belt Tensioner, V-ribbed belt","0","0","False","0","2.21","False"
"96230-J5300","real_hk_coarse","exists","Battery & Charging","Electrical","battery,charging","FP","WRONG-PART: expected 'battery,charging' but got 'Gasket, cylinder head'","2","Gasket, cylinder head","Hyundai / KIA"," / Gasket, cylinder head","0","0","False","0","2.29","False"
"96611-AT000","real_hk_coarse","exists","Battery & Charging","Electrical","battery,charging","FP","WRONG-PART: expected 'battery,charging' but got 'HORN ASSY - LOW PITCH'","2","HORN ASSY - LOW PITCH","Hyundai / KIA","Electrical / Battery & Charging","0","0","False","0","2.21","False"
"58920-N9010","real_hk_coarse","exists","Brake Fluid Reservoir","Brakes","brake,fluid,reservoir","FP","WRONG-PART: expected 'brake,fluid,reservoir' but got 'BRACKET - HYDRAULIC MODULE'","2","BRACKET - HYDRAULIC MODULE","Hyundai / KIA","Brakes / Brake Fluid Reservoir","0","0","False","0","3.2","False"
"91600-B2202","real_hk_coarse","exists","Wiring Harness","Electrical","wiring,harness","FP","WRONG-PART: expected 'wiring,harness' but got 'Wire Harness (front body) for Kia Soul (2008-2013)'","1","Wire Harness (front body) for Kia Soul (2008-2013)","Kia","Electrical / Wiring Harness","0","0","False","0","4.18","False"
"55330-H9000","real_hk_coarse","exists","Shock Absorber (Rear)","Suspension","shock,absorber,(rear)","FP","WRONG-PART: expected 'shock,absorber,(rear)' but got 'Coil Spring'","1","Coil Spring","Hyundai / KIA","/ Coil Spring","0","0","False","0","4.13","False"
"58310-CVA50","real_hk_coarse","exists","Rear Brake / Drum","Brakes","rear,brake,drum","FP","WRONG-PART: expected 'rear,brake,drum' but got 'Brake Caliper for Hyundai Staria (2021+)'","2","Brake Caliper for Hyundai Staria (2021+)","Hyundai","/ Brake Caliper","0","0","False","0","2.21","False"
"58736-CW000","real_hk_coarse","exists","Brakes","Brakes","brakes","FP","WRONG-PART: expected 'brakes' but got 'Brake Hose'","1","Brake Hose","Hyundai / KIA","/ Brake Hose","0","0","False","0","3.14","False"
"65700-R0100","real_hk_coarse","exists","Fender & Side Body","Body","fender,side,body","FP","WRONG-PART: expected 'fender,side,body' but got 'Boot-/Cargo Area Hatch'","2","Boot-/Cargo Area Hatch","Hyundai / KIA","/ Boot-/Cargo Area Hatch","0","0","False","0","3.48","False"
"91515-G5180","real_hk_coarse","exists","Wiring Harness","Electrical","wiring,harness","FN","no results","0","","","","0","0","False","0","4.29","False"
"88450-M6510","real_hk_coarse","exists","Instrument Panel / Dashboard","Interior","instrument,panel,dashboard","FP","WRONG-PART: expected 'instrument,panel,dashboard' but got 'PAD ASSY - FRT SEAT BACK,RH'","2","PAD ASSY - FRT SEAT BACK,RH","Hyundai / KIA","Interior / Instrument Panel / Dashboard","0","0","False","0","2.22","False"
"96330-DW000","real_hk_coarse","exists","Battery & Charging","Electrical","battery,charging","FP","WRONG-PART: expected 'battery,charging' but got 'Radiator, engine cooling'","1","Radiator, engine cooling","Hyundai / KIA","Cooling / Radiator","0","0","False","0","4.13","False"
"97300-P2000","real_hk_coarse","exists","Evaporator","HVAC","evaporator","FP","WRONG-PART: expected 'evaporator' but got 'SHAFT'","1","SHAFT","Hyundai / KIA","HVAC / Evaporator","0","0","False","0","3.28","False"
"89663-R5000","real_hk_coarse","exists","Air Bag System","Safety","air,bag,system","FN","no results","0","","","","0","0","False","0","4.25","False"
"45835-3B675","real_hk_coarse","exists","Manual Transmission","Transmission","manual,transmission","FP","WRONG-PART: expected 'manual,transmission' but got 'SPACER'","1","SPACER","Hyundai / KIA","Transmission / Manual Transmission","0","0","False","0","2.24","False"
"49560-CW150","real_hk_coarse","exists","Transfer Case / 4WD","Drivetrain","transfer,case,4wd","FP","WRONG-PART: expected 'transfer,case,4wd' but got 'Drive Shaft'","1","Drive Shaft","Hyundai / KIA","/ Drive Shaft","0","0","False","0","3.13","False"
"96130-AT000","real_hk_coarse","exists","Battery","Electrical","battery","FP","WRONG-PART: expected 'battery' but got 'MONITOR ASSY - AUDIO'","2","MONITOR ASSY - AUDIO","Hyundai / KIA","Electrical / Battery","0","0","False","0","3.24","False"
"91400-P4061","real_hk_coarse","exists","Wiring Harness","Electrical","wiring,harness","FP","WRONG-PART: expected 'wiring,harness' but got 'Resistor, interior blower'","1","Resistor, interior blower","Hyundai / KIA"," / Resistor, interior blower","0","0","False","0","5.28","False"
"86610-R5000","real_hk_coarse","exists","Mirrors","Body","mirrors","FP","WRONG-PART: expected 'mirrors' but got 'Bumper'","1","Bumper","Hyundai / KIA","/ Bumper","0","0","False","0","3.15","False"
"83860-P1010","real_hk_coarse","exists","Sunroof","Body","sunroof","FN","no results","0","","","","0","0","False","0","4.26","False"
"91840-R0370","real_hk_coarse","exists","Wiring Harness","Electrical","wiring,harness","FP","WRONG-PART: expected 'wiring,harness' but got 'WIRING ASSY - FEM'","2","WIRING ASSY - FEM","Hyundai / KIA","Electrical / Wiring Harness","0","0","False","0","3.19","False"
"91971-2W090","real_hk_coarse","exists","Wiring Harness","Electrical","wiring,harness","FP","WRONG-PART: expected 'wiring,harness' but got 'PROTECTOR - CONTROL WIRING'","1","PROTECTOR - CONTROL WIRING","Hyundai / KIA","Electrical / Wiring Harness","0","0","False","0","2.26","False"
"54651-Q5UC0","real_hk_coarse","exists","Shock Absorber (Front)","Suspension","shock,absorber,(front)","TP","correct-but-poor: only 0 replacements (AM=0 OEMxRef=0 sup=False)","1","Shock Absorber","Hyundai / KIA","Suspension / Shock Absorber / Strut","0","0","False","0","4.23","False"
"86664-M7EA0","real_hk_coarse","exists","Mirrors","Body","mirrors","FN","no results","0","","","","0","0","False","0","4.23","False"
"82655-P1000","real_hk_coarse","exists","Glass / Windshield","Body","glass,windshield","FP","WRONG-PART: expected 'glass,windshield' but got 'BASEASSY - FRDRO/S'","1","BASEASSY - FRDRO/S","Hyundai / KIA","Body / Glass / Windshield","0","0","False","0","3.16","False"
"31220-P0800","real_hk_coarse","exists","Front Differential","Drivetrain","front,differential","FP","WRONG-PART: expected 'front,differential' but got 'Solenoid Switch, starter'","1","Solenoid Switch, starter","Hyundai / KIA"," / Solenoid Switch, starter","0","0","False","0","3.18","False"
"45867-3B407","real_hk_coarse","exists","Manual Transmission","Transmission","manual,transmission","FP","WRONG-PART: expected 'manual,transmission' but got 'SPACER'","1","SPACER","Hyundai / KIA","Transmission / Manual Transmission","0","0","False","0","2.19","False"
"87610-Q5820","real_hk_seeded","exists","Exterior Mirror","Body","exterior,mirror","FP","WRONG-PART: expected 'exterior,mirror' but got 'Outside Mirror'","1","Outside Mirror","Hyundai / KIA","/ Outside Mirror","0","0","False","0","5.43","False"
"39211-3NFA0","real_hk_coarse","exists","Oxygen Sensor","Electrical","oxygen,sensor","FP","WRONG-PART: expected 'oxygen,sensor' but got 'Joint Kit, drive shaft'","2","Joint Kit, drive shaft","Hyundai / KIA"," / Joint Kit, drive shaft","0","0","False","0","2.18","False"
"77121-R0000","real_hk_unseeded","exists","Unknown","Unknown","","FN","no results","0","","","","0","0","False","0","0.74","False"
"64900-H9010","real_hk_coarse","exists","Front Body / Hood","Body","front,body,hood","FP","WRONG-PART: expected 'front,body,hood' but got 'Support, bumper (Front Right)'","1","Support, bumper (Front Right)","Hyundai / KIA"," / Support, bumper","0","0","False","0","4.21","False"
"64900-DW010","real_hk_coarse","exists","Front Body / Hood","Body","front,body,hood","FP","WRONG-PART: expected 'front,body,hood' but got 'Support, bumper (Front Right)'","1","Support, bumper (Front Right)","Hyundai / KIA"," / Support, bumper","0","0","False","0","3.2","False"
"54625-GI000","real_hk_coarse","exists","Shock Absorber (Front)","Suspension","shock,absorber,(front)","TP","correct-but-poor: only 0 replacements (AM=0 OEMxRef=0 sup=False)","2","Dust Cover Kit, shock absorber","Hyundai / KIA","Suspension / Shock Absorber / Strut","0","0","False","0","2.18","False"
"47349-2N000","real_hk_coarse","exists","Transfer Case","Drivetrain","transfer,case","FP","WRONG-PART: expected 'transfer,case' but got 'PLUG'","1","PLUG","Hyundai / KIA","Drivetrain / Transfer Case","0","0","False","0","2.21","False"
"55405-J5150","real_hk_coarse","exists","Rear Suspension","Suspension","rear,suspension","FP","WRONG-PART: expected 'rear,suspension' but got 'CROSSMEMBER COMPL - RR'","1","CROSSMEMBER COMPL - RR","Hyundai / KIA","Suspension / Rear Suspension","0","0","False","0","2.21","False"
"91931-AO030","real_hk_coarse","exists","Wiring Harness","Electrical","wiring,harness","FP","WRONG-PART: expected 'wiring,harness' but got 'Junction Box (Rear Right)'","1","Junction Box (Rear Right)","Hyundai / KIA","Electrical / Junction Box","0","0","False","0","4.12","False"
"58130-J5500","real_hk_coarse","exists","Front Brake Pad / Disc","Brakes","front,brake,pad,disc","FP","WRONG-PART: expected 'front,brake,pad,disc' but got 'Brake Caliper (Rear)'","2","Brake Caliper (Rear)","Hyundai / KIA","/ Brake Caliper","0","0","False","0","3.18","False"
"92441-F6800","real_hk_coarse","exists","Tail Light Assembly","Electrical","tail,light,assembly","FP","WRONG-PART: expected 'tail,light,assembly' but got 'FLANGE COVER - REAR COMB INSIDE'","1","FLANGE COVER - REAR COMB INSIDE","Hyundai / KIA","Electrical / Tail Light Assembly","0","0","False","0","2.26","False"
"91806-D9110","real_hk_coarse","exists","Wiring Harness","Electrical","wiring,harness","FN","no results","0","","","","0","0","False","0","3.13","False"
"83904-R0000","real_hk_coarse","exists","Sunroof","Body","sunroof","FP","WRONG-PART: expected 'sunroof' but got 'PLATE - REAR DOOR LOWER ROLLER,R'","1","PLATE - REAR DOOR LOWER ROLLER,R","Hyundai / KIA","Body / Sunroof","0","0","False","0","3.2","False"
"81970-H8B00","real_hk_coarse","exists","Weatherstrip & Seal","Body","weatherstrip,seal","FP","WRONG-PART: expected 'weatherstrip,seal' but got 'KEY SUB SET - DOOR,LH'","1","KEY SUB SET - DOOR,LH","Hyundai / KIA","Body / Weatherstrip & Seal","0","0","False","0","3.18","False"
"54500-H9000","real_hk_coarse","exists","Front Suspension","Suspension","front,suspension","FP","WRONG-PART: expected 'front,suspension' but got 'Track Control Arm'","2","Track Control Arm","Hyundai / KIA","/ Track Control Arm","1","1","True","3","8.76","False"
"96770-F6000","real_hk_coarse","exists","Battery & Charging","Electrical","battery,charging","FP","WRONG-PART: expected 'battery,charging' but got 'Catalytic Converter'","2","Catalytic Converter","Hyundai / KIA","/ Catalytic Converter","0","0","False","0","2.23","False"
"39171-2ELC0","real_hk_coarse","exists","Sensors & Control","Electrical","sensors,control","FN","no results","0","","","","0","0","False","0","3.25","False"
"97762-P0000","real_hk_coarse","exists","A/C Hose & Pipe","HVAC","hose,pipe","FN","no results","0","","","","0","0","False","0","3.26","False"
"82860-P1000","real_hk_coarse","exists","Glass / Windshield","Body","glass,windshield","FP","WRONG-PART: expected 'glass,windshield' but got 'MOULDING ASSY - FRT DR FRAME,RH'","1","MOULDING ASSY - FRT DR FRAME,RH","Hyundai / KIA","Body / Glass / Windshield","0","0","False","0","3.36","False"
"41480-18FA0","real_hk_coarse","exists","Clutch","Drivetrain","clutch","TP","correct-but-poor: only 0 replacements (AM=0 OEMxRef=0 sup=False)","1","MOTOR - CLUTCH","Hyundai / KIA","Drivetrain / Clutch","0","0","False","0","3.21","False"
"58715-AT000","real_hk_coarse","exists","Brakes","Brakes","brakes","FN","no results","0","","","","0","0","False","0","4.3","False"
"87810-R0620","real_hk_coarse","exists","Mouldings & Trim","Body","mouldings,trim","FP","WRONG-PART: expected 'mouldings,trim' but got 'Side Window'","2","Side Window","Hyundai / KIA","/ Side Window","0","0","False","0","3.23","False"
"86530-K0580","real_hk_coarse","exists","Mirrors","Body","mirrors","FP","WRONG-PART: expected 'mirrors' but got 'Support, bumper'","1","Support, bumper","Hyundai / KIA"," / Support, bumper","0","0","False","0","4.21","False"
"97775-P4520","real_hk_coarse","exists","A/C Hose & Pipe","HVAC","hose,pipe","FN","no results","0","","","","0","0","False","0","4.28","False"
"86671-R5010","real_hk_coarse","exists","Mirrors","Body","mirrors","FN","no results","0","","","","0","0","False","0","3.18","False"
"79315-1Y000","real_hk_unseeded","exists","Unknown","Unknown","","FN","no results","0","","","","0","0","False","0","0.47","False"
"97134-Q5000","real_hk_seeded","exists","Cabin Air Filter","HVAC","cabin,air,filter","TP","correct-but-poor: only 0 replacements (AM=0 OEMxRef=0 sup=False)","1","Filter, interior air","Hyundai / KIA","HVAC / Cabin Air Filter","0","0","False","0","3.33","False"
"81905-D9600","real_hk_coarse","exists","Weatherstrip & Seal","Body","weatherstrip,seal","FP","WRONG-PART: expected 'weatherstrip,seal' but got 'Door Weatherstrip (Passenger) for Kia Sportage (2015-2021)'","1","Door Weatherstrip (Passenger) for Kia Sportage (2015-2021)","Kia","Body / Weatherstrip","0","0","False","0","4.08","False"
"80620-R5500","real_hk_unseeded","exists","Unknown","Unknown","","FN","no results","0","","","","0","0","False","0","0.75","False"
"98950-R5000","real_hk_coarse","exists","Wiper System","Maintenance","wiper,system","FN","no results","0","","","","0","0","False","0","4.14","False"
"05203-S9100","real_hk_unseeded","exists","Unknown","Unknown","","FN","no results","0","","","","0","0","False","0","0.48","False"
"99140-J5000","real_hk_unseeded","exists","Unknown","Unknown","","FN","no results","0","","","","0","0","False","0","0.77","False"
"80410-K0000","real_hk_unseeded","exists","Unknown","Unknown","","FN","no results","0","","","","0","0","False","0","0.8","False"
"99150-L3000","real_hk_unseeded","exists","Unknown","Unknown","","FN","no results","0","","","","0","0","False","0","0.76","False"
"99150-CV000","real_hk_unseeded","exists","Unknown","Unknown","","FN","no results","0","","","","0","0","False","0","0.99","False"
"24100-2T002","real_hk_coarse","exists","Intake & Exhaust Manifold","Engine","intake,exhaust,manifold","FP","WRONG-PART: expected 'intake,exhaust,manifold' but got 'Charger, charging system for Kia Optima (2010-2015)'","2","Charger, charging system for Kia Optima (2010-2015)","Kia"," / Charger, charging system","0","0","False","0","2.23","False"
"12418-05083","real_hk_unseeded","exists","Unknown","Unknown","","FN","no results","0","","","","0","0","False","0","2.29","False"
"86391-P1000","real_hk_coarse","exists","Mirrors","Body","mirrors","FP","WRONG-PART: expected 'mirrors' but got 'Trim/Protective Strip, door for Kia Sportage (2021+)'","2","Trim/Protective Strip, door for Kia Sportage (2021+)","Kia"," / Trim/Protective Strip, door","0","0","False","0","2.33","False"
"05203-R5460","real_hk_unseeded","exists","Unknown","Unknown","","FN","no results","0","","","","0","0","False","0","1.87","False"
"45817-4G100","real_hk_coarse","exists","Manual Transmission","Transmission","manual,transmission","FP","WRONG-PART: expected 'manual,transmission' but got 'PLATE - STOPPER'","1","PLATE - STOPPER","Hyundai / KIA","Transmission / Manual Transmission","0","0","False","0","2.22","False"
"96250-G8000","real_hk_coarse","exists","Battery & Charging","Electrical","battery,charging","FP","WRONG-PART: expected 'battery,charging' but got 'Vacuum Pump, braking system'","1","Vacuum Pump, braking system","Hyundai / KIA"," / Vacuum Pump, braking system","0","0","False","0","4.18","False"
"88170-Q5010","real_hk_coarse","exists","Instrument Panel / Dashboard","Interior","instrument,panel,dashboard","FN","no results","0","","","","0","0","False","0","3.27","False"
"32450-2S096","real_hk_coarse","exists","Front Drive Shaft","Drivetrain","front,drive,shaft","FP","WRONG-PART: expected 'front,drive,shaft' but got 'Ignition Switch Key for Hyundai Tucson (2010-2015)'","1","Ignition Switch Key for Hyundai Tucson (2010-2015)","Hyundai","Engine / Ignition Switch","0","0","False","0","4.16","False"
"21350-2E740","real_hk_coarse","exists","Crankshaft & Bearings","Engine","crankshaft,bearings","FP","WRONG-PART: expected 'crankshaft,bearings' but got 'Oil Pump for Hyundai Tucson (2004-2010)'","2","Oil Pump for Hyundai Tucson (2004-2010)","Hyundai","/ Oil Pump","0","0","False","0","2.37","False"
"95560-D9100","real_hk_coarse","exists","Sensors & Modules","Electrical","sensors,modules","FP","WRONG-PART: expected 'sensors,modules' but got 'UNIT ASSY - WIRELESS CHARGING'","2","UNIT ASSY - WIRELESS CHARGING","Hyundai / KIA","Electrical / Sensors & Modules","0","0","False","0","2.3","False"
"97135-R0000","real_hk_coarse","exists","Compressor A/C","HVAC","compressor","FP","WRONG-PART: expected 'compressor' but got 'CASE - HEATER,RH'","1","CASE - HEATER,RH","Hyundai / KIA","HVAC / Compressor A/C","0","0","False","0","2.12","False"
"88035-M7000","real_hk_coarse","exists","Instrument Panel / Dashboard","Interior","instrument,panel,dashboard","FN","no results","0","","","","0","0","False","0","4.12","False"
"87860-AT000","real_hk_coarse","exists","Mouldings & Trim","Body","mouldings,trim","FP","WRONG-PART: expected 'mouldings,trim' but got 'GARNISH ASSY - C.PILLAR,RH'","1","GARNISH ASSY - C.PILLAR,RH","Hyundai / KIA","Body / Mouldings & Trim","0","0","False","0","2.28","False"
"86660-M7EA0","real_hk_coarse","exists","Mirrors","Body","mirrors","FN","no results","0","","","","0","0","False","0","3.24","False"
"26300-35505","real_hk_seeded","exists","Oil Filter","Engine","oil,filter","TP","correct-but-poor: only 1 replacements (AM=1 OEMxRef=0 sup=False)","15","Oil Filter","HYUNDAI","","1","0","False","1","22.47","True"
"58101-P2A00","real_hk_seeded","exists","Brake Pad Set - Front","Brakes","brake,pad,set,front","TP","correct-but-poor: only 0 replacements (AM=0 OEMxRef=0 sup=False)","1","FRONT DISC BRAKE PAD KIT","Hyundai / KIA","Brakes / Front Brake Pad / Disc","0","0","False","0","3.44","False"
"54650-S9AB0","real_hk_seeded","exists","Shock Absorber - Front","Suspension","shock,absorber,front","TP","correct-but-poor: only 0 replacements (AM=0 OEMxRef=0 sup=False)","1","Shock Absorber","Hyundai / KIA","Suspension / Shock Absorber / Strut","0","0","False","0","4.42","False"
"25477-D2750","real_hk_coarse","exists","Fuel System","Engine","fuel,system","FP","WRONG-PART: expected 'fuel,system' but got 'TUBE - OIL COOLING RETURN'","1","TUBE - OIL COOLING RETURN","Hyundai / KIA","Engine / Fuel System","0","0","False","0","2.26","False"
"99250-L2000","real_hk_unseeded","exists","Unknown","Unknown","","FN","no results","0","","","","0","0","False","0","0.56","False"
"79390-3D400","real_hk_unseeded","exists","Unknown","Unknown","","FN","no results","0","","","","0","0","False","0","2.56","False"
"12433-04161","real_hk_unseeded","exists","Unknown","Unknown","","FN","no results","0","","","","0","0","False","0","0.54","False"
"99150-P1100","real_hk_unseeded","exists","Unknown","Unknown","","FN","no results","0","","","","0","0","False","0","0.67","False"
"99140-P1000","real_hk_unseeded","exists","Unknown","Unknown","","FN","no results","0","","","","0","0","False","0","0.53","False"
"80620-K0500","real_hk_unseeded","exists","Unknown","Unknown","","FN","no results","0","","","","0","0","False","0","0.83","False"
"99140-S9050","real_hk_unseeded","exists","Unknown","Unknown","","FN","no results","0","","","","0","0","False","0","0.52","False"
"99960-R5000","real_hk_unseeded","exists","Unknown","Unknown","","FN","no results","0","","","","0","0","False","0","0.56","False"
"20920-3CM00","real_hk_unseeded","exists","Unknown","Unknown","","FN","no results","0","","","","0","0","False","0","0.79","False"
"80620-DW000","real_hk_unseeded","exists","Unknown","Unknown","","FN","no results","0","","","","0","0","False","0","0.97","False"
"80610-K0500","real_hk_unseeded","exists","Unknown","Unknown","","FN","no results","0","","","","0","0","False","0","0.76","False"
"99240-K0600","real_hk_unseeded","exists","Unknown","Unknown","","FN","no results","0","","","","0","0","False","0","0.86","False"
"77121-DB000","real_hk_unseeded","exists","Unknown","Unknown","","FN","no results","0","","","","0","0","False","0","0.75","False"
"05203-R0400","real_hk_unseeded","exists","Unknown","Unknown","","FN","no results","0","","","","0","0","False","0","0.8","False"
"89465-33230","non_hk","non_hk","","","","FP","WRONG-PART: expected '' but got 'Lambda Sensor'","20","Lambda Sensor","Hyundai / KIA","Electrical / Oxygen Sensor","3","4","False","7","11.19","False"
"09214-L1200","real_hk_unseeded","exists","Unknown","Unknown","","FN","no results","0","","","","0","0","False","0","0.53","False"
"80620-CV700","real_hk_unseeded","exists","Unknown","Unknown","","FN","no results","0","","","","0","0","False","0","0.96","False"
"99211-Q5200","real_hk_unseeded","exists","Unknown","Unknown","","FN","no results","0","","","","0","0","False","0","0.56","False"
"99910-DW210","real_hk_unseeded","exists","Unknown","Unknown","","FN","no results","0","","","","0","0","False","0","0.75","False"
"09149-H9060","real_hk_unseeded","exists","Unknown","Unknown","","FN","no results","0","","","","0","0","False","0","0.75","False"
"89465-33020","non_hk","non_hk","","","","FP","WRONG-PART: expected '' but got 'Lambda Sensor (Front Left)'","20","Lambda Sensor (Front Left)","Hyundai / KIA","Electrical / Oxygen Sensor","3","3","False","6","10.96","False"
"99220-J5000","real_hk_unseeded","exists","Unknown","Unknown","","FN","no results","0","","","","0","0","False","0","0.8","False"
"99155-M6600","real_hk_unseeded","exists","Unknown","Unknown","","FN","no results","0","","","","0","0","False","0","0.73","False"
"05203-CV400","real_hk_unseeded","exists","Unknown","Unknown","","FN","no results","0","","","","0","0","False","0","0.52","False"
"09430-2C100","real_hk_unseeded","exists","Unknown","Unknown","","FN","no results","0","","","","0","0","False","0","0.77","False"
"77004-R5011","real_hk_unseeded","exists","Unknown","Unknown","","FN","no results","0","","","","0","0","False","0","0.79","False"
"89422-33020","non_hk","non_hk","","","","FP","WRONG-PART: expected '' but got 'Sensor, coolant temperature (Front Left)'","14","Sensor, coolant temperature (Front Left)","Hyundai / KIA"," / Sensor, coolant temperature","2","2","False","4","10.9","False"
"00018-ADUP8","real_hk_unseeded","exists","Unknown","Unknown","","FN","no results","0","","","","0","0","False","0","0.5","False"
"05203-J5510","real_hk_unseeded","exists","Unknown","Unknown","","FN","no results","0","","","","0","0","False","0","0.92","False"
"09501-C9190","real_hk_unseeded","exists","Unknown","Unknown","","FN","no results","0","","","","0","0","False","0","0.45","False"
"99250-CV010","real_hk_unseeded","exists","Unknown","Unknown","","FN","no results","0","","","","0","0","False","0","0.74","False"
"99240-R0050","real_hk_unseeded","exists","Unknown","Unknown","","FN","no results","0","","","","0","0","False","0","0.73","False"
"48815-30070","non_hk","non_hk","","","","FP","WRONG-PART: expected '' but got 'Stabiliser Mounting'","3","Stabiliser Mounting","Hyundai / KIA","/ Stabiliser Mounting","0","0","False","0","10.79","False"
"20910-2SA02","real_hk_unseeded","exists","Unknown","Unknown","","FN","no results","0","","","","0","0","False","0","0.48","False"
"99241-K0500","real_hk_unseeded","exists","Unknown","Unknown","","FN","no results","0","","","","0","0","False","0","0.73","False"
"99140-L3120","real_hk_unseeded","exists","Unknown","Unknown","","FN","no results","0","","","","0","0","False","0","0.76","False"
"99910-L3100","real_hk_unseeded","exists","Unknown","Unknown","","FN","no results","0","","","","0","0","False","0","0.57","False"
"09375-GI900","real_hk_unseeded","exists","Unknown","Unknown","","FN","no results","0","","","","0","0","False","0","0.52","False"
"26350-2J001","real_hk_seeded","exists","Oil Filter","Engine","oil,filter","TP","correct-but-poor: only 0 replacements (AM=0 OEMxRef=0 sup=False)","1","Engine Oil Filter (V6)","Hyundai / KIA","Engine / Oil Filter","0","0","False","0","15.81","True"
"92101-G5540","real_hk_seeded","exists","Headlight - Front Left","Electrical","headlight,front,left","FP","WRONG-PART: expected 'headlight,front,left' but got 'DRIVER SIDE HEADLIGHT ASSEMBLY'","1","DRIVER SIDE HEADLIGHT ASSEMBLY","Hyundai / KIA","Electrical / Headlight Assembly","0","0","False","0","5.17","False"
"58411-J5500","real_hk_seeded","exists","Brake Disc - Rear","Brakes","brake,disc,rear","TP","correct-but-poor: only 0 replacements (AM=0 OEMxRef=0 sup=False)","8","Brake Disc (Rear)","Hyundai / KIA","Brakes / Brake Disc","0","0","False","0","10.77","False"
"28795-M6500","real_hk_coarse","exists","Exhaust Manifold","Exhaust","exhaust,manifold","FP","WRONG-PART: expected 'exhaust,manifold' but got 'Wiper Blade (Rear)'","2","Wiper Blade (Rear)","Hyundai / KIA","/ Wiper Blade","0","0","False","0","2.26","False"
"99157-K0500","real_hk_unseeded","exists","Unknown","Unknown","","FN","no results","0","","","","0","0","False","0","0.51","False"
"11276-06161","real_hk_unseeded","exists","Unknown","Unknown","","FN","no results","0","","","","0","0","False","0","0.77","False"
"42951-3D410","real_hk_unseeded","exists","Unknown","Unknown","","FN","no results","0","","","","0","0","False","0","0.76","False"
"99216-S9150","real_hk_unseeded","exists","Unknown","Unknown","","FN","no results","0","","","","0","0","False","0","0.75","False"
"99240-J5000","real_hk_unseeded","exists","Unknown","Unknown","","FN","no results","0","","","","0","0","False","0","0.74","False"
"80292-SDA-A01","non_hk","non_hk","","","","FP","WRONG-PART: expected '' but got 'Filter, interior air'","19","Filter, interior air","HONDA","","0","0","False","0","22.74","True"
"99150-L3100","real_hk_unseeded","exists","Unknown","Unknown","","FN","no results","0","","","","0","0","False","0","0.78","False"
"42952-4G080","real_hk_unseeded","exists","Unknown","Unknown","","FN","no results","0","","","","0","0","False","0","0.51","False"
"99145-K0500","real_hk_unseeded","exists","Unknown","Unknown","","FN","no results","0","","","","0","0","False","0","0.74","False"
"99140-K0500","real_hk_unseeded","exists","Unknown","Unknown","","FN","no results","0","","","","0","0","False","0","0.91","False"
"99910-CH330","real_hk_unseeded","exists","Unknown","Unknown","","FN","no results","0","","","","0","0","False","0","0.5","False"
"20920-2SA02","real_hk_unseeded","exists","Unknown","Unknown","","FN","no results","0","","","","0","0","False","0","0.85","False"
"77003-R5011","real_hk_unseeded","exists","Unknown","Unknown","","FN","no results","0","","","","0","0","False","0","0.5","False"
"48619-30040","non_hk","non_hk","","","","FP","WRONG-PART: expected '' but got 'Rolling Bearing, suspension strut support mounting (Rear Left)'","1","Rolling Bearing, suspension strut support mounting (Rear Left)","Hyundai / KIA","Suspension / Shock Absorber / Strut","0","0","False","0","13.37","False"
"77121-CV000","real_hk_unseeded","exists","Unknown","Unknown","","FN","no results","0","","","","0","0","False","0","0.48","False"
"09375-K4102","real_hk_unseeded","exists","Unknown","Unknown","","FN","no results","0","","","","0","0","False","0","0.53","False"
"09314-L1100","real_hk_unseeded","exists","Unknown","Unknown","","FN","no results","0","","","","0","0","False","0","0.47","False"
"15732-12003","real_hk_unseeded","exists","Unknown","Unknown","","FN","no results","0","","","","0","0","False","0","0.58","False"
"77980-P1000","real_hk_unseeded","exists","Unknown","Unknown","","FN","no results","0","","","","0","0","False","0","0.75","False"
"09474-4E300","real_hk_unseeded","exists","Unknown","Unknown","","FN","no results","0","","","","0","0","False","0","0.9","False"
"09430-G2200","real_hk_unseeded","exists","Unknown","Unknown","","FN","no results","0","","","","0","0","False","0","0.73","False"
"82460-2T010","real_hk_seeded","exists","Power Window Motor - Front","Body","power,window,motor,front","TP","correct-but-poor: only 0 replacements (AM=0 OEMxRef=0 sup=False)","1","Electric Motor, window regulator (Front Right) for Kia Optima (2010-2015)","Kia"," / Electric Motor, window regulator","0","0","False","0","15.8","True"
"97134-AO010","real_hk_seeded","exists","Cabin Air Filter","HVAC","cabin,air,filter","FP","WRONG-PART: expected 'cabin,air,filter' but got 'HEATER &AMP; EVAPORATOR CASE'","1","HEATER &AMP; EVAPORATOR CASE","Hyundai / KIA","HVAC / Compressor A/C","0","0","False","0","4.14","False"
"58101-P0A11","real_hk_seeded","exists","Brake Pad Set - Front","Brakes","brake,pad,set,front","TP","correct-but-poor: only 0 replacements (AM=0 OEMxRef=0 sup=False)","2","Brake Pad Set, disc brake","Hyundai / KIA","Brakes / Brake Pad Set","0","0","False","0","2.52","False"
"98610-CV600","real_hk_coarse","exists","Wiper System","Maintenance","wiper,system","FP","WRONG-PART: expected 'wiper,system' but got 'Washer Fluid Tank, window cleaning (Passenger) for Hyundai Staria (2021+)'","2","Washer Fluid Tank, window cleaning (Passenger) for Hyundai Staria (2021+)","Hyundai"," / Washer Fluid Tank, window cleaning","0","0","False","0","2.28","False"
"80310-CV000","real_hk_unseeded","exists","Unknown","Unknown","","FN","no results","0","","","","0","0","False","0","0.44","False"
"17379-20834","real_hk_unseeded","exists","Unknown","Unknown","","FN","no results","0","","","","0","0","False","0","0.55","False"
"05203-R0420","real_hk_unseeded","exists","Unknown","Unknown","","FN","no results","0","","","","0","0","False","0","0.5","False"
"99240-CV010","real_hk_unseeded","exists","Unknown","Unknown","","FN","no results","0","","","","0","0","False","0","0.69","False"
"99150-P2000","real_hk_unseeded","exists","Unknown","Unknown","","FN","no results","0","","","","0","0","False","0","0.53","False"
"05203-H9210","real_hk_unseeded","exists","Unknown","Unknown","","FN","no results","0","","","","0","0","False","0","0.64","False"
"17925-04200","real_hk_unseeded","exists","Unknown","Unknown","","FN","no results","0","","","","0","0","False","0","0.46","False"
"99240-P1200","real_hk_unseeded","exists","Unknown","Unknown","","FN","no results","0","","","","0","0","False","0","0.53","False"
"09527-AL300","real_hk_unseeded","exists","Unknown","Unknown","","FN","no results","0","","","","0","0","False","0","0.89","False"
"05203-R5410","real_hk_unseeded","exists","Unknown","Unknown","","FN","no results","0","","","","0","0","False","0","1.79","False"
"99140-L3000","real_hk_unseeded","exists","Unknown","Unknown","","FN","no results","0","","","","0","0","False","0","0.77","False"
"99120-CV100","real_hk_unseeded","exists","Unknown","Unknown","","FN","no results","0","","","","0","0","False","0","0.82","False"
"99240-P1250","real_hk_unseeded","exists","Unknown","Unknown","","FN","no results","0","","","","0","0","False","0","0.7","False"
"20910-2SH02","real_hk_unseeded","exists","Unknown","Unknown","","FN","no results","0","","","","0","0","False","0","0.78","False"
"20920-08S00","real_hk_unseeded","exists","Unknown","Unknown","","FN","no results","0","","","","0","0","False","0","0.77","False"
"10144-06203","real_hk_unseeded","exists","Unknown","Unknown","","FN","no results","0","","","","0","0","False","0","0.79","False"
"99216-P2000","real_hk_unseeded","exists","Unknown","Unknown","","FN","no results","0","","","","0","0","False","0","0.66","False"
"77121-L2000","real_hk_unseeded","exists","Unknown","Unknown","","FN","no results","0","","","","0","0","False","0","0.79","False"
"54650-Q5UD0","real_hk_seeded","exists","Shock Absorber - Front","Suspension","shock,absorber,front","TP","correct-but-poor: only 0 replacements (AM=0 OEMxRef=0 sup=False)","1","Shock Absorber","Hyundai / KIA","Suspension / Shock Absorber / Strut","0","0","False","0","16.86","True"
"80660-P1050","real_hk_unseeded","exists","Unknown","Unknown","","FN","no results","0","","","","0","0","False","0","0.54","False"
"77980-L2000","real_hk_unseeded","exists","Unknown","Unknown","","FN","no results","0","","","","0","0","False","0","1.07","False"
"12291-05123","real_hk_unseeded","exists","Unknown","Unknown","","FN","no results","0","","","","0","0","False","0","1.09","False"
"99220-CV010","real_hk_unseeded","exists","Unknown","Unknown","","FN","no results","0","","","","0","0","False","0","0.71","False"
"09149-N9000","real_hk_unseeded","exists","Unknown","Unknown","","FN","no results","0","","","","0","0","False","0","0.73","False"
"80610-P1550","real_hk_unseeded","exists","Unknown","Unknown","","FN","no results","0","","","","0","0","False","0","0.5","False"
"09110-J5000","real_hk_unseeded","exists","Unknown","Unknown","","FN","no results","0","","","","0","0","False","0","0.76","False"
"80610-AT950","real_hk_unseeded","exists","Unknown","Unknown","","FN","no results","0","","","","0","0","False","0","0.53","False"
"80100-K0600","real_hk_unseeded","exists","Unknown","Unknown","","FN","no results","0","","","","0","0","False","0","0.82","False"
"12345","non_hk","non_hk","","","","FP","WRONG-PART: expected '' but got 'Engine Mounting'","5","Engine Mounting","FEBI BILSTEIN","","0","0","False","0","12.1","False"
"99240-L3000","real_hk_unseeded","exists","Unknown","Unknown","","FN","no results","0","","","","0","0","False","0","0.72","False"
"99120-AO000","real_hk_unseeded","exists","Unknown","Unknown","","FN","no results","0","","","","0","0","False","0","0.47","False"
"09501-C9100","real_hk_unseeded","exists","Unknown","Unknown","","FN","no results","0","","","","0","0","False","0","0.75","False"
"99157-J6000","real_hk_unseeded","exists","Unknown","Unknown","","FN","no results","0","","","","0","0","False","0","0.56","False"
"80420-CV000","real_hk_unseeded","exists","Unknown","Unknown","","FN","no results","0","","","","0","0","False","0","0.54","False"
"77003-H9100","real_hk_unseeded","exists","Unknown","Unknown","","FN","no results","0","","","","0","0","False","0","0.58","False"
"09200-L1200","real_hk_unseeded","exists","Unknown","Unknown","","FN","no results","0","","","","0","0","False","0","0.49","False"
"99120-S9050","real_hk_unseeded","exists","Unknown","Unknown","","FN","no results","0","","","","0","0","False","0","0.52","False"
"17925-04014","real_hk_unseeded","exists","Unknown","Unknown","","FN","no results","0","","","","0","0","False","0","0.47","False"
"99110-J5600","real_hk_unseeded","exists","Unknown","Unknown","","FN","no results","0","","","","0","0","False","0","0.79","False"
"11403-10203","real_hk_unseeded","exists","Unknown","Unknown","","FN","no results","0","","","","0","0","False","0","0.69","False"
"12492-04089","real_hk_unseeded","exists","Unknown","Unknown","","FN","no results","0","","","","0","0","False","0","1.01","False"
"42700-2N000","real_hk_unseeded","exists","Unknown","Unknown","","FN","no results","0","","","","0","0","False","0","0.53","False"
"09430-2C800","real_hk_unseeded","exists","Unknown","Unknown","","FN","no results","0","","","","0","0","False","0","0.91","False"
"77925-T1000","real_hk_unseeded","exists","Unknown","Unknown","","FN","no results","0","","","","0","0","False","0","0.54","False"
"99240-F6010","real_hk_unseeded","exists","Unknown","Unknown","","FN","no results","0","","","","0","0","False","0","0.56","False"
"99246-CV000","real_hk_unseeded","exists","Unknown","Unknown","","FN","no results","0","","","","0","0","False","0","0.58","False"
"77915-T1000","real_hk_unseeded","exists","Unknown","Unknown","","FN","no results","0","","","","0","0","False","0","0.62","False"
"09149-F6900","real_hk_unseeded","exists","Unknown","Unknown","","FN","no results","0","","","","0","0","False","0","0.57","False"
"77513-K0000","real_hk_unseeded","exists","Unknown","Unknown","","FN","no results","0","","","","0","0","False","0","0.55","False"
"99910-CV070","real_hk_unseeded","exists","Unknown","Unknown","","FN","no results","0","","","","0","0","False","0","0.9","False"
"09430-A5200","real_hk_unseeded","exists","Unknown","Unknown","","FN","no results","0","","","","0","0","False","0","0.75","False"
"09474-4E100","real_hk_unseeded","exists","Unknown","Unknown","","FN","no results","0","","","","0","0","False","0","0.89","False"
"79230-F6000","real_hk_unseeded","exists","Unknown","Unknown","","FN","no results","0","","","","0","0","False","0","0.91","False"
"99140-R0010","real_hk_unseeded","exists","Unknown","Unknown","","FN","no results","0","","","","0","0","False","0","0.71","False"
"42620-4G601","real_hk_unseeded","exists","Unknown","Unknown","","FN","no results","0","","","","0","0","False","0","0.55","False"
"99110-P4000","real_hk_unseeded","exists","Unknown","Unknown","","FN","no results","0","","","","0","0","False","0","0.59","False"
"80420-K0000","real_hk_unseeded","exists","Unknown","Unknown","","FN","no results","0","","","","0","0","False","0","0.54","False"
"80620-P1000","real_hk_unseeded","exists","Unknown","Unknown","","FN","no results","0","","","","0","0","False","0","0.47","False"
"99150-R0010","real_hk_unseeded","exists","Unknown","Unknown","","FN","no results","0","","","","0","0","False","0","0.56","False"
"09171-R0000","real_hk_unseeded","exists","Unknown","Unknown","","FN","no results","0","","","","0","0","False","0","0.45","False"
"80410-DW000","real_hk_unseeded","exists","Unknown","Unknown","","FN","no results","0","","","","0","0","False","0","1.02","False"
"77910-T1000","real_hk_unseeded","exists","Unknown","Unknown","","FN","no results","0","","","","0","0","False","0","0.42","False"
"34-11-6-799-964","non_hk","non_hk","","","","FP","WRONG-PART: expected '' but got 'Brake Pad Set, disc brake'","15","Brake Pad Set, disc brake","DELPHI","","1","1","False","2","10.99","False"
"99147-J6000","real_hk_unseeded","exists","Unknown","Unknown","","FN","no results","0","","","","0","0","False","0","1.07","False"
"05203-AT220","real_hk_unseeded","exists","Unknown","Unknown","","FN","no results","0","","","","0","0","False","0","0.97","False"
"80420-R0500","real_hk_unseeded","exists","Unknown","Unknown","","FN","no results","0","","","","0","0","False","0","0.76","False"
"99240-CV510","real_hk_unseeded","exists","Unknown","Unknown","","FN","no results","0","","","","0","0","False","0","0.53","False"
"00344-ADU01","real_hk_unseeded","exists","Unknown","Unknown","","FN","no results","0","","","","0","0","False","0","0.59","False"
"99211-J5000","real_hk_unseeded","exists","Unknown","Unknown","","FN","no results","0","","","","0","0","False","0","1.06","False"
"79283-H9010","real_hk_unseeded","exists","Unknown","Unknown","","FN","no results","0","","","","0","0","False","0","0.53","False"
"F2GZ-9601-A","non_hk","non_hk","","","","FP","WRONG-PART: expected '' but got 'Filter, interior air'","10","Filter, interior air","KAVO PARTS","","3","1","False","4","13.31","False"
"77111-R0000","real_hk_unseeded","exists","Unknown","Unknown","","FN","no results","0","","","","0","0","False","0","0.76","False"
"77990-CV000","real_hk_unseeded","exists","Unknown","Unknown","","FN","no results","0","","","","0","0","False","0","0.7","False"
"99220-P1100","real_hk_unseeded","exists","Unknown","Unknown","","FN","no results","0","","","","0","0","False","0","0.76","False"
"09501-C9230","real_hk_unseeded","exists","Unknown","Unknown","","FN","no results","0","","","","0","0","False","0","0.44","False"
"09127-4D100","real_hk_unseeded","exists","Unknown","Unknown","","FN","no results","0","","","","0","0","False","0","0.9","False"
"99250-CV020","real_hk_unseeded","exists","Unknown","Unknown","","FN","no results","0","","","","0","0","False","0","0.49","False"
"09351-C3700","real_hk_unseeded","exists","Unknown","Unknown","","FN","no results","0","","","","0","0","False","0","0.98","False"
"99910-DW100","real_hk_unseeded","exists","Unknown","Unknown","","FN","no results","0","","","","0","0","False","0","0.55","False"
"42951-4G190","real_hk_unseeded","exists","Unknown","Unknown","","FN","no results","0","","","","0","0","False","0","0.46","False"
"09149-P4100","real_hk_unseeded","exists","Unknown","Unknown","","FN","no results","0","","","","0","0","False","0","0.63","False"
"99150-K0600","real_hk_unseeded","exists","Unknown","Unknown","","FN","no results","0","","","","0","0","False","0","0.52","False"
"87610-S9570","real_hk_seeded","exists","Exterior Mirror","Body","exterior,mirror","FP","WRONG-PART: expected 'exterior,mirror' but got 'Outside Mirror'","1","Outside Mirror","Hyundai / KIA","/ Outside Mirror","0","0","False","0","11.01","False"
"92102-Q5130","real_hk_seeded","exists","Headlight - Front Right","Electrical","headlight,front,right","FN","HTTP 0","0","","","","0","0","False","0","0.4","False"
"31071-R0520","real_hk_coarse","exists","Front Differential","Drivetrain","front,differential","FN","no results","0","","","","0","0","False","0","3.25","False"
"99250-L2100","real_hk_unseeded","exists","Unknown","Unknown","","FN","no results","0","","","","0","0","False","0","0.69","False"
"82460-DW010","real_hk_seeded","exists","Power Window Motor - Front","Body","power,window,motor,front","TP","correct-but-poor: only 0 replacements (AM=0 OEMxRef=0 sup=False)","1","FRONT POWER WINDOW MOTOR ASSEMBLY","Hyundai / KIA","Body / Glass / Windshield","0","0","False","0","3.92","False"
"54650-AT600","real_hk_seeded","exists","Shock Absorber - Front","Suspension","shock,absorber,front","TP","correct-but-poor: only 0 replacements (AM=0 OEMxRef=0 sup=False)","1","Shock Absorber (Passenger)","Hyundai / KIA","Suspension / Shock Absorber / Strut","0","0","False","0","5.22","False"
"92401-F6520","real_hk_seeded","exists","Tail Light - Rear Left","Electrical","tail,light,rear,left","TP","correct-but-poor: only 0 replacements (AM=0 OEMxRef=0 sup=False)","1","Combination Rearlight","Hyundai / KIA","/ Combination Rearlight","0","0","False","0","4.66","False"
"45637-4G118","real_hk_coarse","exists","Manual Transmission","Transmission","manual,transmission","FP","WRONG-PART: expected 'manual,transmission' but got 'PLATE - LOW &amp; REVERSE BRAKE'","1","PLATE - LOW &amp; REVERSE BRAKE","Hyundai / KIA","Transmission / Manual Transmission","0","0","False","0","2.18","False"
"09127-2K000","real_hk_unseeded","exists","Unknown","Unknown","","FN","no results","0","","","","0","0","False","0","0.52","False"
"77920-T1000","real_hk_unseeded","exists","Unknown","Unknown","","FN","no results","0","","","","0","0","False","0","0.46","False"
"99240-F6500","real_hk_unseeded","exists","Unknown","Unknown","","FN","no results","0","","","","0","0","False","0","0.6","False"
"42952-2D040","real_hk_unseeded","exists","Unknown","Unknown","","FN","no results","0","","","","0","0","False","0","0.75","False"
"77523-K0000","real_hk_unseeded","exists","Unknown","Unknown","","FN","no results","0","","","","0","0","False","0","0.51","False"
"80410-R0500","real_hk_unseeded","exists","Unknown","Unknown","","FN","no results","0","","","","0","0","False","0","0.55","False"
"99140-Q5500","real_hk_unseeded","exists","Unknown","Unknown","","FN","no results","0","","","","0","0","False","0","0.48","False"
"MAHLE OC205","non_hk","non_hk","","","","FP","WRONG-PART: expected '' but got 'Oil Filter'","2","Oil Filter","MAHLE","","1","1","False","2","15.76","True"
"14168-0802B","real_hk_unseeded","exists","Unknown","Unknown","","FN","no results","0","","","","0","0","False","0","0.57","False"
"MANN W811/80","non_hk","non_hk","","","","FP","WRONG-PART: expected '' but got 'Oil Filter'","1","Oil Filter","MANN-FILTER","","50","1","False","51","22.53","True"
"42952-2N050","real_hk_unseeded","exists","Unknown","Unknown","","FN","no results","0","","","","0","0","False","0","0.53","False"
"AIR FILTER","non_hk","non_hk","","","","FP","WRONG-PART: expected '' but got 'Fuel filter'","10","Fuel filter","MAHLE","","3","1","False","4","12.45","False"
"99240-L3500","real_hk_unseeded","exists","Unknown","Unknown","","FN","no results","0","","","","0","0","False","0","0.59","False"
"05203-P1430","real_hk_unseeded","exists","Unknown","Unknown","","FN","no results","0","","","","0","0","False","0","0.49","False"
"77980-AT000","real_hk_unseeded","exists","Unknown","Unknown","","FN","no results","0","","","","0","0","False","0","0.77","False"
"00144-ADU01","real_hk_unseeded","exists","Unknown","Unknown","","FN","no results","0","","","","0","0","False","0","0.53","False"
"99110-P2000","real_hk_unseeded","exists","Unknown","Unknown","","FN","no results","0","","","","0","0","False","0","0.58","False"
"99230-F6500","real_hk_unseeded","exists","Unknown","Unknown","","FN","no results","0","","","","0","0","False","0","0.46","False"
"99220-L2000","real_hk_unseeded","exists","Unknown","Unknown","","FN","no results","0","","","","0","0","False","0","0.45","False"
"09110-P2000","real_hk_unseeded","exists","Unknown","Unknown","","FN","no results","0","","","","0","0","False","0","0.46","False"
"99211-K0100","real_hk_unseeded","exists","Unknown","Unknown","","FN","no results","0","","","","0","0","False","0","1","False"
"99211-J5500","real_hk_unseeded","exists","Unknown","Unknown","","FN","no results","0","","","","0","0","False","0","0.53","False"
"09130-CV000","real_hk_unseeded","exists","Unknown","Unknown","","FN","no results","0","","","","0","0","False","0","0.55","False"
"09214-L1100","real_hk_unseeded","exists","Unknown","Unknown","","FN","no results","0","","","","0","0","False","0","0.53","False"
"11408-08181","real_hk_unseeded","exists","Unknown","Unknown","","FN","no results","0","","","","0","0","False","0","1.04","False"
"09430-C1230","real_hk_unseeded","exists","Unknown","Unknown","","FN","no results","0","","","","0","0","False","0","1.01","False"
"15716-17121","real_hk_unseeded","exists","Unknown","Unknown","","FN","no results","0","","","","0","0","False","0","0.61","False"
"42910-4G500","real_hk_unseeded","exists","Unknown","Unknown","","FN","no results","0","","","","0","0","False","0","0.53","False"
"80620-L3010","real_hk_unseeded","exists","Unknown","Unknown","","FN","no results","0","","","","0","0","False","0","0.49","False"
"BOSCH F026400119","non_hk","non_hk","","","","FP","WRONG-PART: expected '' but got 'Air Filter'","10","Air Filter","BOSCH","","1","1","False","2","18.7","True"
"OIL FILTER","non_hk","non_hk","","","","FP","WRONG-PART: expected '' but got 'Fuel filter'","10","Fuel filter","MAHLE","","3","1","False","4","15.04","True"
"99240-AT300","real_hk_unseeded","exists","Unknown","Unknown","","FN","no results","0","","","","0","0","False","0","0.52","False"
"12345-6789","non_hk","non_hk","","","","FP","WRONG-PART: expected '' but got 'Shock Absorber'","10","Shock Absorber","KONI","","1","1","False","2","12.92","False"
"92401-K0610","real_hk_seeded","exists","Tail Light - Rear Left","Electrical","tail,light,rear,left","FP","WRONG-PART: expected 'tail,light,rear,left' but got 'REAR COMBINATION LAMP ASSEMBLY'","1","REAR COMBINATION LAMP ASSEMBLY","Hyundai / KIA","Electrical / Tail Light Assembly","0","0","False","0","5.12","False"
"87610-P4111","real_hk_seeded","exists","Exterior Mirror","Body","exterior,mirror","FP","WRONG-PART: expected 'exterior,mirror' but got 'PART'","1","PART","Hyundai / KIA","Body / Mouldings & Trim","0","0","False","0","8.32","False"
"54650-D9250","real_hk_seeded","exists","Shock Absorber - Front","Suspension","shock,absorber,front","TP","correct-but-poor: only 2 replacements (AM=1 OEMxRef=1 sup=False)","10","Shock Absorber","BILSTEIN","","1","1","False","2","10.82","False"
"58302-P2A30","real_hk_seeded","exists","Brake Pad Set - Rear","Brakes","brake,pad,set,rear","TP","correct-but-poor: only 2 replacements (AM=2 OEMxRef=0 sup=False)","2","PAD KIT - REAR DISC BRAKE","Hyundai / KIA","Brakes / Rear Brake / Drum","2","0","False","2","2.21","False"
"28600-CH550","real_hk_coarse","exists","Exhaust System","Exhaust","exhaust,system","FP","WRONG-PART: expected 'exhaust,system' but got 'Exhaust Pipe'","1","Exhaust Pipe","Hyundai / KIA","/ Exhaust Pipe","0","0","False","0","3.17","False"
"80200-P2100","real_hk_unseeded","exists","Unknown","Unknown","","FN","no results","0","","","","0","0","False","0","0.8","False"
"99250-S9600","real_hk_unseeded","exists","Unknown","Unknown","","FN","no results","0","","","","0","0","False","0","0.66","False"
"79390-H8000","real_hk_unseeded","exists","Unknown","Unknown","","FN","no results","0","","","","0","0","False","0","0.66","False"
"09130-CH000","real_hk_unseeded","exists","Unknown","Unknown","","FN","no results","0","","","","0","0","False","0","0.81","False"
"09375-GI700","real_hk_unseeded","exists","Unknown","Unknown","","FN","no results","0","","","","0","0","False","0","0.77","False"
"05203-M7560","real_hk_unseeded","exists","Unknown","Unknown","","FN","no results","0","","","","0","0","False","0","0.6","False"
"05203-J5620","real_hk_unseeded","exists","Unknown","Unknown","","FN","no results","0","","","","0","0","False","0","0.44","False"
"80640-S9000","real_hk_unseeded","exists","Unknown","Unknown","","FN","no results","0","","","","0","0","False","0","0.5","False"
"99216-J5000","real_hk_unseeded","exists","Unknown","Unknown","","FN","no results","0","","","","0","0","False","0","0.45","False"
"79210-H9000","real_hk_unseeded","exists","Unknown","Unknown","","FN","no results","0","","","","0","0","False","0","0.57","False"
"99210-CV000","real_hk_unseeded","exists","Unknown","Unknown","","FN","no results","0","","","","0","0","False","0","0.49","False"
"05203-DW420","real_hk_unseeded","exists","Unknown","Unknown","","FN","no results","0","","","","0","0","False","0","0.61","False"
"99220-R0050","real_hk_unseeded","exists","Unknown","Unknown","","FN","no results","0","","","","0","0","False","0","0.54","False"
"06J-115-403-Q","non_hk","non_hk","","","","FP","WRONG-PART: expected '' but got 'Oil Filter'","17","Oil Filter","SCT - MANNOL","","2","1","False","3","12.4","False"
"99130-AO000","real_hk_unseeded","exists","Unknown","Unknown","","FN","no results","0","","","","0","0","False","0","0.7","False"
"LF01-10-155A","non_hk","non_hk","","","","FP","WRONG-PART: expected '' but got 'Clutch Kit'","2","Clutch Kit","AISIN","","1","1","False","2","5.02","False"
"05203-R5220","real_hk_unseeded","exists","Unknown","Unknown","","FN","no results","0","","","","0","0","False","0","0.78","False"
"99211-H8010","real_hk_unseeded","exists","Unknown","Unknown","","FN","no results","0","","","","0","0","False","0","0.49","False"
"PE02-15-100","non_hk","non_hk","","","","FP","WRONG-PART: expected '' but got 'Clutch Release Bearing'","3","Clutch Release Bearing","ASHIKA","","1","1","False","2","18.49","True"
"99211-P1010","real_hk_unseeded","exists","Unknown","Unknown","","FN","no results","0","","","","0","0","False","0","0.58","False"
"99216-K0500","real_hk_unseeded","exists","Unknown","Unknown","","FN","no results","0","","","","0","0","False","0","0.53","False"
"99810-AO000","real_hk_unseeded","exists","Unknown","Unknown","","FN","no results","0","","","","0","0","False","0","0.89","False"
"80100-Q5600","real_hk_unseeded","exists","Unknown","Unknown","","FN","no results","0","","","","0","0","False","0","0.53","False"
"99240-P2100","real_hk_unseeded","exists","Unknown","Unknown","","FN","no results","0","","","","0","0","False","0","0.45","False"
"99211-Q4500","real_hk_unseeded","exists","Unknown","Unknown","","FN","no results","0","","","","0","0","False","0","0.93","False"
"99140-P2100","real_hk_unseeded","exists","Unknown","Unknown","","FN","no results","0","","","","0","0","False","0","0.45","False"
"25620-3D100","real_hk_seeded","exists","Thermostat","Cooling","thermostat","FP","WRONG-PART: expected 'thermostat' but got 'WARMER-A.T.F'","1","WARMER-A.T.F","Hyundai / KIA","Engine / Fuel System","0","0","False","0","3.77","False"
"97134-H9100","real_hk_seeded","exists","Cabin Air Filter","HVAC","cabin,air,filter","FP","WRONG-PART: expected 'cabin,air,filter' but got 'CASE-HEATER &AMP; EVAPORATOR LEFT HAND'","1","CASE-HEATER &AMP; EVAPORATOR LEFT HAND","Hyundai / KIA","HVAC / Compressor A/C","0","0","False","0","3.45","False"
"58411-L0100","real_hk_seeded","exists","Brake Disc - Rear","Brakes","brake,disc,rear","TP","correct-but-poor: only 0 replacements (AM=0 OEMxRef=0 sup=False)","1","Brake Disc","Hyundai / KIA","Brakes / Brake Disc","0","0","False","0","4.41","False"
"92102-P4100","real_hk_seeded","exists","Headlight - Front Right","Electrical","headlight,front,right","FP","WRONG-PART: expected 'headlight,front,right' but got 'Headlight'","1","Headlight","Hyundai / KIA","Electrical / Headlight Assembly","0","0","False","0","3.14","False"
"87385-R0000","real_hk_coarse","exists","Mouldings & Trim","Body","mouldings,trim","FP","WRONG-PART: expected 'mouldings,trim' but got 'BOLT - INSERT'","1","BOLT - INSERT","Hyundai / KIA","Body / Mouldings & Trim","0","0","False","0","2.32","False"
"09130-S9000","real_hk_unseeded","exists","Unknown","Unknown","","FN","no results","0","","","","0","0","False","0","0.47","False"
"77004-CV000","real_hk_unseeded","exists","Unknown","Unknown","","FN","no results","0","","","","0","0","False","0","0.76","False"
"09127-H8000","real_hk_unseeded","exists","Unknown","Unknown","","FN","no results","0","","","","0","0","False","0","0.53","False"
"99120-AO100","real_hk_unseeded","exists","Unknown","Unknown","","FN","no results","0","","","","0","0","False","0","0.47","False"
"79220-D6000","real_hk_unseeded","exists","Unknown","Unknown","","FN","no results","0","","","","0","0","False","0","0.71","False"
"54501-3TA0A","non_hk","non_hk","","","","FP","WRONG-PART: expected '' but got 'Track Control Arm'","7","Track Control Arm","Hyundai / KIA","/ Track Control Arm","1","2","False","3","14.23","True"
"99910-R5100","real_hk_unseeded","exists","Unknown","Unknown","","FN","no results","0","","","","0","0","False","0","1.06","False"
"77111-L2000","real_hk_unseeded","exists","Unknown","Unknown","","FN","no results","0","","","","0","0","False","0","1.06","False"
"BR3Z-9601-A","non_hk","non_hk","","","","FP","WRONG-PART: expected '' but got 'Filter, interior air'","10","Filter, interior air","KAVO PARTS","","3","0","False","3","18.26","True"
"99150-CV100","real_hk_unseeded","exists","Unknown","Unknown","","FN","no results","0","","","","0","0","False","0","0.68","False"
"AL3Z-9601-A","non_hk","non_hk","","","","FP","WRONG-PART: expected '' but got 'Filter, interior air'","10","Filter, interior air","KAVO PARTS","","0","0","False","0","22.49","True"
"05203-AT320","real_hk_unseeded","exists","Unknown","Unknown","","FN","no results","0","","","","0","0","False","0","0.74","False"
"77004-H9100","real_hk_unseeded","exists","Unknown","Unknown","","FN","no results","0","","","","0","0","False","0","0.98","False"
"F1FZ-9601-A","non_hk","non_hk","","","","FP","WRONG-PART: expected '' but got 'Filter, interior air'","10","Filter, interior air","KAVO PARTS","","3","1","False","4","12.59","False"
"99145-M6600","real_hk_unseeded","exists","Unknown","Unknown","","FN","no results","0","","","","0","0","False","0","0.72","False"
"FL3Z-6731-A","non_hk","non_hk","","","","FP","WRONG-PART: expected '' but got 'Bearing Bush, stabiliser'","10","Bearing Bush, stabiliser","OPTIMAL","","1","1","False","2","15.02","True"
"99150-P2110","real_hk_unseeded","exists","Unknown","Unknown","","FN","no results","0","","","","0","0","False","0","0.53","False"
"F2GZ-6731-A","non_hk","non_hk","","","","FP","WRONG-PART: expected '' but got 'Bearing Bush, stabiliser'","10","Bearing Bush, stabiliser","OPTIMAL","","1","1","False","2","11.44","False"
"80702-J6000","real_hk_unseeded","exists","Unknown","Unknown","","FN","no results","0","","","","0","0","False","0","0.57","False"
"99150-J5000","real_hk_unseeded","exists","Unknown","Unknown","","FN","no results","0","","","","0","0","False","0","0.57","False"
"05203-P1400","real_hk_unseeded","exists","Unknown","Unknown","","FN","no results","0","","","","0","0","False","0","0.54","False"
"09527-AL400","real_hk_unseeded","exists","Unknown","Unknown","","FN","no results","0","","","","0","0","False","0","0.93","False"
"20920-2GL01","real_hk_unseeded","exists","Unknown","Unknown","","FN","no results","0","","","","0","0","False","0","0.52","False"
"BR3Z-6731-A","non_hk","non_hk","","","","FP","WRONG-PART: expected '' but got 'Bearing Bush, stabiliser'","10","Bearing Bush, stabiliser","OPTIMAL","","1","1","False","2","16.08","True"
"55311-D4300","real_hk_seeded","exists","Shock Absorber - Rear","Suspension","shock,absorber,rear","TP","correct-but-poor: only 0 replacements (AM=0 OEMxRef=0 sup=False)","2","SHOCK ABSORBER ASSY - REAR","Hyundai / KIA","Suspension / Shock Absorber (Rear)","0","0","False","0","3.1","False"
"39350-2M400","real_hk_seeded","exists","MAF Sensor","Electrical","maf,sensor","FP","WRONG-PART: expected 'maf,sensor' but got 'SENSOR-CAMSHAFT POSITION'","1","SENSOR-CAMSHAFT POSITION","Hyundai / KIA","Electrical / Sensors & Control","0","0","False","0","2.8","False"
"87610-J5ZA0","real_hk_seeded","exists","Exterior Mirror","Body","exterior,mirror","FP","WRONG-PART: expected 'exterior,mirror' but got 'Outside Mirror'","1","Outside Mirror","Hyundai / KIA","/ Outside Mirror","0","0","False","0","4.17","False"
"26320-3N000","real_hk_seeded","exists","Oil Filter Element","Engine","oil,filter,element","TP","correct-but-poor: only 0 replacements (AM=0 OEMxRef=0 sup=False)","2","Oil Filter","Hyundai / KIA","Engine / Oil Filter","0","0","False","0","4.65","False"
"97162-N7000","real_hk_coarse","exists","Compressor A/C","HVAC","compressor","FP","WRONG-PART: expected 'compressor' but got 'DOOR ASSY - MIX'","1","DOOR ASSY - MIX","Hyundai / KIA","HVAC / Compressor A/C","0","0","False","0","2.09","False"
"99110-F6100","real_hk_unseeded","exists","Unknown","Unknown","","FN","no results","0","","","","0","0","False","0","0.64","False"
"09231-93100","real_hk_unseeded","exists","Unknown","Unknown","","FN","no results","0","","","","0","0","False","0","0.49","False"
"AL3Z-6584-A","non_hk","non_hk","","","","FP","WRONG-PART: expected '' but got 'Wheel Bearing Kit'","10","Wheel Bearing Kit","MASTER-SPORT GERMANY","","1","1","False","2","13.27","False"
"80610-P1050","real_hk_unseeded","exists","Unknown","Unknown","","FN","no results","0","","","","0","0","False","0","0.45","False"
"54524-CG00A","non_hk","non_hk","","","","FP","WRONG-PART: expected '' but got 'Track Control Arm'","1","Track Control Arm","Hyundai / KIA","/ Track Control Arm","0","0","False","0","16.67","True"
"99220-P2000","real_hk_unseeded","exists","Unknown","Unknown","","FN","no results","0","","","","0","0","False","0","0.53","False"
"AL3Z-6731-C","non_hk","non_hk","","","","FP","WRONG-PART: expected '' but got 'Bearing Bush, stabiliser'","10","Bearing Bush, stabiliser","OPTIMAL","","1","1","False","2","11.2","False"
"14303-04100","real_hk_unseeded","exists","Unknown","Unknown","","FN","no results","0","","","","0","0","False","0","0.52","False"
"99110-L2100","real_hk_unseeded","exists","Unknown","Unknown","","FN","no results","0","","","","0","0","False","0","0.5","False"
"48630-CD00A","non_hk","non_hk","","","","FP","WRONG-PART: expected '' but got 'Track Control Arm'","1","Track Control Arm","Hyundai / KIA","/ Track Control Arm","0","0","False","0","13.91","False"
"12493-05169","real_hk_unseeded","exists","Unknown","Unknown","","FN","no results","0","","","","0","0","False","0","0.54","False"
"43206-JA10A","non_hk","non_hk","","","","FP","WRONG-PART: expected '' but got 'Brake Disc'","1","Brake Disc","Hyundai / KIA","Brakes / Brake Disc","0","0","False","0","13.82","False"
"00018-ADU80","real_hk_unseeded","exists","Unknown","Unknown","","FN","no results","0","","","","0","0","False","0","1.02","False"
"99230-P1100","real_hk_unseeded","exists","Unknown","Unknown","","FN","no results","0","","","","0","0","False","0","0.5","False"
"09365-G8100","real_hk_unseeded","exists","Unknown","Unknown","","FN","no results","0","","","","0","0","False","0","0.98","False"
"09375-CN300","real_hk_unseeded","exists","Unknown","Unknown","","FN","no results","0","","","","0","0","False","0","0.57","False"
"22448-8H310","non_hk","non_hk","","","","FP","WRONG-PART: expected '' but got 'Ignition Coil'","20","Ignition Coil","HELLA","","1","1","False","2","21.95","True"
"11685-06883","real_hk_unseeded","exists","Unknown","Unknown","","FN","no results","0","","","","0","0","False","0","0.5","False"
"22448-1KT0A","non_hk","non_hk","","","","FP","WRONG-PART: expected '' but got 'Ignition Coil'","20","Ignition Coil","Hyundai / KIA","Engine / Ignition Coil","0","0","False","0","11.02","False"
"39210-2S210","real_hk_seeded","exists","Oxygen Sensor","Electrical","oxygen,sensor","TP","correct-but-poor: only 0 replacements (AM=0 OEMxRef=0 sup=False)","1","OXYGEN SENSOR ASSEMBLY","Hyundai / KIA","Electrical / Oxygen Sensor","0","0","False","0","1.95","False"
"54650-P4550","real_hk_seeded","exists","Shock Absorber - Front","Suspension","shock,absorber,front","FP","WRONG-PART: expected 'shock,absorber,front' but got 'FRONT STRUT ASSEMBLY LEFT HAND'","1","FRONT STRUT ASSEMBLY LEFT HAND","Hyundai / KIA","Suspension / Shock Absorber (Front)","0","0","False","0","4.49","False"
"97134-CW010","real_hk_seeded","exists","Cabin Air Filter","HVAC","cabin,air,filter","TP","correct-but-poor: only 0 replacements (AM=0 OEMxRef=0 sup=False)","1","Filter, interior air (Front Right)","Hyundai / KIA","HVAC / Cabin Air Filter","0","0","False","0","4.25","False"
"92402-DW100","real_hk_seeded","exists","Tail Light - Rear Right","Electrical","tail,light,rear,right","TP","correct-but-poor: only 0 replacements (AM=0 OEMxRef=0 sup=False)","1","Combination Rearlight","Hyundai / KIA","/ Combination Rearlight","0","0","False","0","6.65","False"
"86591-K0AA0","real_hk_coarse","exists","Mirrors","Body","mirrors","FP","WRONG-PART: expected 'mirrors' but got 'LIP - FR BUMPER'","2","LIP - FR BUMPER","Hyundai / KIA","Body / Mirrors","0","0","False","0","2.24","False"
"79120-H8000","real_hk_unseeded","exists","Unknown","Unknown","","FN","no results","0","","","","0","0","False","0","0.5","False"
"99211-P1030","real_hk_unseeded","exists","Unknown","Unknown","","FN","no results","0","","","","0","0","False","0","0.46","False"
"09149-L0950","real_hk_unseeded","exists","Unknown","Unknown","","FN","no results","0","","","","0","0","False","0","0.51","False"
"77990-P2000","real_hk_unseeded","exists","Unknown","Unknown","","FN","no results","0","","","","0","0","False","0","0.52","False"
"09430-C1130","real_hk_unseeded","exists","Unknown","Unknown","","FN","no results","0","","","","0","0","False","0","0.54","False"
"56110-RNA-A01","non_hk","non_hk","","","","FP","WRONG-PART: expected '' but got 'Hydraulic Pump, steering system'","1","Hydraulic Pump, steering system","ZZVF","","1","1","True","3","8.28","False"
"70142-G9519","plausible_hk","not_hk_format","Tailgate / Liftgate","Body","","FP","WRONG-PART: expected '' but got 'Steering Gear for Genesis G80 (2020+)'","1","Steering Gear for Genesis G80 (2020+)","Genesis","/ Steering Gear","0","0","False","0","4.76","False"
"39350-08HA0","real_hk_seeded","exists","MAF Sensor","Electrical","maf,sensor","FP","WRONG-PART: expected 'maf,sensor' but got 'SENSOR-CAMSHAFT POSI'","1","SENSOR-CAMSHAFT POSI","Hyundai / KIA","Electrical / Sensors & Control","0","0","False","0","4.6","False"
"54650-AT400","real_hk_seeded","exists","Shock Absorber - Front","Suspension","shock,absorber,front","TP","correct-but-poor: only 0 replacements (AM=0 OEMxRef=0 sup=False)","1","Shock Absorber","Hyundai / KIA","Suspension / Shock Absorber / Strut","0","0","False","0","4.2","False"
"54650-S9KB0","real_hk_seeded","exists","Shock Absorber - Front","Suspension","shock,absorber,front","FN","HTTP 0","0","","","","0","0","False","0","0.1","False"
"22341-2T000","real_hk_coarse","exists","Engine Mounting","Engine","engine,mounting","FP","WRONG-PART: expected 'engine,mounting' but got 'HANGER - ENGINE,FRONT'","1","HANGER - ENGINE,FRONT","Hyundai / KIA","Engine / Engine Mounting","0","0","False","0","2.28","False"
"13253-06001","real_hk_unseeded","exists","Unknown","Unknown","","FN","no results","0","","","","0","0","False","0","0.58","False"
"23300-31170","non_hk","non_hk","","","","FP","WRONG-PART: expected '' but got 'Fuel filter'","2","Fuel filter","OSSCA","","1","1","True","3","10.8","False"
"23430-C6637","plausible_hk","not_hk_format","Cylinder Head & Valvetrain","Engine","","FP","WRONG-PART: expected '' but got 'Piston Ring Kit for Kia Sorento (2015-2020)'","1","Piston Ring Kit for Kia Sorento (2015-2020)","Kia","/ Piston Ring Kit","0","0","False","0","3.16","False"
"76919-2S505","plausible_hk","not_hk_format","Window Regulator","Body","","FP","WRONG-PART: expected '' but got 'Hydraulic Pump, steering system for Hyundai Tucson (2010-2015)'","1","Hydraulic Pump, steering system for Hyundai Tucson (2010-2015)","Hyundai"," / Hydraulic Pump, steering system","0","0","False","0","4.02","False"
"67033-A9679","plausible_hk","not_hk_format","Floor & Underbody","Body","","FP","WRONG-PART: expected '' but got 'Tie Rod for Kia Carnival (2014-2020)'","1","Tie Rod for Kia Carnival (2014-2020)","Kia","/ Tie Rod","0","0","False","0","3.26","False"
"54525-N9751","plausible_hk","not_hk_format","Front Suspension","Suspension","","FP","WRONG-PART: expected '' but got 'Track Control Arm for Hyundai Tucson (2020+)'","1","Track Control Arm for Hyundai Tucson (2020+)","Hyundai","/ Track Control Arm","0","0","False","0","3.24","False"
"96086-N9376","plausible_hk","not_hk_format","Battery & Charging","Electrical","","FP","WRONG-PART: expected '' but got 'Oil Filter for Hyundai Tucson (2020+)'","1","Oil Filter for Hyundai Tucson (2020+)","Hyundai","Engine / Oil Filter","0","0","False","0","4.38","False"
"92401-S9600","real_hk_seeded","exists","Tail Light - Rear Left","Electrical","tail,light,rear,left","FP","WRONG-PART: expected 'tail,light,rear,left' but got 'REAR COMBINATION LAMP ASSEMBLY'","1","REAR COMBINATION LAMP ASSEMBLY","Hyundai / KIA","Electrical / Tail Light Assembly","0","0","False","0","4.46","False"
"92101-R5200","real_hk_seeded","exists","Headlight - Front Left","Electrical","headlight,front,left","FP","WRONG-PART: expected 'headlight,front,left' but got 'Headlight'","2","Headlight","Hyundai / KIA","Electrical / Headlight Assembly","0","0","False","0","3.25","False"
"39210-3C510","real_hk_seeded","exists","Oxygen Sensor","Electrical","oxygen,sensor","FN","HTTP 0","0","","","","0","0","False","0","0.08","False"
"41430-2N500","real_hk_coarse","exists","Clutch","Drivetrain","clutch","FP","WRONG-PART: expected 'clutch' but got 'SEAL RING'","1","SEAL RING","Hyundai / KIA","Drivetrain / Clutch","0","0","False","0","3.19","False"
"99130-CV000","real_hk_unseeded","exists","Unknown","Unknown","","FN","no results","0","","","","0","0","False","0","0.57","False"
"84540-08010","non_hk","non_hk","","","","FP","WRONG-PART: expected '' but got 'Switch, reverse light (Front Right)'","1","Switch, reverse light (Front Right)","Hyundai / KIA"," / Switch, reverse light","0","0","False","0","3.93","False"
"60399-2W629","plausible_hk","not_hk_format","Frame & Cross Members","Body","","FP","WRONG-PART: expected '' but got 'Bolt Kit, cylinder head for Hyundai Santa Fe (2012-2018)'","1","Bolt Kit, cylinder head for Hyundai Santa Fe (2012-2018)","Hyundai"," / Bolt Kit, cylinder head","0","0","False","0","4.33","False"
"48609-06070","non_hk","non_hk","","","","FP","WRONG-PART: expected '' but got 'Top Strut Mounting'","6","Top Strut Mounting","Hyundai / KIA","Suspension / Shock Absorber / Strut","2","2","True","5","10.83","False"
"44001-06110","non_hk","non_hk","","","","FP","WRONG-PART: expected '' but got 'Brake Caliper'","1","Brake Caliper","Hyundai / KIA","/ Brake Caliper","0","0","False","0","4.36","False"
"43512-08010","non_hk","non_hk","","","","FP","WRONG-PART: expected '' but got 'Brake Disc (Front Right)'","1","Brake Disc (Front Right)","Hyundai / KIA","Brakes / Brake Disc","0","0","False","0","4.88","False"
"82460-P1000","real_hk_seeded","exists","Power Window Motor - Front","Body","power,window,motor,front","TP","correct-but-poor: only 0 replacements (AM=0 OEMxRef=0 sup=False)","1","FRONT POWER WINDOW MOTOR ASSEMBLY","Hyundai / KIA","Body / Glass / Windshield","0","0","False","0","4.31","False"
"92102-D9310","real_hk_seeded","exists","Headlight - Front Right","Electrical","headlight,front,right","FP","WRONG-PART: expected 'headlight,front,right' but got 'Headlight for Kia Sportage (2015-2021)'","1","Headlight for Kia Sportage (2015-2021)","Kia","Electrical / Headlight Assembly","0","0","False","0","4.19","False"
"54650-CV400","real_hk_seeded","exists","Shock Absorber - Front","Suspension","shock,absorber,front","TP","correct-but-poor: only 0 replacements (AM=0 OEMxRef=0 sup=False)","1","Shock Absorber for Hyundai Staria (2021+)","Hyundai","Suspension / Shock Absorber / Strut","0","0","False","0","6.72","False"
"56400-K0001","real_hk_coarse","exists","Steering Column & Gear","Suspension","steering,column,gear","TP","correct-but-poor: only 0 replacements (AM=0 OEMxRef=0 sup=False)","2","Joint, steering column","Hyundai / KIA"," / Joint, steering column","0","0","False","0","2.2","False"
"05203-R5420","real_hk_unseeded","exists","Unknown","Unknown","","FN","no results","0","","","","0","0","False","0","0.45","False"
"33105-3E856","plausible_hk","not_hk_format","Rear Axle & Differential","Drivetrain","","FP","WRONG-PART: expected '' but got 'Injection Pump for Kia Sorento (2009-2015)'","1","Injection Pump for Kia Sorento (2009-2015)","Kia","/ Injection Pump","0","0","False","0","4.24","False"
"31401-2E505","plausible_hk","not_hk_format","Front Differential","Drivetrain","","FP","WRONG-PART: expected '' but got 'Master Cylinder, clutch for Hyundai Tucson (2004-2010)'","1","Master Cylinder, clutch for Hyundai Tucson (2004-2010)","Hyundai"," / Master Cylinder, clutch","0","0","False","0","3.36","False"
"60700-3W938","plausible_hk","not_hk_format","Frame & Cross Members","Body","","FP","WRONG-PART: expected '' but got 'Crankshaft Bearing Set for Kia Sportage (2010-2015)'","1","Crankshaft Bearing Set for Kia Sportage (2010-2015)","Kia","/ Crankshaft Bearing Set","0","0","False","0","3.29","False"
"51501-2U725","plausible_hk","not_hk_format","Front Axle","Suspension","","FP","WRONG-PART: expected '' but got 'Track Control Arm for Kia Optima (2015-2020)'","1","Track Control Arm for Kia Optima (2015-2020)","Kia","/ Track Control Arm","0","0","False","0","3.21","False"
"53007-2T012","plausible_hk","not_hk_format","Power Steering","Suspension","","FP","WRONG-PART: expected '' but got 'Wheel Bearing Kit for Kia Optima (2010-2015)'","1","Wheel Bearing Kit for Kia Optima (2010-2015)","Kia","/ Wheel Bearing Kit","0","0","False","0","4.21","False"
"96230-A7345","plausible_hk","not_hk_format","Battery & Charging","Electrical","","FP","WRONG-PART: expected '' but got 'Gasket, cylinder head for Kia Forte (2013-2018)'","1","Gasket, cylinder head for Kia Forte (2013-2018)","Kia"," / Gasket, cylinder head","0","0","False","0","4.19","False"
"21042-2T040","plausible_hk","not_hk_format","Engine Block & Internals","Engine","","FP","WRONG-PART: expected '' but got 'Brake Disc (Rear Left) for Kia Optima (2010-2015)'","1","Brake Disc (Rear Left) for Kia Optima (2010-2015)","Kia","Brakes / Brake Disc","0","0","False","0","3.51","False"
"48409-2T585","plausible_hk","not_hk_format","Transaxle","Drivetrain","","FP","WRONG-PART: expected '' but got 'Caster Shim, axle beam for Kia Optima (2010-2015)'","1","Caster Shim, axle beam for Kia Optima (2010-2015)","Kia"," / Caster Shim, axle beam","0","0","False","0","5.25","False"
"87610-M7031","real_hk_seeded","exists","Exterior Mirror","Body","exterior,mirror","FP","WRONG-PART: expected 'exterior,mirror' but got 'OUTSIDE MIRROR ASSEMBLY'","1","OUTSIDE MIRROR ASSEMBLY","Hyundai / KIA","Body / Mouldings & Trim","0","0","False","0","3.73","False"
"54650-CV500","real_hk_seeded","exists","Shock Absorber - Front","Suspension","shock,absorber,front","TP","correct-but-poor: only 0 replacements (AM=0 OEMxRef=0 sup=False)","1","Shock Absorber (Rear) for Hyundai Staria (2021+)","Hyundai","Suspension / Shock Absorber / Strut","0","0","False","0","4.37","False"
"64900-F6110","real_hk_coarse","exists","Front Body / Hood","Body","front,body,hood","FP","WRONG-PART: expected 'front,body,hood' but got 'Support, bumper'","1","Support, bumper","Hyundai / KIA"," / Support, bumper","0","0","False","0","4.12","False"
"99240-AT200","real_hk_unseeded","exists","Unknown","Unknown","","FN","no results","0","","","","0","0","False","0","0.47","False"
"37390-C6017","plausible_hk","not_hk_format","Alternator","Electrical","","FP","WRONG-PART: expected '' but got 'Alternator for Kia Sorento (2015-2020)'","1","Alternator for Kia Sorento (2015-2020)","Kia","/ Alternator","0","0","False","0","4.24","False"
"64303-3E929","plausible_hk","not_hk_format","Front Body / Hood","Body","","FP","WRONG-PART: expected '' but got 'Cable Connector for Kia Sorento (2009-2015)'","1","Cable Connector for Kia Sorento (2009-2015)","Kia","/ Cable Connector","0","0","False","0","4.19","False"
"55211-F2200","plausible_hk","not_hk_format","Rear Suspension","Suspension","","FP","WRONG-PART: expected '' but got 'Brake Disc for Hyundai Elantra (2015-2020)'","1","Brake Disc for Hyundai Elantra (2015-2020)","Hyundai","Brakes / Brake Disc","0","0","False","0","4.17","False"
"80310-Q5600","real_hk_unseeded","exists","Unknown","Unknown","","FN","no results","0","","","","0","0","False","0","0.54","False"
"92102-D9120","real_hk_seeded","exists","Headlight - Front Right","Electrical","headlight,front,right","FP","WRONG-PART: expected 'headlight,front,right' but got 'Headlight for Kia Sportage (2015-2021)'","1","Headlight for Kia Sportage (2015-2021)","Kia","Electrical / Headlight Assembly","0","0","False","0","3.76","False"
"82650-CV000","real_hk_seeded","exists","Window Regulator - Front","Body","window,regulator,front","FP","WRONG-PART: expected 'window,regulator,front' but got 'Door Handle for Hyundai Staria (2021+)'","2","Door Handle for Hyundai Staria (2021+)","Hyundai","/ Door Handle","0","0","False","0","2.26","False"
"58101-ATA00","real_hk_seeded","exists","Brake Pad Set - Front","Brakes","brake,pad,set,front","TP","correct-but-poor: only 0 replacements (AM=0 OEMxRef=0 sup=False)","2","PAD KIT - FRONT DISC BRAKE","Hyundai / KIA","Brakes / Front Brake Pad / Disc","0","0","False","0","14.95","True"
"92402-Q5010","real_hk_seeded","exists","Tail Light - Rear Right","Electrical","tail,light,rear,right","TP","correct-but-poor: only 0 replacements (AM=0 OEMxRef=0 sup=False)","1","Combination Rearlight (Front Right)","Hyundai / KIA","/ Combination Rearlight","0","0","False","0","3.98","False"
"26300-2MHA0","real_hk_seeded","exists","Oil Filter","Engine","oil,filter","FN","HTTP 0","0","","","","0","0","False","0","2.28","False"
"97127-N9000","real_hk_coarse","exists","Compressor A/C","HVAC","compressor","FN","no results","0","","","","0","0","False","0","3.21","False"
"77003-CV000","real_hk_unseeded","exists","Unknown","Unknown","","FN","no results","0","","","","0","0","False","0","1.1","False"
"96477-3W906","plausible_hk","not_hk_format","Battery & Charging","Electrical","","FP","WRONG-PART: expected '' but got 'Steering Column Switch for Kia Sportage (2010-2015)'","1","Steering Column Switch for Kia Sportage (2010-2015)","Kia","/ Steering Column Switch","0","0","False","0","4.3","False"
"41006-3S251","plausible_hk","not_hk_format","Clutch","Drivetrain","","FP","WRONG-PART: expected '' but got 'Accessory Kit, brake shoes for Hyundai Sonata (2010-2014)'","1","Accessory Kit, brake shoes for Hyundai Sonata (2010-2014)","Hyundai"," / Accessory Kit, brake shoes","0","0","False","0","3.48","False"
"25068-P1503","plausible_hk","not_hk_format","Fuel System","Engine","","FP","WRONG-PART: expected '' but got 'Flasher Unit for Kia Sportage (2021+)'","1","Flasher Unit for Kia Sportage (2021+)","Kia","/ Flasher Unit","0","0","False","0","5.2","False"
"22111-A6084","plausible_hk","not_hk_format","Engine Mounting","Engine","","FP","WRONG-PART: expected '' but got 'Lid for Hyundai i30 (2011-2016)'","1","Lid for Hyundai i30 (2011-2016)","Hyundai","/ Lid","0","0","False","0","3.29","False"
"48810-2E067","plausible_hk","not_hk_format","Transaxle","Drivetrain","","FP","WRONG-PART: expected '' but got 'Steering Column for Hyundai Tucson (2004-2010)'","1","Steering Column for Hyundai Tucson (2004-2010)","Hyundai","/ Steering Column","0","0","False","0","4.5","False"
"92101-Q5130","real_hk_seeded","exists","Headlight - Front Left","Electrical","headlight,front,left","FP","WRONG-PART: expected 'headlight,front,left' but got 'Headlight'","1","Headlight","Hyundai / KIA","Electrical / Headlight Assembly","0","0","False","0","3.99","False"
"54650-AO100","real_hk_seeded","exists","Shock Absorber - Front","Suspension","shock,absorber,front","TP","correct-but-poor: only 0 replacements (AM=0 OEMxRef=0 sup=False)","1","Shock Absorber","Hyundai / KIA","Suspension / Shock Absorber / Strut","0","0","False","0","4.14","False"
"54650-M7CA0","real_hk_seeded","exists","Shock Absorber - Front","Suspension","shock,absorber,front","TP","correct-but-poor: only 0 replacements (AM=0 OEMxRef=0 sup=False)","1","Shock Absorber","Hyundai / KIA","Suspension / Shock Absorber / Strut","0","0","False","0","8.66","False"
"25310-1R010","real_hk_seeded","exists","Radiator","Cooling","radiator","TP","correct-but-poor: only 2 replacements (AM=1 OEMxRef=1 sup=False)","8","Radiator, engine cooling","VAN WEZEL","","1","1","False","2","11.22","False"
"26310-2S002","real_hk_seeded","exists","Oil Pan","Engine","oil,pan","FN","HTTP 0","0","","","","0","0","False","0","0.09","False"
"71110-L3A00","real_hk_coarse","exists","Bumper","Body","bumper","FN","no results","0","","","","0","0","False","0","3.25","False"
"80610-K0000","real_hk_unseeded","exists","Unknown","Unknown","","FN","no results","0","","","","0","0","False","0","0.56","False"
"63811-2E419","plausible_hk","not_hk_format","Rear Structure","Body","","FP","WRONG-PART: expected '' but got 'Flaring, wing for Hyundai Tucson (2004-2010)'","1","Flaring, wing for Hyundai Tucson (2004-2010)","Hyundai"," / Flaring, wing","0","0","False","0","4.25","False"
"36310-D3613","plausible_hk","not_hk_format","Starter & Charging","Electrical","","FP","WRONG-PART: expected '' but got 'Brake Disc for Hyundai Tucson (2015-2020)'","1","Brake Disc for Hyundai Tucson (2015-2020)","Hyundai","Brakes / Brake Disc","0","0","False","0","4.24","False"
"96194-2E952","plausible_hk","not_hk_format","Battery","Electrical","","FP","WRONG-PART: expected '' but got 'Brake Light Switch for Hyundai Tucson (2004-2010)'","1","Brake Light Switch for Hyundai Tucson (2004-2010)","Hyundai","/ Brake Light Switch","0","0","False","0","4.15","False"
"58220-C5042","plausible_hk","not_hk_format","Front Brake Caliper","Brakes","","FP","WRONG-PART: expected '' but got 'Wheel Brake Cylinder for Hyundai Santa Fe (2018+)'","1","Wheel Brake Cylinder for Hyundai Santa Fe (2018+)","Hyundai","/ Wheel Brake Cylinder","0","0","False","0","5.16","False"
"61076-D9602","plausible_hk","not_hk_format","Sub-Frame","Body","","FP","WRONG-PART: expected '' but got 'Conrod Bearing Set for Kia Sportage (2015-2021)'","1","Conrod Bearing Set for Kia Sportage (2015-2021)","Kia","/ Conrod Bearing Set","0","0","False","0","4.21","False"
"87610-H9660","real_hk_seeded","exists","Exterior Mirror","Body","exterior,mirror","FP","WRONG-PART: expected 'exterior,mirror' but got 'Outside Mirror'","1","Outside Mirror","Hyundai / KIA","/ Outside Mirror","0","0","False","0","3.97","False"
"92102-DW000","real_hk_seeded","exists","Headlight - Front Right","Electrical","headlight,front,right","FP","WRONG-PART: expected 'headlight,front,right' but got 'Headlight'","1","Headlight","Hyundai / KIA","Electrical / Headlight Assembly","0","0","False","0","6.6","False"
"82460-3T110","real_hk_seeded","exists","Power Window Motor - Front","Body","power,window,motor,front","TP","correct-but-poor: only 0 replacements (AM=0 OEMxRef=0 sup=False)","1","Electric Motor, window regulator","Hyundai / KIA"," / Electric Motor, window regulator","0","0","False","0","13.04","False"
"97134-AT010","real_hk_seeded","exists","Cabin Air Filter","HVAC","cabin,air,filter","TP","correct-but-poor: only 0 replacements (AM=0 OEMxRef=0 sup=False)","2","Filter, interior air (Front Right)","Hyundai / KIA","HVAC / Cabin Air Filter","0","0","False","0","3.29","False"
"31038-M6500","real_hk_coarse","exists","Front Differential","Drivetrain","front,differential","FN","no results","0","","","","0","0","False","0","3.34","False"
"79380-J5000","real_hk_unseeded","exists","Unknown","Unknown","","FN","no results","0","","","","0","0","False","0","0.65","False"
"87610-AT400","real_hk_seeded","exists","Exterior Mirror","Body","exterior,mirror","FP","WRONG-PART: expected 'exterior,mirror' but got 'Outside Mirror'","1","Outside Mirror","Hyundai / KIA","/ Outside Mirror","0","0","False","0","3.99","False"
"39350-08200","real_hk_seeded","exists","MAF Sensor","Electrical","maf,sensor","FP","WRONG-PART: expected 'maf,sensor' but got 'Sensor, camshaft position'","2","Sensor, camshaft position","Hyundai / KIA"," / Sensor, camshaft position","0","0","False","0","3.03","False"
"39210-2T060","real_hk_seeded","exists","Oxygen Sensor","Electrical","oxygen,sensor","FP","WRONG-PART: expected 'oxygen,sensor' but got 'Lambda Sensor for Kia Optima (2010-2015)'","1","Lambda Sensor for Kia Optima (2010-2015)","Kia","Electrical / Oxygen Sensor","0","0","False","0","11.97","False"
"87610-F6130","real_hk_seeded","exists","Exterior Mirror","Body","exterior,mirror","FP","WRONG-PART: expected 'exterior,mirror' but got 'Outside Mirror'","1","Outside Mirror","Hyundai / KIA","/ Outside Mirror","0","0","False","0","4.75","False"
"92401-R0010","real_hk_seeded","exists","Tail Light - Rear Left","Electrical","tail,light,rear,left","TP","correct-but-poor: only 0 replacements (AM=0 OEMxRef=0 sup=False)","1","Combination Rearlight (Front Right)","Hyundai / KIA","/ Combination Rearlight","0","0","False","0","4.37","False"
"54630-3V01B","real_hk_coarse","exists","Shock Absorber (Front)","Suspension","shock,absorber,(front)","FP","WRONG-PART: expected 'shock,absorber,(front)' but got 'SPRING - FR'","2","SPRING - FR","Hyundai / KIA","Suspension / Shock Absorber (Front)","0","0","False","0","2.34","False"
"09149-J5200","real_hk_unseeded","exists","Unknown","Unknown","","FN","no results","0","","","","0","0","False","0","0.58","False"
"87610-R5061","real_hk_seeded","exists","Exterior Mirror","Body","exterior,mirror","FP","WRONG-PART: expected 'exterior,mirror' but got 'Outside Mirror'","1","Outside Mirror","Hyundai / KIA","/ Outside Mirror","0","0","False","0","4.23","False"
"28113-J5350","real_hk_seeded","exists","Air Filter","Engine","air,filter","TP","correct-but-poor: only 0 replacements (AM=0 OEMxRef=0 sup=False)","10","Air Filter","Hyundai / KIA","Engine / Air Filter","0","0","False","0","10.77","False"
"58302-GIA00","real_hk_seeded","exists","Brake Pad Set - Rear","Brakes","brake,pad,set,rear","TP","correct-but-poor: only 0 replacements (AM=0 OEMxRef=0 sup=False)","2","PAD KIT - REAR DISC BRAKE","Hyundai / KIA","Brakes / Rear Brake / Drum","0","0","False","0","6.15","False"
"87610-P4051","real_hk_seeded","exists","Exterior Mirror","Body","exterior,mirror","FN","HTTP 0","0","","","","0","0","False","0","0.4","False"
"45637-4G425","real_hk_coarse","exists","Manual Transmission","Transmission","manual,transmission","FP","WRONG-PART: expected 'manual,transmission' but got 'PLATE - LOW &amp; REVERSE BRAKE'","1","PLATE - LOW &amp; REVERSE BRAKE","Hyundai / KIA","Transmission / Manual Transmission","0","0","False","0","3.28","False"
"99147-K0500","real_hk_unseeded","exists","Unknown","Unknown","","FN","no results","0","","","","0","0","False","0","0.7","False"
"58101-GIA00","real_hk_seeded","exists","Brake Pad Set - Front","Brakes","brake,pad,set,front","TP","correct-but-poor: only 0 replacements (AM=0 OEMxRef=0 sup=False)","2","PAD KIT - FRONT DISC BRAKE","Hyundai / KIA","Brakes / Front Brake Pad / Disc","0","0","False","0","3.17","False"
"87610-R0580","real_hk_seeded","exists","Exterior Mirror","Body","exterior,mirror","FP","WRONG-PART: expected 'exterior,mirror' but got 'Outside Mirror'","1","Outside Mirror","Hyundai / KIA","/ Outside Mirror","0","0","False","0","14.95","True"
"92101-DW100","real_hk_seeded","exists","Headlight - Front Left","Electrical","headlight,front,left","FP","WRONG-PART: expected 'headlight,front,left' but got 'Headlight'","1","Headlight","Hyundai / KIA","Electrical / Headlight Assembly","0","0","False","0","3.97","False"
"39350-3N900","real_hk_seeded","exists","MAF Sensor","Electrical","maf,sensor","FN","HTTP 0","0","","","","0","0","False","0","1.35","False"
"92102-P1181","real_hk_seeded","exists","Headlight - Front Right","Electrical","headlight,front,right","FP","WRONG-PART: expected 'headlight,front,right' but got 'Headlight for Kia Sportage (2021+)'","1","Headlight for Kia Sportage (2021+)","Kia","Electrical / Headlight Assembly","0","0","False","0","5.42","False"
"92402-H9000","real_hk_seeded","exists","Tail Light - Rear Right","Electrical","tail,light,rear,right","FN","HTTP 0","0","","","","0","0","False","0","0.1","False"
"82655-P2000","real_hk_coarse","exists","Glass / Windshield","Body","glass,windshield","FP","WRONG-PART: expected 'glass,windshield' but got 'BASE ASSY - FR DR O/S HANDLE LH'","1","BASE ASSY - FR DR O/S HANDLE LH","Hyundai / KIA","Body / Glass / Windshield","0","0","False","0","2.25","False"
"77980-P2000","real_hk_unseeded","exists","Unknown","Unknown","","FN","no results","0","","","","0","0","False","0","0.49","False"
"54650-M7730","real_hk_seeded","exists","Shock Absorber - Front","Suspension","shock,absorber,front","TP","correct-but-poor: only 0 replacements (AM=0 OEMxRef=0 sup=False)","1","Shock Absorber","Hyundai / KIA","Suspension / Shock Absorber / Strut","0","0","False","0","5.44","False"
"92401-Q5510","real_hk_seeded","exists","Tail Light - Rear Left","Electrical","tail,light,rear,left","FN","HTTP 0","0","","","","0","0","False","0","0.1","False"
"89150-CH100","real_hk_coarse","exists","Air Bag System","Safety","air,bag,system","FP","WRONG-PART: expected 'air,bag,system' but got 'Piston Ring Kit'","1","Piston Ring Kit","Hyundai / KIA","/ Piston Ring Kit","0","0","False","0","3.17","False"
"99230-R0050","real_hk_unseeded","exists","Unknown","Unknown","","FN","no results","0","","","","0","0","False","0","0.71","False"
"51712-R5000","real_hk_seeded","exists","Brake Disc - Front","Brakes","brake,disc,front","TP","correct-but-poor: only 0 replacements (AM=0 OEMxRef=0 sup=False)","2","Brake Disc","Hyundai / KIA","Brakes / Brake Disc","0","0","False","0","3.39","False"
"97133-C0000","real_hk_seeded","exists","Cabin Air Filter","HVAC","cabin,air,filter","FN","HTTP 0","0","","","","0","0","False","0","0.06","False"
"21310-3CJA2","real_hk_coarse","exists","Crankshaft & Bearings","Engine","crankshaft,bearings","FP","WRONG-PART: expected 'crankshaft,bearings' but got 'PUMP ASSY - OIL'","2","PUMP ASSY - OIL","Hyundai / KIA","Engine / Crankshaft & Bearings","1","0","False","1","2.25","False"
"05203-AT300","real_hk_unseeded","exists","Unknown","Unknown","","FN","no results","0","","","","0","0","False","0","0.71","False"
"58411-J5250","real_hk_seeded","exists","Brake Disc - Rear","Brakes","brake,disc,rear","TP","correct-but-poor: only 2 replacements (AM=1 OEMxRef=1 sup=False)","11","Brake Disc","BLUE PRINT","","1","1","False","2","10.46","False"
"25310-P2100","real_hk_seeded","exists","Radiator","Cooling","radiator","FN","HTTP 0","0","","","","0","0","False","0","0.07","False"
"45230-4G102","real_hk_coarse","exists","Manual Transmission","Transmission","manual,transmission","FP","WRONG-PART: expected 'manual,transmission' but got 'Brake Pad Set, disc brake'","2","Brake Pad Set, disc brake","Hyundai / KIA","Brakes / Brake Pad Set","0","0","False","0","3.15","False"
"07100-J2B20","real_hk_unseeded","exists","Unknown","Unknown","","FN","no results","0","","","","0","0","False","0","0.85","False"
"92401-P1020","real_hk_seeded","exists","Tail Light - Rear Left","Electrical","tail,light,rear,left","TP","correct-but-poor: only 0 replacements (AM=0 OEMxRef=0 sup=False)","1","Combination Rearlight (Front Left) for Kia Sportage (2021+)","Kia","/ Combination Rearlight","0","0","False","0","8.66","False"
"92101-R0520","real_hk_seeded","exists","Headlight - Front Left","Electrical","headlight,front,left","FP","WRONG-PART: expected 'headlight,front,left' but got 'Headlight'","1","Headlight","Hyundai / KIA","Electrical / Headlight Assembly","0","0","False","0","14.12","True"
"25620-2GGB0","real_hk_seeded","exists","Thermostat","Cooling","thermostat","FN","HTTP 0","0","","","","0","0","False","0","0.1","False"
"21020-3N521","real_hk_coarse","exists","Engine Block & Internals","Engine","engine,block,internals","FP","WRONG-PART: expected 'engine,block,internals' but got 'Crankshaft Bearing Set'","2","Crankshaft Bearing Set","Hyundai / KIA","/ Crankshaft Bearing Set","0","0","False","0","2.21","False"
"77990-AT000","real_hk_unseeded","exists","Unknown","Unknown","","FN","no results","0","","","","0","0","False","0","0.56","False"
"54650-P1830","real_hk_seeded","exists","Shock Absorber - Front","Suspension","shock,absorber,front","TP","correct-but-poor: only 0 replacements (AM=0 OEMxRef=0 sup=False)","1","Shock Absorber for Kia Sportage (2021+)","Kia","Suspension / Shock Absorber / Strut","0","0","False","0","10.27","False"
"87610-R5111","real_hk_seeded","exists","Exterior Mirror","Body","exterior,mirror","FN","HTTP 0","0","","","","0","0","False","0","0.07","False"
"28710-P1340","real_hk_coarse","exists","Exhaust Manifold","Exhaust","exhaust,manifold","FP","WRONG-PART: expected 'exhaust,manifold' but got 'End Silencer for Kia Sportage (2021+)'","1","End Silencer for Kia Sportage (2021+)","Kia","/ End Silencer","0","0","False","0","4.11","False"
"80410-R5000","real_hk_unseeded","exists","Unknown","Unknown","","FN","no results","0","","","","0","0","False","0","0.75","False"
"97134-R5000","real_hk_seeded","exists","Cabin Air Filter","HVAC","cabin,air,filter","FN","HTTP 0","0","","","","0","0","False","0","0.08","False"
"97113-L1100","real_hk_coarse","exists","Compressor A/C","HVAC","compressor","FP","WRONG-PART: expected 'compressor' but got 'MOTOR &amp; FAN ASSY - A/C BLOWER'","2","MOTOR &amp; FAN ASSY - A/C BLOWER","Hyundai / KIA","HVAC / Compressor A/C","0","0","False","0","2.24","False"
"99155-L3000","real_hk_unseeded","exists","Unknown","Unknown","","FN","no results","0","","","","0","0","False","0","0.54","False"
"92101-M7500","real_hk_seeded","exists","Headlight - Front Left","Electrical","headlight,front,left","FP","WRONG-PART: expected 'headlight,front,left' but got 'Headlight (Rear)'","1","Headlight (Rear)","Hyundai / KIA","Electrical / Headlight Assembly","0","0","False","0","5.02","False"
"39210-3L000","real_hk_seeded","exists","Oxygen Sensor","Electrical","oxygen,sensor","FN","HTTP 0","0","","","","0","0","False","0","0.19","False"
"93581-F6060","real_hk_coarse","exists","Lighting - Interior","Electrical","lighting,interior","FP","WRONG-PART: expected 'lighting,interior' but got 'UNIT ASSY - POWER WINDOW SUB'","1","UNIT ASSY - POWER WINDOW SUB","Hyundai / KIA","Electrical / Lighting - Interior","0","0","False","0","2.24","False"
"09430-C1170","real_hk_unseeded","exists","Unknown","Unknown","","FN","no results","0","","","","0","0","False","0","0.51","False"
"54660-D4580","real_hk_seeded","exists","Shock Absorber - Front","Suspension","shock,absorber,front","TP","correct-but-poor: only 0 replacements (AM=0 OEMxRef=0 sup=False)","2","Shock Absorber","Hyundai / KIA","Suspension / Shock Absorber / Strut","0","0","False","0","12.21","False"
"25100-2MHA0","real_hk_seeded","exists","Water Pump","Cooling","water,pump","FN","HTTP 0","0","","","","0","0","False","0","0.15","False"
"64575-H8000","real_hk_coarse","exists","Front Body / Hood","Body","front,body,hood","FP","WRONG-PART: expected 'front,body,hood' but got 'BRACKET ASSY - FENDER'","1","BRACKET ASSY - FENDER","Hyundai / KIA","Body / Front Body / Hood","0","0","False","0","2.21","False"
"99240-S9600","real_hk_unseeded","exists","Unknown","Unknown","","FN","no results","0","","","","0","0","False","0","0.52","False"
"92102-P1191","real_hk_seeded","exists","Headlight - Front Right","Electrical","headlight,front,right","FP","WRONG-PART: expected 'headlight,front,right' but got 'Headlight for Kia Sportage (2021+)'","1","Headlight for Kia Sportage (2021+)","Kia","Electrical / Headlight Assembly","0","0","False","0","4.78","False"
"92101-P4000","real_hk_seeded","exists","Headlight - Front Left","Electrical","headlight,front,left","FP","WRONG-PART: expected 'headlight,front,left' but got 'Headlight'","1","Headlight","Hyundai / KIA","Electrical / Headlight Assembly","0","0","False","0","4.37","False"
"58101-P2A01","real_hk_seeded","exists","Brake Pad Set - Front","Brakes","brake,pad,set,front","TP","correct-but-poor: only 0 replacements (AM=0 OEMxRef=0 sup=False)","2","Brake Pad Set, disc brake","Hyundai / KIA","Brakes / Brake Pad Set","0","0","False","0","3.22","False"
"83550-R0000","real_hk_coarse","exists","Sunroof","Body","sunroof","FP","WRONG-PART: expected 'sunroof' but got 'CHANNEL ASSY - REAR DOOR REAR,LH'","1","CHANNEL ASSY - REAR DOOR REAR,LH","Hyundai / KIA","Body / Sunroof","0","0","False","0","2.25","False"
"09533-C1120","real_hk_unseeded","exists","Unknown","Unknown","","FN","no results","0","","","","0","0","False","0","0.84","False"
"92102-P1080","real_hk_seeded","exists","Headlight - Front Right","Electrical","headlight,front,right","FP","WRONG-PART: expected 'headlight,front,right' but got 'Headlight for Kia Sportage (2021+)'","1","Headlight for Kia Sportage (2021+)","Kia","Electrical / Headlight Assembly","0","0","False","0","4.86","False"
"28113-J5100","real_hk_seeded","exists","Air Filter","Engine","air,filter","TP","correct-but-poor: only 0 replacements (AM=0 OEMxRef=0 sup=False)","7","Air Filter","Hyundai / KIA","Engine / Air Filter","0","0","False","0","11.04","False"
"26300-2M805","real_hk_seeded","exists","Oil Filter","Engine","oil,filter","TP","correct-but-poor: only 0 replacements (AM=0 OEMxRef=0 sup=False)","2","Oil Filter","Hyundai / KIA","Engine / Oil Filter","0","0","False","0","3.26","False"
"32450-08050","real_hk_coarse","exists","Front Drive Shaft","Drivetrain","front,drive,shaft","FP","WRONG-PART: expected 'front,drive,shaft' but got 'Ignition Switch Key'","1","Ignition Switch Key","Hyundai / KIA","Engine / Ignition Switch","0","0","False","0","3.27","False"
"14160-05273","real_hk_unseeded","exists","Unknown","Unknown","","FN","no results","0","","","","0","0","False","0","0.83","False"
"92102-G5220","real_hk_seeded","exists","Headlight - Front Right","Electrical","headlight,front,right","FP","WRONG-PART: expected 'headlight,front,right' but got 'Headlight'","1","Headlight","Hyundai / KIA","Electrical / Headlight Assembly","0","0","False","0","4.81","False"
"87610-R5081","real_hk_seeded","exists","Exterior Mirror","Body","exterior,mirror","FP","WRONG-PART: expected 'exterior,mirror' but got 'Outside Mirror'","1","Outside Mirror","Hyundai / KIA","/ Outside Mirror","0","0","False","0","4.31","False"
"26300-2M000","real_hk_seeded","exists","Oil Filter","Engine","oil,filter","TP","correct-but-poor: only 0 replacements (AM=0 OEMxRef=0 sup=False)","2","Oil Filter","Hyundai / KIA","Engine / Oil Filter","0","0","False","0","3.21","False"
"86696-Q5700","real_hk_coarse","exists","Mirrors","Body","mirrors","FN","no results","0","","","","0","0","False","0","4.18","False"
"09430-G2300","real_hk_unseeded","exists","Unknown","Unknown","","FN","no results","0","","","","0","0","False","0","0.58","False"
"92101-2T500","real_hk_seeded","exists","Headlight - Front Left","Electrical","headlight,front,left","FP","WRONG-PART: expected 'headlight,front,left' but got 'Headlight (Rear) for Kia Optima (2010-2015)'","2","Headlight (Rear) for Kia Optima (2010-2015)","Kia","Electrical / Headlight Assembly","0","0","False","0","3.15","False"
"54650-Q5UC0","real_hk_seeded","exists","Shock Absorber - Front","Suspension","shock,absorber,front","TP","correct-but-poor: only 0 replacements (AM=0 OEMxRef=0 sup=False)","1","Shock Absorber","Hyundai / KIA","Suspension / Shock Absorber / Strut","0","0","False","0","3.57","False"
"92101-DW110","real_hk_seeded","exists","Headlight - Front Left","Electrical","headlight,front,left","FP","WRONG-PART: expected 'headlight,front,left' but got 'Headlight'","1","Headlight","Hyundai / KIA","Electrical / Headlight Assembly","0","0","False","0","5.39","False"
"92101-R0620","real_hk_seeded","exists","Headlight - Front Left","Electrical","headlight,front,left","FP","WRONG-PART: expected 'headlight,front,left' but got 'Headlight'","1","Headlight","Hyundai / KIA","Electrical / Headlight Assembly","0","0","False","0","3.18","False"
"26350-2T000","real_hk_seeded","exists","Oil Filter","Engine","oil,filter","TP","correct-but-poor: only 0 replacements (AM=0 OEMxRef=0 sup=False)","2","Engine Oil Filter (V6) for Kia Optima (2010-2015)","Kia","Engine / Oil Filter","0","0","False","0","2.57","False"
"92402-F6520","real_hk_seeded","exists","Tail Light - Rear Right","Electrical","tail,light,rear,right","TP","correct-but-poor: only 0 replacements (AM=0 OEMxRef=0 sup=False)","1","Combination Rearlight","Hyundai / KIA","/ Combination Rearlight","0","0","False","0","4.67","False"
"85433-R0000","real_hk_coarse","exists","Seats","Interior","seats","FP","WRONG-PART: expected 'seats' but got 'BRACKET ASSY - ASSIST HANDLE RR'","1","BRACKET ASSY - ASSIST HANDLE RR","Hyundai / KIA","Interior / Seats","0","0","False","0","2.23","False"
"99910-F6000","real_hk_unseeded","exists","Unknown","Unknown","","FN","no results","0","","","","0","0","False","0","0.49","False"
"46700-H9110","real_hk_coarse","exists","Auto Transmission Control","Transmission","auto,transmission,control","FP","WRONG-PART: expected 'auto,transmission,control' but got 'LEVER ASSY - ATM'","1","LEVER ASSY - ATM","Hyundai / KIA","Transmission / Auto Transmission Control","0","0","False","0","3.29","False"
"14331-08160","real_hk_unseeded","exists","Unknown","Unknown","","FN","no results","0","","","","0","0","False","0","0.54","False"
"39210-08HB0","real_hk_seeded","exists","Oxygen Sensor","Electrical","oxygen,sensor","FP","WRONG-PART: expected 'oxygen,sensor' but got 'Lambda Sensor'","2","Lambda Sensor","Hyundai / KIA","Electrical / Oxygen Sensor","0","0","False","0","3.44","False"
"87610-H9790","real_hk_seeded","exists","Exterior Mirror","Body","exterior,mirror","FP","WRONG-PART: expected 'exterior,mirror' but got 'Outside Mirror'","1","Outside Mirror","Hyundai / KIA","/ Outside Mirror","0","0","False","0","4.2","False"
"87610-Q5840","real_hk_seeded","exists","Exterior Mirror","Body","exterior,mirror","FP","WRONG-PART: expected 'exterior,mirror' but got 'Outside Mirror'","1","Outside Mirror","Hyundai / KIA","/ Outside Mirror","0","0","False","0","4.21","False"
"81676-P1000","real_hk_coarse","exists","Weatherstrip & Seal","Body","weatherstrip,seal","FN","no results","0","","","","0","0","False","0","5.1","False"
"99216-CG000","real_hk_unseeded","exists","Unknown","Unknown","","FN","no results","0","","","","0","0","False","0","0.79","False"
"58101-P0A10","real_hk_seeded","exists","Brake Pad Set - Front","Brakes","brake,pad,set,front","TP","correct-but-poor: only 0 replacements (AM=0 OEMxRef=0 sup=False)","1","Brake Pad Set, disc brake","Hyundai / KIA","Brakes / Brake Pad Set","0","0","False","0","3.37","False"
"87610-AT360","real_hk_seeded","exists","Exterior Mirror","Body","exterior,mirror","FP","WRONG-PART: expected 'exterior,mirror' but got 'Outside Mirror'","1","Outside Mirror","Hyundai / KIA","/ Outside Mirror","0","0","False","0","5.25","False"
"92101-Q5220","real_hk_seeded","exists","Headlight - Front Left","Electrical","headlight,front,left","FP","WRONG-PART: expected 'headlight,front,left' but got 'Headlight'","1","Headlight","Hyundai / KIA","Electrical / Headlight Assembly","0","0","False","0","3.2","False"
"91610-F6021","real_hk_coarse","exists","Wiring Harness","Electrical","wiring,harness","FP","WRONG-PART: expected 'wiring,harness' but got 'Wire Harness (engine bay)'","1","Wire Harness (engine bay)","Hyundai / KIA","Electrical / Wiring Harness","0","0","False","0","4.1","False"
"09501-C9120","real_hk_unseeded","exists","Unknown","Unknown","","FN","no results","0","","","","0","0","False","0","0.72","False"
"92402-S9600","real_hk_seeded","exists","Tail Light - Rear Right","Electrical","tail,light,rear,right","TP","correct-but-poor: only 0 replacements (AM=0 OEMxRef=0 sup=False)","1","Combination Rearlight (Passenger)","Hyundai / KIA","/ Combination Rearlight","0","0","False","0","4.61","False"
"97134-Q4000","real_hk_seeded","exists","Cabin Air Filter","HVAC","cabin,air,filter","FP","WRONG-PART: expected 'cabin,air,filter' but got 'CASE - HEATER,LH'","2","CASE - HEATER,LH","Hyundai / KIA","HVAC / Compressor A/C","0","0","False","0","3.46","False"
"86391-AO000","real_hk_coarse","exists","Mirrors","Body","mirrors","FP","WRONG-PART: expected 'mirrors' but got 'Trim/Protective Strip, door'","2","Trim/Protective Strip, door","Hyundai / KIA"," / Trim/Protective Strip, door","0","0","False","0","2.16","False"
"77111-P1000","real_hk_unseeded","exists","Unknown","Unknown","","FN","no results","0","","","","0","0","False","0","0.59","False"
"92402-H9200","real_hk_seeded","exists","Tail Light - Rear Right","Electrical","tail,light,rear,right","TP","correct-but-poor: only 0 replacements (AM=0 OEMxRef=0 sup=False)","1","Combination Rearlight","Hyundai / KIA","/ Combination Rearlight","0","0","False","0","3.58","False"
"92102-S9030","real_hk_seeded","exists","Headlight - Front Right","Electrical","headlight,front,right","TP","correct-but-poor: only 0 replacements (AM=0 OEMxRef=0 sup=False)","1","Headlight (Rear Right)","Hyundai / KIA","Electrical / Headlight Assembly","0","0","False","0","3.14","False"
"97134-N9000","real_hk_seeded","exists","Cabin Air Filter","HVAC","cabin,air,filter","FP","WRONG-PART: expected 'cabin,air,filter' but got 'CASE - HEATER,LH'","2","CASE - HEATER,LH","Hyundai / KIA","HVAC / Compressor A/C","0","0","False","0","2.17","False"
"62405-C5CB0","real_hk_coarse","exists","Front Structure","Body","front,structure","FP","WRONG-PART: expected 'front,structure' but got 'Support Frame/Engine Carrier for Hyundai Santa Fe (2018+)'","1","Support Frame/Engine Carrier for Hyundai Santa Fe (2018+)","Hyundai","/ Support Frame/Engine Carrier","0","0","False","0","3.1","False"
"12900-06180","real_hk_unseeded","exists","Unknown","Unknown","","FN","no results","0","","","","0","0","False","0","0.73","False"
"58101-N9A10","real_hk_seeded","exists","Brake Pad Set - Front","Brakes","brake,pad,set,front","TP","correct-but-poor: only 0 replacements (AM=0 OEMxRef=0 sup=False)","2","Brake Pad Set, disc brake for Hyundai Tucson (2020+)","Hyundai","Brakes / Brake Pad Set","0","0","False","0","2.27","False"
"92102-R0620","real_hk_seeded","exists","Headlight - Front Right","Electrical","headlight,front,right","FP","WRONG-PART: expected 'headlight,front,right' but got 'Headlight'","1","Headlight","Hyundai / KIA","Electrical / Headlight Assembly","0","0","False","0","4.43","False"
"18980-09920","real_hk_coarse","exists","Ignition System","Engine","ignition,system","FP","WRONG-PART: expected 'ignition,system' but got 'Fuse'","2","Fuse","Hyundai / KIA","/ Fuse","0","0","False","0","3.19","False"
"77990-K0000","real_hk_unseeded","exists","Unknown","Unknown","","FN","no results","0","","","","0","0","False","0","0.49","False"
"97134-P4200","real_hk_seeded","exists","Cabin Air Filter","HVAC","cabin,air,filter","FP","WRONG-PART: expected 'cabin,air,filter' but got 'CASE - HEATER,LH'","2","CASE - HEATER,LH","Hyundai / KIA","HVAC / Compressor A/C","0","0","False","0","2.22","False"
"92101-S9130","real_hk_seeded","exists","Headlight - Front Left","Electrical","headlight,front,left","FP","WRONG-PART: expected 'headlight,front,left' but got 'Headlight'","2","Headlight","Hyundai / KIA","Electrical / Headlight Assembly","0","0","False","0","2.55","False"
"97761-P2030","real_hk_coarse","exists","A/C Hose & Pipe","HVAC","hose,pipe","FP","WRONG-PART: expected 'hose,pipe' but got 'PIPE &amp; TUBE ASSY'","1","PIPE &amp; TUBE ASSY","Hyundai / KIA","HVAC / A/C Hose & Pipe","0","0","False","0","3.18","False"
"79220-H9000","real_hk_unseeded","exists","Unknown","Unknown","","FN","no results","0","","","","0","0","False","0","0.76","False"
"97134-AT310","real_hk_seeded","exists","Cabin Air Filter","HVAC","cabin,air,filter","TP","correct-but-poor: only 0 replacements (AM=0 OEMxRef=0 sup=False)","2","Filter, interior air","Hyundai / KIA","HVAC / Cabin Air Filter","0","0","False","0","3.18","False"
"26310-2S000","real_hk_seeded","exists","Oil Pan","Engine","oil,pan","FP","WRONG-PART: expected 'oil,pan' but got 'Brake Disc for Hyundai Tucson (2010-2015)'","2","Brake Disc for Hyundai Tucson (2010-2015)","Hyundai","Brakes / Brake Disc","0","0","False","0","2.21","False"
"84744-CV000","real_hk_coarse","exists","Interior Trim","Interior","interior,trim","FP","WRONG-PART: expected 'interior,trim' but got 'COVER - CTR FACIA BLANKING'","1","COVER - CTR FACIA BLANKING","Hyundai / KIA","Interior / Interior Trim","0","0","False","0","3.09","False"
"80310-R0000","real_hk_unseeded","exists","Unknown","Unknown","","FN","no results","0","","","","0","0","False","0","0.78","False"
"82460-P1010","real_hk_seeded","exists","Power Window Motor - Front","Body","power,window,motor,front","TP","correct-but-poor: only 0 replacements (AM=0 OEMxRef=0 sup=False)","2","MOTOR ASSY - FRONT POWER WDW,RH","Hyundai / KIA","Body / Glass / Windshield","0","0","False","0","3.31","False"
"54650-S9AA0","real_hk_seeded","exists","Shock Absorber - Front","Suspension","shock,absorber,front","TP","correct-but-poor: only 0 replacements (AM=0 OEMxRef=0 sup=False)","1","Shock Absorber","Hyundai / KIA","Suspension / Shock Absorber / Strut","0","0","False","0","4.22","False"
"92401-Q5610","real_hk_seeded","exists","Tail Light - Rear Left","Electrical","tail,light,rear,left","TP","correct-but-poor: only 0 replacements (AM=0 OEMxRef=0 sup=False)","1","Combination Rearlight","Hyundai / KIA","/ Combination Rearlight","0","0","False","0","4.19","False"
"97133-N9000","real_hk_seeded","exists","Cabin Air Filter","HVAC","cabin,air,filter","TP","correct-but-poor: only 0 replacements (AM=0 OEMxRef=0 sup=False)","2","Filter, interior air for Hyundai Tucson (2020+)","Hyundai","HVAC / Cabin Air Filter","0","0","False","0","2.24","False"
"91101-R5120","real_hk_coarse","exists","Wiring Harness","Electrical","wiring,harness","FN","no results","0","","","","0","0","False","0","3.2","False"
"99910-P4100","real_hk_unseeded","exists","Unknown","Unknown","","FN","no results","0","","","","0","0","False","0","0.85","False"
"87610-AT390","real_hk_seeded","exists","Exterior Mirror","Body","exterior,mirror","FP","WRONG-PART: expected 'exterior,mirror' but got 'Outside Mirror'","1","Outside Mirror","Hyundai / KIA","/ Outside Mirror","0","0","False","0","4.27","False"
"92401-AT010","real_hk_seeded","exists","Tail Light - Rear Left","Electrical","tail,light,rear,left","TP","correct-but-poor: only 0 replacements (AM=0 OEMxRef=0 sup=False)","1","Combination Rearlight (Front Right)","Hyundai / KIA","/ Combination Rearlight","0","0","False","0","3.18","False"
"25310-L3300","real_hk_seeded","exists","Radiator","Cooling","radiator","TP","correct-but-poor: only 0 replacements (AM=0 OEMxRef=0 sup=False)","1","Radiator, engine cooling","Hyundai / KIA","Cooling / Radiator","0","0","False","0","4.42","False"
"54650-R5000","real_hk_seeded","exists","Shock Absorber - Front","Suspension","shock,absorber,front","TP","correct-but-poor: only 0 replacements (AM=0 OEMxRef=0 sup=False)","1","Shock Absorber","Hyundai / KIA","Suspension / Shock Absorber / Strut","0","0","False","0","3.14","False"
"58101-P2A05","real_hk_seeded","exists","Brake Pad Set - Front","Brakes","brake,pad,set,front","TP","correct-but-poor: only 0 replacements (AM=0 OEMxRef=0 sup=False)","2","Brake Pad Set, disc brake","Hyundai / KIA","Brakes / Brake Pad Set","0","0","False","0","8.96","False"
"87610-AO000","real_hk_seeded","exists","Exterior Mirror","Body","exterior,mirror","FP","WRONG-PART: expected 'exterior,mirror' but got 'Outside Mirror'","1","Outside Mirror","Hyundai / KIA","/ Outside Mirror","0","0","False","0","4.17","False"
"58411-J5000","real_hk_seeded","exists","Brake Disc - Rear","Brakes","brake,disc,rear","TP","correct-but-poor: only 0 replacements (AM=0 OEMxRef=0 sup=False)","10","Brake Disc","Hyundai / KIA","Brakes / Brake Disc","0","0","False","0","10.55","False"
"82241-H8000","real_hk_coarse","exists","Glass / Windshield","Body","glass,windshield","FP","WRONG-PART: expected 'glass,windshield' but got 'W/STRIP - FRDRBELTI'","1","W/STRIP - FRDRBELTI","Hyundai / KIA","Body / Glass / Windshield","0","0","False","0","2.24","False"
"09501-C9140","real_hk_unseeded","exists","Unknown","Unknown","","FN","no results","0","","","","0","0","False","0","0.85","False"
"26300-2MHA5","real_hk_seeded","exists","Oil Filter","Engine","oil,filter","TP","correct-but-poor: only 0 replacements (AM=0 OEMxRef=0 sup=False)","2","Oil Filter","Hyundai / KIA","Engine / Oil Filter","0","0","False","0","3.15","False"
"58101-J9A15","real_hk_seeded","exists","Brake Pad Set - Front","Brakes","brake,pad,set,front","TP","correct-but-poor: only 0 replacements (AM=0 OEMxRef=0 sup=False)","2","Brake Pad Set, disc brake","Hyundai / KIA","Brakes / Brake Pad Set","0","0","False","0","2.61","False"
"92101-AT150","real_hk_seeded","exists","Headlight - Front Left","Electrical","headlight,front,left","FP","WRONG-PART: expected 'headlight,front,left' but got 'Headlight'","1","Headlight","Hyundai / KIA","Electrical / Headlight Assembly","0","0","False","0","4.15","False"
"87610-R0570","real_hk_seeded","exists","Exterior Mirror","Body","exterior,mirror","FP","WRONG-PART: expected 'exterior,mirror' but got 'Outside Mirror'","1","Outside Mirror","Hyundai / KIA","/ Outside Mirror","0","0","False","0","3.48","False"
"92101-S9550","real_hk_seeded","exists","Headlight - Front Left","Electrical","headlight,front,left","FP","WRONG-PART: expected 'headlight,front,left' but got 'Headlight'","1","Headlight","Hyundai / KIA","Electrical / Headlight Assembly","0","0","False","0","3.49","False"
"87610-1F101","real_hk_seeded","exists","Exterior Mirror","Body","exterior,mirror","FP","WRONG-PART: expected 'exterior,mirror' but got 'Outside Mirror'","2","Outside Mirror","Hyundai / KIA","/ Outside Mirror","0","0","False","0","2.22","False"
"92102-G5540","real_hk_seeded","exists","Headlight - Front Right","Electrical","headlight,front,right","FP","WRONG-PART: expected 'headlight,front,right' but got 'LAMP ASSY - HEAD,RH'","2","LAMP ASSY - HEAD,RH","Hyundai / KIA","Electrical / Headlight Assembly","0","0","False","0","3.41","False"
"39210-2M330","real_hk_seeded","exists","Oxygen Sensor","Electrical","oxygen,sensor","FP","WRONG-PART: expected 'oxygen,sensor' but got 'Lambda Sensor'","2","Lambda Sensor","Hyundai / KIA","Electrical / Oxygen Sensor","0","0","False","0","10.87","False"
"87610-M7071","real_hk_seeded","exists","Exterior Mirror","Body","exterior,mirror","FP","WRONG-PART: expected 'exterior,mirror' but got 'Outside Mirror'","1","Outside Mirror","Hyundai / KIA","/ Outside Mirror","0","0","False","0","5.01","False"
"64736-GI000","real_hk_coarse","exists","Front Body / Hood","Body","front,body,hood","FP","WRONG-PART: expected 'front,body,hood' but got 'REINF ASSY - FR S/MBR INR FR,LH'","1","REINF ASSY - FR S/MBR INR FR,LH","Hyundai / KIA","Body / Front Body / Hood","0","0","False","0","2.21","False"
"99316-CV200","real_hk_unseeded","exists","Unknown","Unknown","","FN","no results","0","","","","0","0","False","0","0.55","False"
"54650-CH200","real_hk_seeded","exists","Shock Absorber - Front","Suspension","shock,absorber,front","TP","correct-but-poor: only 0 replacements (AM=0 OEMxRef=0 sup=False)","1","Shock Absorber","Hyundai / KIA","Suspension / Shock Absorber / Strut","0","0","False","0","4.18","False"
"80610-R5500","real_hk_unseeded","exists","Unknown","Unknown","","FN","no results","0","","","","0","0","False","0","0.51","False"
"92101-CV020","real_hk_seeded","exists","Headlight - Front Left","Electrical","headlight,front,left","TP","correct-but-poor: only 0 replacements (AM=0 OEMxRef=0 sup=False)","1","Headlight (Front Left) for Hyundai Staria (2021+)","Hyundai","Electrical / Headlight Assembly","0","0","False","0","4.27","False"
"25100-3L100","real_hk_seeded","exists","Water Pump","Cooling","water,pump","FP","WRONG-PART: expected 'water,pump' but got 'PUMP ASSY - COOLANT'","2","PUMP ASSY - COOLANT","Hyundai / KIA","Engine / Fuel Pump","0","0","False","0","3.19","False"
"92102-G5600","real_hk_seeded","exists","Headlight - Front Right","Electrical","headlight,front,right","FP","WRONG-PART: expected 'headlight,front,right' but got 'Headlight (Passenger)'","1","Headlight (Passenger)","Hyundai / KIA","Electrical / Headlight Assembly","0","0","False","0","5.13","False"
"64587-P1000","real_hk_coarse","exists","Front Body / Hood","Body","front,body,hood","FP","WRONG-PART: expected 'front,body,hood' but got 'BRACKET ASSY - FENDER &amp; BPR MTG'","1","BRACKET ASSY - FENDER &amp; BPR MTG","Hyundai / KIA","Body / Front Body / Hood","0","0","False","0","2.33","False"
"11251-06206","real_hk_unseeded","exists","Unknown","Unknown","","FN","no results","0","","","","0","0","False","0","0.52","False"
"82460-S9510","real_hk_seeded","exists","Power Window Motor - Front","Body","power,window,motor,front","TP","correct-but-poor: only 0 replacements (AM=0 OEMxRef=0 sup=False)","2","Electric Motor, window regulator","Hyundai / KIA"," / Electric Motor, window regulator","0","0","False","0","3.28","False"
"92101-P1080","real_hk_seeded","exists","Headlight - Front Left","Electrical","headlight,front,left","FP","WRONG-PART: expected 'headlight,front,left' but got 'Headlight for Kia Sportage (2021+)'","1","Headlight for Kia Sportage (2021+)","Kia","Electrical / Headlight Assembly","0","0","False","0","5.17","False"
"92102-K0520","real_hk_seeded","exists","Headlight - Front Right","Electrical","headlight,front,right","FP","WRONG-PART: expected 'headlight,front,right' but got 'Headlight'","1","Headlight","Hyundai / KIA","Electrical / Headlight Assembly","0","0","False","0","4.22","False"
"22416-2S000","real_hk_coarse","exists","Engine Mounting","Engine","engine,mounting","FP","WRONG-PART: expected 'engine,mounting' but got 'Alternator for Hyundai Tucson (2010-2015)'","2","Alternator for Hyundai Tucson (2010-2015)","Hyundai","/ Alternator","0","0","False","0","3.15","False"
"99150-Q5500","real_hk_unseeded","exists","Unknown","Unknown","","FN","no results","0","","","","0","0","False","0","0.84","False"
"87610-F6163","real_hk_seeded","exists","Exterior Mirror","Body","exterior,mirror","FP","WRONG-PART: expected 'exterior,mirror' but got 'Outside Mirror'","1","Outside Mirror","Hyundai / KIA","/ Outside Mirror","0","0","False","0","4.21","False"
"92402-K0610","real_hk_seeded","exists","Tail Light - Rear Right","Electrical","tail,light,rear,right","TP","correct-but-poor: only 0 replacements (AM=0 OEMxRef=0 sup=False)","1","Combination Rearlight","Hyundai / KIA","/ Combination Rearlight","0","0","False","0","4.22","False"
"82460-L3010","real_hk_seeded","exists","Power Window Motor - Front","Body","power,window,motor,front","TP","correct-but-poor: only 0 replacements (AM=0 OEMxRef=0 sup=False)","1","Electric Motor, window regulator (Front Right)","Hyundai / KIA"," / Electric Motor, window regulator","0","0","False","0","4.43","False"
"25100-2T010","real_hk_seeded","exists","Water Pump","Cooling","water,pump","TP","correct-but-poor: only 0 replacements (AM=0 OEMxRef=0 sup=False)","2","Water Pump (Front Right) for Kia Optima (2010-2015)","Kia","Cooling / Water Pump","0","0","False","0","2.14","False"
"87610-J5AT0","real_hk_seeded","exists","Exterior Mirror","Body","exterior,mirror","FP","WRONG-PART: expected 'exterior,mirror' but got 'Outside Mirror'","1","Outside Mirror","Hyundai / KIA","/ Outside Mirror","0","0","False","0","5.8","False"
"58302-AOA00","real_hk_seeded","exists","Brake Pad Set - Rear","Brakes","brake,pad,set,rear","TP","correct-but-poor: only 0 replacements (AM=0 OEMxRef=0 sup=False)","1","Brake Pad Set, disc brake","Hyundai / KIA","Brakes / Brake Pad Set","0","0","False","0","4.34","False"
"92102-2T500","real_hk_seeded","exists","Headlight - Front Right","Electrical","headlight,front,right","FP","WRONG-PART: expected 'headlight,front,right' but got 'Headlight (Rear) for Kia Optima (2010-2015)'","2","Headlight (Rear) for Kia Optima (2010-2015)","Kia","Electrical / Headlight Assembly","0","0","False","0","4.37","False"
"25442-K4500","real_hk_coarse","exists","Fuel System","Engine","fuel,system","FP","WRONG-PART: expected 'fuel,system' but got 'PIPE'","1","PIPE","Hyundai / KIA","Engine / Fuel System","0","0","False","0","2.14","False"
"17925-04040","real_hk_unseeded","exists","Unknown","Unknown","","FN","no results","0","","","","0","0","False","0","0.52","False"
"92101-R5220","real_hk_seeded","exists","Headlight - Front Left","Electrical","headlight,front,left","FP","WRONG-PART: expected 'headlight,front,left' but got 'Headlight'","1","Headlight","Hyundai / KIA","Electrical / Headlight Assembly","0","0","False","0","4.19","False"
"39210-3L010","real_hk_seeded","exists","Oxygen Sensor","Electrical","oxygen,sensor","FP","WRONG-PART: expected 'oxygen,sensor' but got 'Lambda Sensor (Front Right)'","2","Lambda Sensor (Front Right)","Hyundai / KIA","Electrical / Oxygen Sensor","0","0","False","0","3.05","False"
"58302-M6A60","real_hk_seeded","exists","Brake Pad Set - Rear","Brakes","brake,pad,set,rear","TP","correct-but-poor: only 0 replacements (AM=0 OEMxRef=0 sup=False)","2","Brake Pad Set, disc brake","Hyundai / KIA","Brakes / Brake Pad Set","0","0","False","0","2.4","False"
"92401-H9000","real_hk_seeded","exists","Tail Light - Rear Left","Electrical","tail,light,rear,left","TP","correct-but-poor: only 0 replacements (AM=0 OEMxRef=0 sup=False)","1","Combination Rearlight","Hyundai / KIA","/ Combination Rearlight","0","0","False","0","3.14","False"
"87610-P1180","real_hk_seeded","exists","Exterior Mirror","Body","exterior,mirror","FP","WRONG-PART: expected 'exterior,mirror' but got 'Outside Mirror for Kia Sportage (2021+)'","1","Outside Mirror for Kia Sportage (2021+)","Kia","/ Outside Mirror","0","0","False","0","5.13","False"
"54650-L0800","real_hk_seeded","exists","Shock Absorber - Front","Suspension","shock,absorber,front","TP","correct-but-poor: only 0 replacements (AM=0 OEMxRef=0 sup=False)","1","Shock Absorber","Hyundai / KIA","Suspension / Shock Absorber / Strut","0","0","False","0","5.39","False"
"66321-DW000","real_hk_coarse","exists","Rear Body / Trunk","Body","rear,body,trunk","FP","WRONG-PART: expected 'rear,body,trunk' but got 'Wing'","1","Wing","Hyundai / KIA","/ Wing","0","0","False","0","3.29","False"
"77003-L3000","real_hk_unseeded","exists","Unknown","Unknown","","FN","no results","0","","","","0","0","False","0","0.53","False"
"25100-3N400","real_hk_seeded","exists","Water Pump","Cooling","water,pump","TP","correct-but-poor: only 0 replacements (AM=0 OEMxRef=0 sup=False)","2","Water Pump","Hyundai / KIA","Cooling / Water Pump","0","0","False","0","3.21","False"
"54650-DW300","real_hk_seeded","exists","Shock Absorber - Front","Suspension","shock,absorber,front","TP","correct-but-poor: only 0 replacements (AM=0 OEMxRef=0 sup=False)","1","Shock Absorber","Hyundai / KIA","Suspension / Shock Absorber / Strut","0","0","False","0","4.23","False"
"26350-2S000","real_hk_seeded","exists","Oil Filter","Engine","oil,filter","TP","correct-but-poor: only 0 replacements (AM=0 OEMxRef=0 sup=False)","2","Engine Oil Filter (V6) for Hyundai Tucson (2010-2015)","Hyundai","Engine / Oil Filter","0","0","False","0","3.25","False"
"92101-P1191","real_hk_seeded","exists","Headlight - Front Left","Electrical","headlight,front,left","FP","WRONG-PART: expected 'headlight,front,left' but got 'Headlight for Kia Sportage (2021+)'","1","Headlight for Kia Sportage (2021+)","Kia","Electrical / Headlight Assembly","0","0","False","0","4.2","False"
"93360-P1300","real_hk_coarse","exists","Lighting - Interior","Electrical","lighting,interior","FN","no results","0","","","","0","0","False","0","4.2","False"
"09375-GI800","real_hk_unseeded","exists","Unknown","Unknown","","FN","no results","0","","","","0","0","False","0","0.9","False"
"54650-J5010","real_hk_seeded","exists","Shock Absorber - Front","Suspension","shock,absorber,front","TP","correct-but-poor: only 0 replacements (AM=0 OEMxRef=0 sup=False)","2","Shock Absorber (Front Right)","Hyundai / KIA","Suspension / Shock Absorber / Strut","0","0","False","0","3.16","False"
"58411-L0000","real_hk_seeded","exists","Brake Disc - Rear","Brakes","brake,disc,rear","TP","correct-but-poor: only 0 replacements (AM=0 OEMxRef=0 sup=False)","2","REAR DISC BRAKE ROTOR HYUNDAI","","Brakes / Rear Brake Caliper","0","0","False","0","2.25","False"
"92402-S9500","real_hk_seeded","exists","Tail Light - Rear Right","Electrical","tail,light,rear,right","TP","correct-but-poor: only 0 replacements (AM=0 OEMxRef=0 sup=False)","1","Combination Rearlight (Rear)","Hyundai / KIA","/ Combination Rearlight","0","0","False","0","3.51","False"
"58101-1UA20","real_hk_seeded","exists","Brake Pad Set - Front","Brakes","brake,pad,set,front","TP","correct-but-poor: only 0 replacements (AM=0 OEMxRef=0 sup=False)","1","Brake Pad Set, disc brake","Hyundai / KIA","Brakes / Brake Pad Set","0","0","False","0","4.19","False"
"58302-J5A00","real_hk_seeded","exists","Brake Pad Set - Rear","Brakes","brake,pad,set,rear","TP","correct-but-poor: only 0 replacements (AM=0 OEMxRef=0 sup=False)","15","Brake Pad Set, disc brake","Hyundai / KIA","Brakes / Brake Pad Set","0","0","False","0","10.94","False"
"87610-R5050","real_hk_seeded","exists","Exterior Mirror","Body","exterior,mirror","FP","WRONG-PART: expected 'exterior,mirror' but got 'Outside Mirror'","1","Outside Mirror","Hyundai / KIA","/ Outside Mirror","0","0","False","0","3.33","False"
"82460-P2000","real_hk_seeded","exists","Power Window Motor - Front","Body","power,window,motor,front","TP","correct-but-poor: only 0 replacements (AM=0 OEMxRef=0 sup=False)","2","Electric Motor, window regulator","Hyundai / KIA"," / Electric Motor, window regulator","0","0","False","0","3.27","False"
"86585-CV000","real_hk_coarse","exists","Mirrors","Body","mirrors","FP","WRONG-PART: expected 'mirrors' but got 'HOLDER - FR ULTRASONIC SIDE,LH'","2","HOLDER - FR ULTRASONIC SIDE,LH","Hyundai / KIA","Body / Mirrors","0","0","False","0","2.21","False"
"99960-F6200","real_hk_unseeded","exists","Unknown","Unknown","","FN","no results","0","","","","0","0","False","0","0.47","False"
"87610-H9780","real_hk_seeded","exists","Exterior Mirror","Body","exterior,mirror","FP","WRONG-PART: expected 'exterior,mirror' but got 'Outside Mirror'","1","Outside Mirror","Hyundai / KIA","/ Outside Mirror","0","0","False","0","4.45","False"
"92101-B2650","real_hk_seeded","exists","Headlight - Front Left","Electrical","headlight,front,left","FP","WRONG-PART: expected 'headlight,front,left' but got 'LAMP ASSY - HEAD,LH'","2","LAMP ASSY - HEAD,LH","Hyundai / KIA","Electrical / Headlight Assembly","0","0","False","0","3.18","False"
"28795-K0100","real_hk_coarse","exists","Exhaust Manifold","Exhaust","exhaust,manifold","FP","WRONG-PART: expected 'exhaust,manifold' but got 'Wiper Blade'","2","Wiper Blade","Hyundai / KIA","/ Wiper Blade","0","0","False","0","2.22","False"
"79210-D6000","real_hk_unseeded","exists","Unknown","Unknown","","FN","no results","0","","","","0","0","False","0","0.91","False"
"87610-H9210","real_hk_seeded","exists","Exterior Mirror","Body","exterior,mirror","FP","WRONG-PART: expected 'exterior,mirror' but got 'Outside Mirror'","1","Outside Mirror","Hyundai / KIA","/ Outside Mirror","0","0","False","0","4.33","False"
"87610-S9520","real_hk_seeded","exists","Exterior Mirror","Body","exterior,mirror","FP","WRONG-PART: expected 'exterior,mirror' but got 'Outside Mirror'","1","Outside Mirror","Hyundai / KIA","/ Outside Mirror","0","0","False","0","3.24","False"
"56522-R0000","real_hk_coarse","exists","Steering Column & Gear","Suspension","steering,column,gear","FP","WRONG-PART: expected 'steering,column,gear' but got 'STOPPER - RACK'","1","STOPPER - RACK","Hyundai / KIA","Suspension / Steering Column & Gear","0","0","False","0","2.21","False"
"79273-H9010","real_hk_unseeded","exists","Unknown","Unknown","","FN","no results","0","","","","0","0","False","0","0.96","False"
"54650-S9KA0","real_hk_seeded","exists","Shock Absorber - Front","Suspension","shock,absorber,front","TP","correct-but-poor: only 0 replacements (AM=0 OEMxRef=0 sup=False)","1","Shock Absorber","Hyundai / KIA","Suspension / Shock Absorber / Strut","0","0","False","0","3.35","False"
"92101-AT050","real_hk_seeded","exists","Headlight - Front Left","Electrical","headlight,front,left","FP","WRONG-PART: expected 'headlight,front,left' but got 'Headlight'","1","Headlight","Hyundai / KIA","Electrical / Headlight Assembly","0","0","False","0","4.47","False"
"97133-R0000","real_hk_seeded","exists","Cabin Air Filter","HVAC","cabin,air,filter","TP","correct-but-poor: only 0 replacements (AM=0 OEMxRef=0 sup=False)","2","Filter, interior air","Hyundai / KIA","HVAC / Cabin Air Filter","0","0","False","0","2.21","False"
"97134-L5100","real_hk_seeded","exists","Cabin Air Filter","HVAC","cabin,air,filter","TP","correct-but-poor: only 0 replacements (AM=0 OEMxRef=0 sup=False)","1","Filter, interior air","Hyundai / KIA","HVAC / Cabin Air Filter","0","0","False","0","3.29","False"
"58411-R0000","real_hk_seeded","exists","Brake Disc - Rear","Brakes","brake,disc,rear","TP","correct-but-poor: only 0 replacements (AM=0 OEMxRef=0 sup=False)","2","Brake Disc","Hyundai / KIA","Brakes / Brake Disc","0","0","False","0","3.26","False"
"92102-R5200","real_hk_seeded","exists","Headlight - Front Right","Electrical","headlight,front,right","FP","WRONG-PART: expected 'headlight,front,right' but got 'Headlight'","1","Headlight","Hyundai / KIA","Electrical / Headlight Assembly","0","0","False","0","3.94","False"
"92900-CH000","real_hk_coarse","exists","Lighting - Headlights","Electrical","lighting,headlights","FP","WRONG-PART: expected 'lighting,headlights' but got 'UNIT ASSY - MOOD LAMP'","1","UNIT ASSY - MOOD LAMP","Hyundai / KIA","Electrical / Lighting - Headlights","0","0","False","0","3.17","False"
"99150-J5020","real_hk_unseeded","exists","Unknown","Unknown","","FN","no results","0","","","","0","0","False","0","0.54","False"
"39210-2S000","real_hk_seeded","exists","Oxygen Sensor","Electrical","oxygen,sensor","FP","WRONG-PART: expected 'oxygen,sensor' but got 'Lambda Sensor for Hyundai Tucson (2010-2015)'","2","Lambda Sensor for Hyundai Tucson (2010-2015)","Hyundai","Electrical / Oxygen Sensor","0","0","False","0","3.26","False"
"96554-J5714","real_hk_coarse","exists","Battery & Charging","Electrical","battery,charging","FN","no results","0","","","","0","0","False","0","3.23","False"
"99910-R0610","real_hk_unseeded","exists","Unknown","Unknown","","FN","no results","0","","","","0","0","False","0","0.51","False"
"92101-M7600","real_hk_seeded","exists","Headlight - Front Left","Electrical","headlight,front,left","FP","WRONG-PART: expected 'headlight,front,left' but got 'Headlight (Passenger)'","1","Headlight (Passenger)","Hyundai / KIA","Electrical / Headlight Assembly","0","0","False","0","4.2","False"
"58101-N9A11","real_hk_seeded","exists","Brake Pad Set - Front","Brakes","brake,pad,set,front","TP","correct-but-poor: only 0 replacements (AM=0 OEMxRef=0 sup=False)","2","Brake Pad Set, disc brake for Hyundai Tucson (2020+)","Hyundai","Brakes / Brake Pad Set","0","0","False","0","3.25","False"
"56390-K0300","real_hk_coarse","exists","Tie Rod","Suspension","tie,rod","FP","WRONG-PART: expected 'tie,rod' but got 'Steering Column Assembly'","1","Steering Column Assembly","Hyundai / KIA","Steering / Steering Column","0","0","False","0","4.18","False"
"99150-P1000","real_hk_unseeded","exists","Unknown","Unknown","","FN","no results","0","","","","0","0","False","0","0.87","False"
"97134-AT510","real_hk_seeded","exists","Cabin Air Filter","HVAC","cabin,air,filter","TP","correct-but-poor: only 0 replacements (AM=0 OEMxRef=0 sup=False)","1","Filter, interior air","Hyundai / KIA","HVAC / Cabin Air Filter","0","0","False","0","4.2","False"
"87610-M7021","real_hk_seeded","exists","Exterior Mirror","Body","exterior,mirror","FP","WRONG-PART: expected 'exterior,mirror' but got 'Outside Mirror'","1","Outside Mirror","Hyundai / KIA","/ Outside Mirror","0","0","False","0","4.33","False"
"36143-2M300","real_hk_coarse","exists","Starter Motor","Electrical","starter,motor","FP","WRONG-PART: expected 'starter,motor' but got 'SHAFT ASSY - GEAR'","1","SHAFT ASSY - GEAR","Hyundai / KIA","Electrical / Starter Motor","0","0","False","0","2.22","False"
"58101-J5A52","real_hk_seeded","exists","Brake Pad Set - Front","Brakes","brake,pad,set,front","TP","correct-but-poor: only 0 replacements (AM=0 OEMxRef=0 sup=False)","2","PAD KIT - FRONT DISC BRAKE","Hyundai / KIA","Brakes / Front Brake Pad / Disc","0","0","False","0","3.47","False"
"26300-3N300","real_hk_seeded","exists","Oil Filter","Engine","oil,filter","TP","correct-but-poor: only 0 replacements (AM=0 OEMxRef=0 sup=False)","2","Oil Filter","Hyundai / KIA","Engine / Oil Filter","0","0","False","0","2.13","False"
"58411-P2700","real_hk_seeded","exists","Brake Disc - Rear","Brakes","brake,disc,rear","TP","correct-but-poor: only 0 replacements (AM=0 OEMxRef=0 sup=False)","2","Brake Disc (Driver)","Hyundai / KIA","Brakes / Brake Disc","0","0","False","0","4.23","False"
"54650-J5KX0","real_hk_seeded","exists","Shock Absorber - Front","Suspension","shock,absorber,front","TP","correct-but-poor: only 0 replacements (AM=0 OEMxRef=0 sup=False)","1","Shock Absorber","Hyundai / KIA","Suspension / Shock Absorber / Strut","0","0","False","0","3.38","False"
"87310-R0200","real_hk_coarse","exists","Mouldings & Trim","Body","mouldings,trim","FP","WRONG-PART: expected 'mouldings,trim' but got 'GARNISH ASSY - TAIL GATE'","1","GARNISH ASSY - TAIL GATE","Hyundai / KIA","Body / Mouldings & Trim","0","0","False","0","2.15","False"
"99250-P1100","real_hk_unseeded","exists","Unknown","Unknown","","FN","no results","0","","","","0","0","False","0","1.08","False"
"94750-2M315","real_hk_seeded","exists","Oil Pressure Sensor","Electrical","oil,pressure,sensor","TP","correct-but-poor: only 0 replacements (AM=0 OEMxRef=0 sup=False)","2","SWITCH ASSY - OIL PRESSURE","Hyundai / KIA","Electrical / Audio & Display","0","0","False","0","3.2","False"
"92102-Q5720","real_hk_seeded","exists","Headlight - Front Right","Electrical","headlight,front,right","FP","WRONG-PART: expected 'headlight,front,right' but got 'Headlight'","1","Headlight","Hyundai / KIA","Electrical / Headlight Assembly","0","0","False","0","3.86","False"
"91890-F6372","real_hk_coarse","exists","Wiring Harness","Electrical","wiring,harness","FP","WRONG-PART: expected 'wiring,harness' but got 'Wire Harness (rear)'","1","Wire Harness (rear)","Hyundai / KIA","Electrical / Wiring Harness","0","0","False","0","4.19","False"
"99110-AT000","real_hk_unseeded","exists","Unknown","Unknown","","FN","no results","0","","","","0","0","False","0","1.07","False"
"26300-2M800","real_hk_seeded","exists","Oil Filter","Engine","oil,filter","TP","correct-but-poor: only 0 replacements (AM=0 OEMxRef=0 sup=False)","2","COMPLETE ASSY - OIL FILTER","Hyundai / KIA","Engine / Oil Filter","0","0","False","0","2.94","False"
"58411-L1100","real_hk_seeded","exists","Brake Disc - Rear","Brakes","brake,disc,rear","TP","correct-but-poor: only 0 replacements (AM=0 OEMxRef=0 sup=False)","2","Brake Disc for Hyundai Sonata (2020+)","Hyundai","Brakes / Brake Disc","0","0","False","0","2.92","False"
"97626-AO100","real_hk_coarse","exists","Heater Core","HVAC","heater,core","FP","WRONG-PART: expected 'heater,core' but got 'Expansion Valve, air conditioning'","2","Expansion Valve, air conditioning","Hyundai / KIA"," / Expansion Valve, air conditioning","0","0","False","0","2.22","False"
"79154-J5000","real_hk_unseeded","exists","Unknown","Unknown","","FN","no results","0","","","","0","0","False","0","0.46","False"
"92402-Q5110","real_hk_seeded","exists","Tail Light - Rear Right","Electrical","tail,light,rear,right","TP","correct-but-poor: only 0 replacements (AM=0 OEMxRef=0 sup=False)","1","Combination Rearlight","Hyundai / KIA","/ Combination Rearlight","0","0","False","0","4.22","False"
"25620-47200","real_hk_seeded","exists","Thermostat","Cooling","thermostat","FP","WRONG-PART: expected 'thermostat' but got 'EGR Valve'","1","EGR Valve","Hyundai / KIA","/ EGR Valve","0","0","False","0","5","False"
"58930-P4100","real_hk_coarse","exists","Brake Fluid Reservoir","Brakes","brake,fluid,reservoir","FP","WRONG-PART: expected 'brake,fluid,reservoir' but got 'Sensor, wheel speed'","2","Sensor, wheel speed","Hyundai / KIA"," / Sensor, wheel speed","0","0","False","0","2.19","False"
"11643-08161","real_hk_unseeded","exists","Unknown","Unknown","","FN","no results","0","","","","0","0","False","0","0.54","False"
"28113-P0400","real_hk_seeded","exists","Air Filter","Engine","air,filter","TP","correct-but-poor: only 0 replacements (AM=0 OEMxRef=0 sup=False)","2","FILTER - AIR CLEANER","Hyundai / KIA","Cooling / Radiator","0","0","False","0","2.22","False"
"58101-J9A05","real_hk_seeded","exists","Brake Pad Set - Front","Brakes","brake,pad,set,front","TP","correct-but-poor: only 0 replacements (AM=0 OEMxRef=0 sup=False)","2","Brake Pad Set, disc brake","Hyundai / KIA","Brakes / Brake Pad Set","0","0","False","0","4.44","False"
"92402-R0110","real_hk_seeded","exists","Tail Light - Rear Right","Electrical","tail,light,rear,right","TP","correct-but-poor: only 0 replacements (AM=0 OEMxRef=0 sup=False)","1","Combination Rearlight","Hyundai / KIA","/ Combination Rearlight","0","0","False","0","4.2","False"
"54650-CH210","real_hk_seeded","exists","Shock Absorber - Front","Suspension","shock,absorber,front","TP","correct-but-poor: only 0 replacements (AM=0 OEMxRef=0 sup=False)","1","Shock Absorber","Hyundai / KIA","Suspension / Shock Absorber / Strut","0","0","False","0","3.98","False"
"97205-Q5220","real_hk_coarse","exists","Condenser","HVAC","condenser","FP","WRONG-PART: expected 'condenser' but got 'A/C Compressor Assembly'","1","A/C Compressor Assembly","Hyundai / KIA","HVAC / A/C Compressor","0","0","False","0","4.19","False"
"05203-P4210","real_hk_unseeded","exists","Unknown","Unknown","","FN","no results","0","","","","0","0","False","0","0.51","False"
"92102-B2650","real_hk_seeded","exists","Headlight - Front Right","Electrical","headlight,front,right","FP","WRONG-PART: expected 'headlight,front,right' but got 'Headlight for Kia Soul (2008-2013)'","2","Headlight for Kia Soul (2008-2013)","Kia","Electrical / Headlight Assembly","0","0","False","0","2.21","False"
"58302-GIA05","real_hk_seeded","exists","Brake Pad Set - Rear","Brakes","brake,pad,set,rear","TP","correct-but-poor: only 0 replacements (AM=0 OEMxRef=0 sup=False)","2","Brake Pad Set, disc brake","Hyundai / KIA","Brakes / Brake Pad Set","0","0","False","0","3.15","False"
"82240-CV000","real_hk_coarse","exists","Glass / Windshield","Body","glass,windshield","FP","WRONG-PART: expected 'glass,windshield' but got 'W/STRIP - FR DR BELT I/S RH'","1","W/STRIP - FR DR BELT I/S RH","Hyundai / KIA","Body / Glass / Windshield","0","0","False","0","3.24","False"
"09430-B8100","real_hk_unseeded","exists","Unknown","Unknown","","FN","no results","0","","","","0","0","False","0","0.9","False"
"87610-S9720","real_hk_seeded","exists","Exterior Mirror","Body","exterior,mirror","FP","WRONG-PART: expected 'exterior,mirror' but got 'Outside Mirror'","1","Outside Mirror","Hyundai / KIA","/ Outside Mirror","0","0","False","0","4.2","False"
"39210-3NFA0","real_hk_seeded","exists","Oxygen Sensor","Electrical","oxygen,sensor","TP","correct-but-poor: only 0 replacements (AM=0 OEMxRef=0 sup=False)","2","SENSOR ASSY - OXYGEN","Hyundai / KIA","Electrical / Oxygen Sensor","0","0","False","0","4.4","False"
"88500-CV740","real_hk_coarse","exists","Instrument Panel / Dashboard","Interior","instrument,panel,dashboard","FP","WRONG-PART: expected 'instrument,panel,dashboard' but got 'Front Seat Belt Assembly for Hyundai Staria (2021+)'","1","Front Seat Belt Assembly for Hyundai Staria (2021+)","Hyundai","Interior / Seat Belt - Front","0","0","False","0","4.16","False"
"77003-H9400","real_hk_unseeded","exists","Unknown","Unknown","","FN","no results","0","","","","0","0","False","0","0.9","False"
"28113-L5100","real_hk_seeded","exists","Air Filter","Engine","air,filter","TP","correct-but-poor: only 2 replacements (AM=1 OEMxRef=1 sup=False)","2","Air Filter","HERTH+BUSS JAKOPARTS","","1","1","False","2","10.93","False"
"92402-H9100","real_hk_seeded","exists","Tail Light - Rear Right","Electrical","tail,light,rear,right","TP","correct-but-poor: only 0 replacements (AM=0 OEMxRef=0 sup=False)","1","Combination Rearlight","Hyundai / KIA","/ Combination Rearlight","0","0","False","0","5.02","False"
"52710-CU000","real_hk_coarse","exists","Rear Axle","Suspension","rear,axle","FP","WRONG-PART: expected 'rear,axle' but got 'Wheel Bearing Kit'","2","Wheel Bearing Kit","Hyundai / KIA","/ Wheel Bearing Kit","0","0","False","0","3.28","False"
"77004-DW000","real_hk_unseeded","exists","Unknown","Unknown","","FN","no results","0","","","","0","0","False","0","0.8","False"
"97133-2H001","real_hk_seeded","exists","Cabin Air Filter","HVAC","cabin,air,filter","TP","correct-but-poor: only 0 replacements (AM=0 OEMxRef=0 sup=False)","20","Filter, interior air for Hyundai Elantra (2006-2011)","Hyundai","HVAC / Cabin Air Filter","0","0","False","0","11.16","False"
"97134-S9100","real_hk_seeded","exists","Cabin Air Filter","HVAC","cabin,air,filter","FP","WRONG-PART: expected 'cabin,air,filter' but got 'HEATER CASE LEFT HAND'","1","HEATER CASE LEFT HAND","Hyundai / KIA","HVAC / Compressor A/C","0","0","False","0","11.32","False"
"97134-P0000","real_hk_seeded","exists","Cabin Air Filter","HVAC","cabin,air,filter","FP","WRONG-PART: expected 'cabin,air,filter' but got 'CASE-HEATER &AMP; EVAPORATOR LEFT HAND'","1","CASE-HEATER &AMP; EVAPORATOR LEFT HAND","Hyundai / KIA","HVAC / Compressor A/C","0","0","False","0","3.13","False"
"39210-2S200","real_hk_seeded","exists","Oxygen Sensor","Electrical","oxygen,sensor","FP","WRONG-PART: expected 'oxygen,sensor' but got 'Lambda Sensor for Hyundai Tucson (2010-2015)'","2","Lambda Sensor for Hyundai Tucson (2010-2015)","Hyundai","Electrical / Oxygen Sensor","0","0","False","0","2.73","False"
"25620-L0030","real_hk_seeded","exists","Thermostat","Cooling","thermostat","FP","WRONG-PART: expected 'thermostat' but got 'EGR Valve (Rear Right)'","2","EGR Valve (Rear Right)","Hyundai / KIA","/ EGR Valve","0","0","False","0","3.52","False"
"48819-2H000","real_hk_coarse","exists","Transaxle","Drivetrain","transaxle","FP","WRONG-PART: expected 'transaxle' but got 'Rod/Strut, stabiliser for Hyundai Elantra (2006-2011)'","2","Rod/Strut, stabiliser for Hyundai Elantra (2006-2011)","Hyundai","Suspension / Shock Absorber / Strut","0","0","False","0","2.19","False"
"99130-CV100","real_hk_unseeded","exists","Unknown","Unknown","","FN","no results","0","","","","0","0","False","0","0.99","False"
"87610-J5531","real_hk_seeded","exists","Exterior Mirror","Body","exterior,mirror","FP","WRONG-PART: expected 'exterior,mirror' but got 'Outside Mirror'","1","Outside Mirror","Hyundai / KIA","/ Outside Mirror","0","0","False","0","4.13","False"
"87610-P1060","real_hk_seeded","exists","Exterior Mirror","Body","exterior,mirror","FP","WRONG-PART: expected 'exterior,mirror' but got 'Outside Mirror for Kia Sportage (2021+)'","1","Outside Mirror for Kia Sportage (2021+)","Kia","/ Outside Mirror","0","0","False","0","3.94","False"
"86650-M7FA0","real_hk_coarse","exists","Mirrors","Body","mirrors","FP","WRONG-PART: expected 'mirrors' but got 'Bumper'","1","Bumper","Hyundai / KIA","/ Bumper","0","0","False","0","3.21","False"
"99140-K0600","real_hk_unseeded","exists","Unknown","Unknown","","FN","no results","0","","","","0","0","False","0","0.54","False"
"92102-R5220","real_hk_seeded","exists","Headlight - Front Right","Electrical","headlight,front,right","FP","WRONG-PART: expected 'headlight,front,right' but got 'Headlight'","1","Headlight","Hyundai / KIA","Electrical / Headlight Assembly","0","0","False","0","4.67","False"
"92401-DW100","real_hk_seeded","exists","Tail Light - Rear Left","Electrical","tail,light,rear,left","TP","correct-but-poor: only 0 replacements (AM=0 OEMxRef=0 sup=False)","1","Combination Rearlight","Hyundai / KIA","/ Combination Rearlight","0","0","False","0","4.99","False"
"92101-D9330","real_hk_seeded","exists","Headlight - Front Left","Electrical","headlight,front,left","FP","WRONG-PART: expected 'headlight,front,left' but got 'Headlight for Kia Sportage (2015-2021)'","1","Headlight for Kia Sportage (2015-2021)","Kia","Electrical / Headlight Assembly","0","0","False","0","4.3","False"
"88571-S9500","real_hk_coarse","exists","Instrument Panel / Dashboard","Interior","instrument,panel,dashboard","FN","no results","0","","","","0","0","False","0","5.26","False"
"99140-L3100","real_hk_unseeded","exists","Unknown","Unknown","","FN","no results","0","","","","0","0","False","0","0.72","False"
"25310-L1170","real_hk_seeded","exists","Radiator","Cooling","radiator","TP","correct-but-poor: only 0 replacements (AM=0 OEMxRef=0 sup=False)","2","RADIATOR ASSY","Hyundai / KIA","Engine / Fuel Injector","0","0","False","0","7.78","False"
"87610-J5ZB0","real_hk_seeded","exists","Exterior Mirror","Body","exterior,mirror","FP","WRONG-PART: expected 'exterior,mirror' but got 'Outside Mirror'","1","Outside Mirror","Hyundai / KIA","/ Outside Mirror","0","0","False","0","4.04","False"
"92101-S9030","real_hk_seeded","exists","Headlight - Front Left","Electrical","headlight,front,left","FP","WRONG-PART: expected 'headlight,front,left' but got 'Headlight (Rear Right)'","1","Headlight (Rear Right)","Hyundai / KIA","Electrical / Headlight Assembly","0","0","False","0","7.58","False"
"51712-AO000","real_hk_seeded","exists","Brake Disc - Front","Brakes","brake,disc,front","TP","correct-but-poor: only 0 replacements (AM=0 OEMxRef=0 sup=False)","1","Brake Disc","Hyundai / KIA","Brakes / Brake Disc","0","0","False","0","4.07","False"
"97133-L1000","real_hk_seeded","exists","Cabin Air Filter","HVAC","cabin,air,filter","TP","correct-but-poor: only 2 replacements (AM=1 OEMxRef=1 sup=False)","3","Filter, interior air","AMC Filter","","1","1","False","2","10.83","False"
"39121-2MKV1","real_hk_coarse","exists","Sensors & Control","Electrical","sensors,control","FP","WRONG-PART: expected 'sensors,control' but got 'Fuel Cut-off, injection system'","1","Fuel Cut-off, injection system","Hyundai / KIA"," / Fuel Cut-off, injection system","0","0","False","0","5.23","False"
"80620-AT950","real_hk_unseeded","exists","Unknown","Unknown","","FN","no results","0","","","","0","0","False","0","1.13","False"
"51712-2L000","real_hk_seeded","exists","Brake Disc - Front","Brakes","brake,disc,front","TP","correct-but-poor: only 0 replacements (AM=0 OEMxRef=0 sup=False)","15","Brake Disc","Hyundai / KIA","Brakes / Brake Disc","0","0","False","0","10.56","False"
"51712-R0050","real_hk_seeded","exists","Brake Disc - Front","Brakes","brake,disc,front","TP","correct-but-poor: only 0 replacements (AM=0 OEMxRef=0 sup=False)","2","Brake Disc","Hyundai / KIA","Brakes / Brake Disc","0","0","False","0","4.17","False"
"92101-M7700","real_hk_seeded","exists","Headlight - Front Left","Electrical","headlight,front,left","FP","WRONG-PART: expected 'headlight,front,left' but got 'Headlight (Driver)'","1","Headlight (Driver)","Hyundai / KIA","Electrical / Headlight Assembly","0","0","False","0","4.5","False"
"97282-R0000","real_hk_coarse","exists","Condenser","HVAC","condenser","FP","WRONG-PART: expected 'condenser' but got 'DUCT - SHOWER,RH'","1","DUCT - SHOWER,RH","Hyundai / KIA","HVAC / Condenser","0","0","False","0","2.33","False"
"79325-1Y000","real_hk_unseeded","exists","Unknown","Unknown","","FN","no results","0","","","","0","0","False","0","0.88","False"
"58302-R0A00","real_hk_seeded","exists","Brake Pad Set - Rear","Brakes","brake,pad,set,rear","TP","correct-but-poor: only 0 replacements (AM=0 OEMxRef=0 sup=False)","2","Brake Pad Set, disc brake","Hyundai / KIA","Brakes / Brake Pad Set","0","0","False","0","4.61","False"
"92401-S9500","real_hk_seeded","exists","Tail Light - Rear Left","Electrical","tail,light,rear,left","TP","correct-but-poor: only 0 replacements (AM=0 OEMxRef=0 sup=False)","1","Combination Rearlight (Rear)","Hyundai / KIA","/ Combination Rearlight","0","0","False","0","5.15","False"
"81260-J5000","real_hk_coarse","exists","Weatherstrip & Seal","Body","weatherstrip,seal","FP","WRONG-PART: expected 'weatherstrip,seal' but got 'Door Handle'","2","Door Handle","Hyundai / KIA","/ Door Handle","0","0","False","0","2.19","False"
"17313-13000","real_hk_unseeded","exists","Unknown","Unknown","","FN","no results","0","","","","0","0","False","0","0.95","False"
"92102-D9330","real_hk_seeded","exists","Headlight - Front Right","Electrical","headlight,front,right","FP","WRONG-PART: expected 'headlight,front,right' but got 'Headlight for Kia Sportage (2015-2021)'","1","Headlight for Kia Sportage (2015-2021)","Kia","Electrical / Headlight Assembly","0","0","False","0","4.46","False"
"51712-P2000","real_hk_seeded","exists","Brake Disc - Front","Brakes","brake,disc,front","TP","correct-but-poor: only 0 replacements (AM=0 OEMxRef=0 sup=False)","2","Brake Disc","Hyundai / KIA","Brakes / Brake Disc","0","0","False","0","3.19","False"
"25310-R5500","real_hk_seeded","exists","Radiator","Cooling","radiator","TP","correct-but-poor: only 0 replacements (AM=0 OEMxRef=0 sup=False)","2","Radiator, engine cooling (Rear)","Hyundai / KIA","Cooling / Radiator","0","0","False","0","2.9","False"
"97121-DW000","real_hk_coarse","exists","Compressor A/C","HVAC","compressor","FP","WRONG-PART: expected 'compressor' but got 'Alternator'","1","Alternator","Hyundai / KIA","/ Alternator","0","0","False","0","4.11","False"
"80702-CV000","real_hk_unseeded","exists","Unknown","Unknown","","FN","no results","0","","","","0","0","False","0","0.54","False"
"87610-P4110","real_hk_seeded","exists","Exterior Mirror","Body","exterior,mirror","FP","WRONG-PART: expected 'exterior,mirror' but got 'Outside Mirror'","1","Outside Mirror","Hyundai / KIA","/ Outside Mirror","0","0","False","0","3.54","False"
"54650-J5KY0","real_hk_seeded","exists","Shock Absorber - Front","Suspension","shock,absorber,front","TP","correct-but-poor: only 0 replacements (AM=0 OEMxRef=0 sup=False)","1","Shock Absorber","Hyundai / KIA","Suspension / Shock Absorber / Strut","0","0","False","0","5.45","False"
"91210-Q4260","real_hk_coarse","exists","Wiring Harness","Electrical","wiring,harness","FN","no results","0","","","","0","0","False","0","3.2","False"
"77990-L2000","real_hk_unseeded","exists","Unknown","Unknown","","FN","no results","0","","","","0","0","False","0","1.11","False"
"39210-2M342","real_hk_seeded","exists","Oxygen Sensor","Electrical","oxygen,sensor","TP","correct-but-poor: only 0 replacements (AM=0 OEMxRef=0 sup=False)","2","SENSOR ASSY - OXYGEN","Hyundai / KIA","Electrical / Oxygen Sensor","0","0","False","0","3.27","False"
"58101-CVA20","real_hk_seeded","exists","Brake Pad Set - Front","Brakes","brake,pad,set,front","TP","correct-but-poor: only 0 replacements (AM=0 OEMxRef=0 sup=False)","2","PAD KIT - FRONT DISC BRAKE","Hyundai / KIA","Brakes / Front Brake Pad / Disc","0","0","False","0","3.23","False"
"21762-B1100","real_hk_coarse","exists","Engine Block & Internals","Engine","engine,block,internals","FP","WRONG-PART: expected 'engine,block,internals' but got 'INSULATOR'","1","INSULATOR","Hyundai / KIA","Engine / Engine Block & Internals","0","0","False","0","3.11","False"
"99211-H8020","real_hk_unseeded","exists","Unknown","Unknown","","FN","no results","0","","","","0","0","False","0","1.32","False"
"58101-F6A22","real_hk_seeded","exists","Brake Pad Set - Front","Brakes","brake,pad,set,front","TP","correct-but-poor: only 0 replacements (AM=0 OEMxRef=0 sup=False)","2","Brake Pad Set, disc brake","Hyundai / KIA","Brakes / Brake Pad Set","0","0","False","0","4.23","False"
"25310-C5180","real_hk_seeded","exists","Radiator","Cooling","radiator","TP","correct-but-poor: only 0 replacements (AM=0 OEMxRef=0 sup=False)","2","Radiator, engine cooling for Hyundai Santa Fe (2018+)","Hyundai","Cooling / Radiator","0","0","False","0","3.2","False"
"32410-1XAD9","real_hk_coarse","exists","Front Drive Shaft","Drivetrain","front,drive,shaft","FP","WRONG-PART: expected 'front,drive,shaft' but got 'Hydraulic Pump, steering system'","1","Hydraulic Pump, steering system","Hyundai / KIA"," / Hydraulic Pump, steering system","0","0","False","0","3.18","False"
"99810-CV000","real_hk_unseeded","exists","Unknown","Unknown","","FN","no results","0","","","","0","0","False","0","1.43","False"
