OEM,Slice,GroundTruth,ExpectedSystem,ExpectedCategory,GoodTokens,ExpectedMake,Chassis,Prefix5,Mode,EnrichmentLevel,HttpStatus,ElapsedS,IsTimeout,Total,SearchStrategy,SourceStrategy,Confidence,FirstDesc,FirstBrand,FirstCategory,AftermarketCount,AftermarketSample,SpecsCount,VehiclesCount,DocsCount,HasSupersession,OEMNumbersCount,OEMNumbersSample,WarningsCount,Warnings
28113-J5300,real_hk_seeded,exists,Engine,Air Filter,"air,filter",Hyundai/Kia,J5,28113,combined,full,200,10.55,False,11,combined,"cache,prefix_inference",0.9975,Air Filter,Hyundai / KIA,Engine / Air Filter,0,,0,0,0,false,0,,0,
45621-4G400,real_hk_coarse,exists,Transmission,Manual Transmission,"manual,transmission",Hyundai/Kia,4G,45621,combined,full,200,2.16,False,1,combined,"cache,exact_oem,legacy",0.937125,PISTON - LOWER &amp; REVERSE BRAKE,Hyundai / KIA,Transmission / Manual Transmission,0,,0,0,0,false,0,,0,
05203-R0500,real_hk_unseeded,exists,Unknown,Unknown,,Hyundai/Kia,R0,05203,combined,full,200,0.71,False,0,hk_scope_rejected,,0,,,,0,,0,0,0,false,0,,1,This OEM format looks HK-shaped but the prefix is not in the Hyundai/Kia catalog.
58302-CVA50,real_hk_seeded,exists,Brakes,Brake Pad Set - Rear,"brake,pad,set,rear",Hyundai,CV,58302,combined,full,200,2.92,False,2,combined,"cache,prefix_inference",0.9975,"Brake Pad Set, disc brake for Hyundai Staria (2021+)",Hyundai,Brakes / Brake Pad Set,0,,0,0,0,false,0,,0,
87610-AT440,real_hk_seeded,exists,Body,Exterior Mirror,"exterior,mirror",Hyundai/Kia,AT,87610,combined,full,200,4.39,False,1,combined,"cache,prefix_inference",0.9975,Outside Mirror,Hyundai / KIA, / Outside Mirror,0,,0,0,0,false,0,,0,
39222-2S000,real_hk_coarse,exists,Electrical,Oxygen Sensor,"oxygen,sensor",Hyundai,2S,39222,combined,full,200,2.27,False,1,combined,"cache,exact_oem,legacy",0.937125,EXTENSION WIRE,Hyundai / KIA,Electrical / Oxygen Sensor,0,,0,0,0,false,0,,0,
99910-AT300,real_hk_unseeded,exists,Unknown,Unknown,,Hyundai/Kia,AT,99910,combined,full,200,0.57,False,0,hk_scope_rejected,,0,,,,0,,0,0,0,false,0,,1,This OEM format looks HK-shaped but the prefix is not in the Hyundai/Kia catalog.
51712-L0000,real_hk_seeded,exists,Brakes,Brake Disc - Front,"brake,disc,front",Hyundai/Kia,L0,51712,combined,full,200,3.82,False,2,combined,"cache,prefix_inference",0.9975,Brake Disc,Hyundai / KIA,Brakes / Brake Disc,0,,0,0,0,false,0,,0,
31111-J4100,real_hk_coarse,exists,Drivetrain,Front Differential,"front,differential",Hyundai/Kia,J4,31111,combined,full,200,2.24,False,2,combined,"cache,prefix_inference",0.9975,Fuel Pump,Hyundai / KIA, / Fuel Pump,0,,0,0,0,false,0,,0,
99110-CV000,real_hk_unseeded,exists,Unknown,Unknown,,Hyundai,CV,99110,combined,full,200,0.6,False,0,hk_scope_rejected,,0,,,,0,,0,0,0,false,0,,1,This OEM format looks HK-shaped but the prefix is not in the Hyundai/Kia catalog.
54650-G0500,real_hk_seeded,exists,Suspension,Shock Absorber - Front,"shock,absorber,front",Hyundai/Kia,G0,54650,combined,full,200,3.02,False,2,combined,"cache,prefix_inference",0.9975,Shock Absorber (Rear),Hyundai / KIA,Suspension / Shock Absorber / Strut,0,,0,0,0,false,0,,0,
86531-P1000,real_hk_coarse,exists,Body,Mirrors,mirrors,Kia,P1,86531,combined,full,200,3.18,False,2,combined,"cache,prefix_inference",0.9975,"Support, bumper for Kia Sportage (2021+)",Kia," / Support, bumper",0,,0,0,0,false,0,,0,
99240-S9700,real_hk_unseeded,exists,Unknown,Unknown,,Hyundai/Kia,S9,99240,combined,full,200,0.49,False,0,hk_scope_rejected,,0,,,,0,,0,0,0,false,0,,1,This OEM format looks HK-shaped but the prefix is not in the Hyundai/Kia catalog.
87610-M7011,real_hk_seeded,exists,Body,Exterior Mirror,"exterior,mirror",Hyundai/Kia,M7,87610,combined,full,200,4.01,False,1,combined,"prefix_inference,cache",0.9975,Outside Mirror,Hyundai / KIA, / Outside Mirror,0,,0,0,0,false,0,,0,
58411-L1000,real_hk_seeded,exists,Brakes,Brake Disc - Rear,"brake,disc,rear",Hyundai,L1,58411,combined,full,200,2.31,False,2,combined,"cache,prefix_inference",0.9975,Brake Disc for Hyundai Sonata (2020+),Hyundai,Brakes / Brake Disc,0,,0,0,0,false,0,,0,
31112-C0000,real_hk_seeded,exists,Engine,Fuel Filter,"fuel,filter",Hyundai/Kia,C0,31112,combined,full,200,2.83,False,2,combined,"exact_oem,legacy",0.7875,FILTER - FUEL PUMP,Hyundai / KIA,Drivetrain / Front Differential,0,,0,0,0,false,0,,0,
93530-P1000,real_hk_coarse,exists,Electrical,Lighting - Interior,"lighting,interior",Kia,P1,93530,combined,full,200,4.14,False,0,combined,,0,,,,0,,0,0,0,false,0,,0,
99211-P1040,real_hk_unseeded,exists,Unknown,Unknown,,Kia,P1,99211,combined,full,200,0.48,False,0,hk_scope_rejected,,0,,,,0,,0,0,0,false,0,,1,This OEM format looks HK-shaped but the prefix is not in the Hyundai/Kia catalog.
39350-3N600,real_hk_seeded,exists,Electrical,MAF Sensor,"maf,sensor",Hyundai/Kia,3N,39350,combined,full,200,2.72,False,2,combined,"cache,prefix_inference",0.9975,"Sensor, camshaft position (Passenger)",Hyundai / KIA," / Sensor, camshaft position",0,,0,0,0,false,0,,0,
99240-Q5500,real_hk_unseeded,exists,Unknown,Unknown,,Hyundai/Kia,Q5,99240,combined,full,200,0.51,False,0,hk_scope_rejected,,0,,,,0,,0,0,0,false,0,,1,This OEM format looks HK-shaped but the prefix is not in the Hyundai/Kia catalog.
82460-CV010,real_hk_seeded,exists,Body,Power Window Motor - Front,"power,window,motor,front",Hyundai,CV,82460,combined,full,200,3.01,False,2,combined,"cache,prefix_inference",0.9975,"Electric Motor, window regulator (Front Right) for Hyundai Staria (2021+)",Hyundai," / Electric Motor, window regulator",0,,0,0,0,false,0,,0,
58411-CV200,real_hk_seeded,exists,Brakes,Brake Disc - Rear,"brake,disc,rear",Hyundai,CV,58411,combined,full,200,2.19,False,2,combined,"cache,prefix_inference",0.9975,Brake Disc for Hyundai Staria (2021+),Hyundai,Brakes / Brake Disc,0,,0,0,0,false,0,,0,
87610-P1070,real_hk_seeded,exists,Body,Exterior Mirror,"exterior,mirror",Kia,P1,87610,combined,full,200,3.14,False,1,combined,"cache,prefix_inference",0.9975,Outside Mirror for Kia Sportage (2021+),Kia, / Outside Mirror,0,,0,0,0,false,0,,0,
94011-R5210,real_hk_coarse,exists,Electrical,Audio & Display,"audio,display",Hyundai/Kia,R5,94011,combined,full,200,3.18,False,0,combined,,0,,,,0,,0,0,0,false,0,,0,
05203-DW400,real_hk_unseeded,exists,Unknown,Unknown,,Hyundai/Kia,DW,05203,combined,full,200,0.53,False,0,hk_scope_rejected,,0,,,,0,,0,0,0,false,0,,1,This OEM format looks HK-shaped but the prefix is not in the Hyundai/Kia catalog.
92101-A9440,real_hk_seeded,exists,Electrical,Headlight - Front Left,"headlight,front,left",Kia,A9,92101,combined,full,200,5.17,False,1,combined,"cache,prefix_inference",0.9975,Headlight for Kia Carnival (2014-2020),Kia,Electrical / Headlight Assembly,0,,0,0,0,false,0,,0,
58101-L1A02,real_hk_seeded,exists,Brakes,Brake Pad Set - Front,"brake,pad,set,front",Hyundai,L1,58101,combined,full,200,8.58,False,2,combined,"cross_brand,cross_reference,legacy,exact_oem",1,"Brake Pad Set, disc brake",DELPHI,,1,DELPHI:LP3732,1,0,0,true,1,:,0,
95460-Q5700,real_hk_coarse,exists,Electrical,Sensors & Modules,"sensors,modules",Hyundai/Kia,Q5,95460,combined,full,200,3.36,False,0,combined,,0,,,,0,,0,0,0,false,0,,0,
12413-04103,real_hk_unseeded,exists,Unknown,Unknown,,Hyundai/Kia,04,12413,combined,full,200,0.97,False,0,hk_scope_rejected,,0,,,,0,,0,0,0,false,0,,1,This OEM format looks HK-shaped but the prefix is not in the Hyundai/Kia catalog.
92402-P1120,real_hk_seeded,exists,Electrical,Tail Light - Rear Right,"tail,light,rear,right",Kia,P1,92402,combined,full,200,4.18,False,1,combined,"cache,prefix_inference",0.9975,Combination Rearlight for Kia Sportage (2021+),Kia, / Combination Rearlight,0,,0,0,0,false,0,,0,
82460-DW000,real_hk_seeded,exists,Body,Power Window Motor - Front,"power,window,motor,front",Hyundai/Kia,DW,82460,combined,full,200,4.32,False,1,combined,"cache,prefix_inference",0.9975,"Electric Motor, window regulator",Hyundai / KIA," / Electric Motor, window regulator",0,,0,0,0,false,0,,0,
92402-K0510,real_hk_seeded,exists,Electrical,Tail Light - Rear Right,"tail,light,rear,right",Hyundai/Kia,K0,92402,combined,full,200,5.12,False,1,combined,"cache,prefix_inference",0.9975,Combination Rearlight,Hyundai / KIA, / Combination Rearlight,0,,0,0,0,false,0,,0,
91510-M7792,real_hk_coarse,exists,Electrical,Wiring Harness,"wiring,harness",Hyundai/Kia,M7,91510,combined,full,200,3.18,False,0,combined,,0,,,,0,,0,0,0,false,0,,0,
99240-P2000,real_hk_unseeded,exists,Unknown,Unknown,,Hyundai/Kia,P2,99240,combined,full,200,1,False,0,hk_scope_rejected,,0,,,,0,,0,0,0,false,0,,1,This OEM format looks HK-shaped but the prefix is not in the Hyundai/Kia catalog.
97134-AT500,real_hk_seeded,exists,HVAC,Cabin Air Filter,"cabin,air,filter",Hyundai/Kia,AT,97134,combined,full,200,5.05,False,1,combined,"prefix_inference,cache",0.9975,"Filter, interior air (Rear)",Hyundai / KIA,HVAC / Cabin Air Filter,0,,0,0,0,false,0,,0,
92101-DW000,real_hk_seeded,exists,Electrical,Headlight - Front Left,"headlight,front,left",Hyundai/Kia,DW,92101,combined,full,200,3.23,False,1,combined,"prefix_inference,cache",0.9975,Headlight,Hyundai / KIA,Electrical / Headlight Assembly,0,,0,0,0,false,0,,0,
92402-CV050,real_hk_seeded,exists,Electrical,Tail Light - Rear Right,"tail,light,rear,right",Hyundai,CV,92402,combined,full,200,4.17,False,1,combined,"cache,prefix_inference",0.9975,Combination Rearlight for Hyundai Staria (2021+),Hyundai, / Combination Rearlight,0,,0,0,0,false,0,,0,
92409-R0010,real_hk_coarse,exists,Electrical,Tail Light Assembly,"tail,light,assembly",Hyundai/Kia,R0,92409,combined,full,200,3.22,False,2,combined,"cache,prefix_inference",0.9975,"Charger, charging system (Front Right)",Hyundai / KIA," / Charger, charging system",0,,0,0,0,false,0,,0,
12492-03101,real_hk_unseeded,exists,Unknown,Unknown,,Hyundai/Kia,03,12492,combined,full,200,0.85,False,0,hk_scope_rejected,,0,,,,0,,0,0,0,false,0,,1,This OEM format looks HK-shaped but the prefix is not in the Hyundai/Kia catalog.
26310-2T200,real_hk_seeded,exists,Engine,Oil Pan,"oil,pan",Kia,2T,26310,combined,full,200,3.31,False,1,combined,"cache,prefix_inference",0.9975,Brake Disc for Kia Optima (2010-2015),Kia,Brakes / Brake Disc,0,,0,0,0,false,0,,0,
54650-J5060,real_hk_seeded,exists,Suspension,Shock Absorber - Front,"shock,absorber,front",Hyundai/Kia,J5,54650,combined,full,200,2.42,False,2,combined,"cache,prefix_inference",0.9975,Shock Absorber,Hyundai / KIA,Suspension / Shock Absorber / Strut,0,,0,0,0,false,0,,0,
92102-DW100,real_hk_seeded,exists,Electrical,Headlight - Front Right,"headlight,front,right",Hyundai/Kia,DW,92102,combined,full,200,4.23,False,1,combined,"prefix_inference,cache",0.9975,Headlight,Hyundai / KIA,Electrical / Headlight Assembly,0,,0,0,0,false,0,,0,
23226-2T000,real_hk_coarse,exists,Engine,Cylinder Head & Valvetrain,"cylinder,head,valvetrain",Kia,2T,23226,combined,full,200,3.21,False,1,combined,"cache,exact_oem,legacy",0.937125,PLATE - ADAPTER,Hyundai / KIA,Engine / Cylinder Head & Valvetrain,0,,0,0,0,false,0,,0,
99910-R0BA0,real_hk_unseeded,exists,Unknown,Unknown,,Hyundai/Kia,R0,99910,combined,full,200,0.53,False,0,hk_scope_rejected,,0,,,,0,,0,0,0,false,0,,1,This OEM format looks HK-shaped but the prefix is not in the Hyundai/Kia catalog.
92401-H9200,real_hk_seeded,exists,Electrical,Tail Light - Rear Left,"tail,light,rear,left",Hyundai/Kia,H9,92401,combined,full,200,4.15,False,1,combined,"prefix_inference,cache",0.9975,Combination Rearlight,Hyundai / KIA, / Combination Rearlight,0,,0,0,0,false,0,,0,
92830-R0000,real_hk_coarse,exists,Electrical,Lighting - Headlights,"lighting,headlights",Hyundai/Kia,R0,92830,combined,full,200,2.1,False,1,combined,"cache,exact_oem,legacy",0.937125,CLIP - ROOM LAMP MTG,Hyundai / KIA,Electrical / Lighting - Headlights,0,,0,0,0,false,0,,0,
80620-R0000,real_hk_unseeded,exists,Unknown,Unknown,,Hyundai/Kia,R0,80620,combined,full,200,0.78,False,0,hk_scope_rejected,,0,,,,0,,0,0,0,false,0,,1,This OEM format looks HK-shaped but the prefix is not in the Hyundai/Kia catalog.
92102-DW110,real_hk_seeded,exists,Electrical,Headlight - Front Right,"headlight,front,right",Hyundai/Kia,DW,92102,combined,full,200,3.13,False,1,combined,"cache,prefix_inference",0.9975,Headlight,Hyundai / KIA,Electrical / Headlight Assembly,0,,0,0,0,false,0,,0,
92101-D9120,real_hk_seeded,exists,Electrical,Headlight - Front Left,"headlight,front,left",Kia,D9,92101,combined,full,200,4.36,False,1,combined,"cache,prefix_inference",0.9975,Headlight for Kia Sportage (2015-2021),Kia,Electrical / Headlight Assembly,0,,0,0,0,false,0,,0,
54650-G8000,real_hk_seeded,exists,Suspension,Shock Absorber - Front,"shock,absorber,front",Hyundai/Kia,G8,54650,combined,full,200,2.29,False,2,combined,"cache,prefix_inference",0.9975,Shock Absorber,Hyundai / KIA,Suspension / Shock Absorber / Strut,0,,0,0,0,false,0,,0,
49300-N9000,real_hk_coarse,exists,Drivetrain,Transfer Case / 4WD,"transfer,case,4wd",Hyundai,N9,49300,combined,full,200,3.15,False,2,combined,"cache,prefix_inference",0.9975,"Propshaft, axle drive for Hyundai Tucson (2020+)",Hyundai," / Propshaft, axle drive",0,,0,0,0,false,0,,0,
97133-AO000,real_hk_seeded,exists,HVAC,Cabin Air Filter,"cabin,air,filter",Hyundai/Kia,AO,97133,combined,full,200,3.21,False,2,combined,"cache,prefix_inference",0.9975,"Filter, interior air",Hyundai / KIA,HVAC / Cabin Air Filter,0,,0,0,0,false,0,,0,
82412-C7000,real_hk_coarse,exists,Body,Glass / Windshield,"glass,windshield",Hyundai/Kia,C7,82412,combined,full,200,2.11,False,1,combined,"cache,exact_oem,legacy",0.937125,HOLDER - DOOR GLASS,Hyundai / KIA,Body / Glass / Windshield,0,,0,0,0,false,0,,0,
80610-S9500,real_hk_unseeded,exists,Unknown,Unknown,,Hyundai/Kia,S9,80610,combined,full,200,0.98,False,0,hk_scope_rejected,,0,,,,0,,0,0,0,false,0,,1,This OEM format looks HK-shaped but the prefix is not in the Hyundai/Kia catalog.
51712-CV200,real_hk_seeded,exists,Brakes,Brake Disc - Front,"brake,disc,front",Hyundai,CV,51712,combined,full,200,2.32,False,2,combined,"cache,prefix_inference",0.9975,Brake Disc for Hyundai Staria (2021+),Hyundai,Brakes / Brake Disc,0,,0,0,0,false,0,,0,
51712-H8500,real_hk_seeded,exists,Brakes,Brake Disc - Front,"brake,disc,front",Kia,H8,51712,combined,full,200,2.25,False,2,combined,"exact_oem,legacy",0.7875,DISC - FRONT WHEEL BRAKE,Hyundai / KIA,Suspension / Front Axle,0,,0,0,0,false,0,,0,
82460-J5510,real_hk_seeded,exists,Body,Power Window Motor - Front,"power,window,motor,front",Hyundai/Kia,J5,82460,combined,full,200,2.22,False,2,combined,"exact_oem,legacy",0.7875,"MOTOR ASSY - FRONT POWER WDW,RH",Hyundai / KIA,Body / Glass / Windshield,0,,0,0,0,false,0,,0,
81680-R0000,real_hk_coarse,exists,Body,Weatherstrip & Seal,"weatherstrip,seal",Hyundai/Kia,R0,81680,combined,full,200,3.18,False,1,combined,"cache,exact_oem,legacy",0.937125,MOTOR ASSY - SUNROOF,Hyundai / KIA,Body / Weatherstrip & Seal,0,,0,0,0,false,0,,0,
99211-P1060,real_hk_unseeded,exists,Unknown,Unknown,,Kia,P1,99211,combined,full,200,0.55,False,0,hk_scope_rejected,,0,,,,0,,0,0,0,false,0,,1,This OEM format looks HK-shaped but the prefix is not in the Hyundai/Kia catalog.
92102-M7500,real_hk_seeded,exists,Electrical,Headlight - Front Right,"headlight,front,right",Hyundai/Kia,M7,92102,combined,full,200,4.43,False,1,combined,"cache,prefix_inference",0.9975,Headlight (Rear),Hyundai / KIA,Electrical / Headlight Assembly,0,,0,0,0,false,0,,0,
21950-3X300,real_hk_coarse,exists,Engine,Engine Block & Internals,"engine,block,internals",Hyundai,3X,21950,combined,full,200,2.19,False,2,combined,"cache,prefix_inference",0.9975,Engine Mounting for Hyundai Elantra (2011-2015),Hyundai, / Engine Mounting,0,,0,0,0,false,0,,0,
99250-F6500,real_hk_unseeded,exists,Unknown,Unknown,,Hyundai/Kia,F6,99250,combined,full,200,0.99,False,0,hk_scope_rejected,,0,,,,0,,0,0,0,false,0,,1,This OEM format looks HK-shaped but the prefix is not in the Hyundai/Kia catalog.
92101-DW010,real_hk_seeded,exists,Electrical,Headlight - Front Left,"headlight,front,left",Hyundai/Kia,DW,92101,combined,full,200,4.32,False,1,combined,"prefix_inference,cache",0.9975,Headlight (Front Right),Hyundai / KIA,Electrical / Headlight Assembly,0,,0,0,0,false,0,,0,
87620-AT390,real_hk_coarse,exists,Body,Mouldings & Trim,"mouldings,trim",Hyundai/Kia,AT,87620,combined,full,200,3.17,False,1,combined,"cache,prefix_inference",0.9975,Outside Mirror,Hyundai / KIA, / Outside Mirror,0,,0,0,0,false,0,,0,
20920-2GH07,real_hk_unseeded,exists,Unknown,Unknown,,Kia,2G,20920,combined,full,200,0.6,False,0,hk_scope_rejected,,0,,,,0,,0,0,0,false,0,,1,This OEM format looks HK-shaped but the prefix is not in the Hyundai/Kia catalog.
25100-2M020,real_hk_seeded,exists,Cooling,Water Pump,"water,pump",Hyundai/Kia,2M,25100,combined,full,200,2.18,False,2,combined,"cache,prefix_inference",0.9975,Water Pump (Front Left),Hyundai / KIA,Cooling / Water Pump,0,,0,0,0,false,0,,0,
39210-2S101,real_hk_seeded,exists,Electrical,Oxygen Sensor,"oxygen,sensor",Hyundai,2S,39210,combined,full,200,3.23,False,2,combined,"exact_oem,legacy",0.7875,SENSOR ASSY - OXYGEN,Hyundai / KIA,Electrical / Oxygen Sensor,0,,0,0,0,false,0,,0,
92730-F9000,real_hk_coarse,exists,Electrical,Lighting - Headlights,"lighting,headlights",Hyundai/Kia,F9,92730,combined,full,200,2.23,False,1,combined,"cache,exact_oem,legacy",0.937125,HOLDERASSY - BULB,Hyundai / KIA,Electrical / Lighting - Headlights,1,Mobis:92730F9000,0,0,0,false,0,,0,
20920-2SH02,real_hk_unseeded,exists,Unknown,Unknown,,Hyundai,2S,20920,combined,full,200,1.08,False,0,hk_scope_rejected,,0,,,,0,,0,0,0,false,0,,1,This OEM format looks HK-shaped but the prefix is not in the Hyundai/Kia catalog.
92401-CV050,real_hk_seeded,exists,Electrical,Tail Light - Rear Left,"tail,light,rear,left",Hyundai,CV,92401,combined,full,200,3.17,False,1,combined,"prefix_inference,cache",0.9975,Combination Rearlight for Hyundai Staria (2021+),Hyundai, / Combination Rearlight,0,,0,0,0,false,0,,0,
71110-ATA00,real_hk_coarse,exists,Body,Bumper,bumper,Hyundai/Kia,AT,71110,combined,full,200,2.22,False,1,combined,"cache,exact_oem,legacy",0.937125,"PANEL ASSY - PILLAR OUTER,LH",Hyundai / KIA,Body / Bumper,0,,0,0,0,false,0,,0,
09473-J9000,real_hk_unseeded,exists,Unknown,Unknown,,Hyundai/Kia,J9,09473,combined,full,200,0.52,False,0,hk_scope_rejected,,0,,,,0,,0,0,0,false,0,,1,This OEM format looks HK-shaped but the prefix is not in the Hyundai/Kia catalog.
92101-G5220,real_hk_seeded,exists,Electrical,Headlight - Front Left,"headlight,front,left",Hyundai/Kia,G5,92101,combined,full,200,5.16,False,1,combined,"cache,prefix_inference",0.9975,Headlight,Hyundai / KIA,Electrical / Headlight Assembly,0,,0,0,0,false,0,,0,
66920-P1000,real_hk_coarse,exists,Body,Rear Body / Trunk,"rear,body,trunk",Kia,P1,66920,combined,full,200,2.31,False,1,combined,"cache,exact_oem,legacy",0.937125,"HINGE ASSY - HOOD,RH",Hyundai / KIA,Body / Rear Body / Trunk,0,,0,0,0,false,0,,0,
05203-DW410,real_hk_unseeded,exists,Unknown,Unknown,,Hyundai/Kia,DW,05203,combined,full,200,0.52,False,0,hk_scope_rejected,,0,,,,0,,0,0,0,false,0,,1,This OEM format looks HK-shaped but the prefix is not in the Hyundai/Kia catalog.
58101-L1A70,real_hk_seeded,exists,Brakes,Brake Pad Set - Front,"brake,pad,set,front",Hyundai,L1,58101,combined,full,200,3.34,False,2,combined,"cache,prefix_inference",0.9975,"Brake Pad Set, disc brake for Hyundai Sonata (2020+)",Hyundai,Brakes / Brake Pad Set,0,,0,0,0,false,0,,0,
97853-AO200,real_hk_coarse,exists,HVAC,Air Conditioning & Heating,"air,conditioning,heating",Hyundai/Kia,AO,97853,combined,full,200,3.25,False,2,combined,"cache,prefix_inference",0.9975,"Dryer, air conditioning",Hyundai / KIA," / Dryer, air conditioning",0,,0,0,0,false,0,,0,
09149-R5000,real_hk_unseeded,exists,Unknown,Unknown,,Hyundai/Kia,R5,09149,combined,full,200,0.54,False,0,hk_scope_rejected,,0,,,,0,,0,0,0,false,0,,1,This OEM format looks HK-shaped but the prefix is not in the Hyundai/Kia catalog.
92101-D5040,real_hk_seeded,exists,Electrical,Headlight - Front Left,"headlight,front,left",Hyundai/Kia,D5,92101,combined,full,200,3.29,False,1,combined,"prefix_inference,cache",0.9975,Headlight (Rear Left),Hyundai / KIA,Electrical / Headlight Assembly,0,,0,0,0,false,0,,0,
92102-S9130,real_hk_seeded,exists,Electrical,Headlight - Front Right,"headlight,front,right",Hyundai/Kia,S9,92102,combined,full,200,2.29,False,2,combined,"exact_oem,legacy",0.7875,"LAMP ASSY - HEAD,RH",Hyundai / KIA,Electrical / Headlight Assembly,0,,0,0,0,false,0,,0,
76111-P1000,real_hk_coarse,exists,Body,Window Regulator,"window,regulator",Kia,P1,76111,combined,full,200,3.27,False,0,combined,,0,,,,0,,0,0,0,false,0,,0,
99241-P1250,real_hk_unseeded,exists,Unknown,Unknown,,Kia,P1,99241,combined,full,200,0.47,False,0,hk_scope_rejected,,0,,,,0,,0,0,0,false,0,,1,This OEM format looks HK-shaped but the prefix is not in the Hyundai/Kia catalog.
25310-R0150,real_hk_seeded,exists,Cooling,Radiator,radiator,Hyundai/Kia,R0,25310,combined,full,200,3.22,False,2,combined,"exact_oem,legacy",0.7875,RADIATOR ASSY,Hyundai / KIA,Engine / Fuel Injector,0,,0,0,0,false,0,,0,
92402-Q5510,real_hk_seeded,exists,Electrical,Tail Light - Rear Right,"tail,light,rear,right",Hyundai/Kia,Q5,92402,combined,full,200,4.16,False,1,combined,"cache,prefix_inference",0.9975,Combination Rearlight,Hyundai / KIA, / Combination Rearlight,0,,0,0,0,false,0,,0,
21354-3N450,real_hk_coarse,exists,Engine,Crankshaft & Bearings,"crankshaft,bearings",Hyundai/Kia,3N,21354,combined,full,200,2.22,False,2,combined,"cache,prefix_inference",0.9975,"Gasket, timing case",Hyundai / KIA," / Gasket, timing case",0,,0,0,0,false,0,,0,
80610-L3010,real_hk_unseeded,exists,Unknown,Unknown,,Hyundai/Kia,L3,80610,combined,full,200,0.46,False,0,hk_scope_rejected,,0,,,,0,,0,0,0,false,0,,1,This OEM format looks HK-shaped but the prefix is not in the Hyundai/Kia catalog.
97134-R0000,real_hk_seeded,exists,HVAC,Cabin Air Filter,"cabin,air,filter",Hyundai/Kia,R0,97134,combined,full,200,2.13,False,2,combined,"cache,prefix_inference",0.9975,"Filter, interior air",Hyundai / KIA,HVAC / Cabin Air Filter,0,,0,0,0,false,0,,0,
54650-CH300,real_hk_seeded,exists,Suspension,Shock Absorber - Front,"shock,absorber,front",Hyundai/Kia,CH,54650,combined,full,200,3.22,False,1,combined,"prefix_inference,cache",0.9975,Shock Absorber,Hyundai / KIA,Suspension / Shock Absorber / Strut,0,,0,0,0,false,0,,0,
39118-2B987,real_hk_coarse,exists,Electrical,Sensors & Control,"sensors,control",Hyundai/Kia,2B,39118,combined,full,200,4.1,False,0,combined,,0,,,,0,,0,0,0,false,0,,0,
77121-P1000,real_hk_unseeded,exists,Unknown,Unknown,,Kia,P1,77121,combined,full,200,0.49,False,0,hk_scope_rejected,,0,,,,0,,0,0,0,false,0,,1,This OEM format looks HK-shaped but the prefix is not in the Hyundai/Kia catalog.
92102-S9550,real_hk_seeded,exists,Electrical,Headlight - Front Right,"headlight,front,right",Hyundai/Kia,S9,92102,combined,full,200,3.21,False,1,combined,"prefix_inference,cache",0.9975,Headlight,Hyundai / KIA,Electrical / Headlight Assembly,0,,0,0,0,false,0,,0,
58411-R5000,real_hk_seeded,exists,Brakes,Brake Disc - Rear,"brake,disc,rear",Hyundai/Kia,R5,58411,combined,full,200,3.22,False,1,combined,"prefix_inference,cache",0.9975,Brake Disc,Hyundai / KIA,Brakes / Brake Disc,0,,0,0,0,false,0,,0,
95560-CV000,real_hk_coarse,exists,Electrical,Sensors & Modules,"sensors,modules",Hyundai,CV,95560,combined,full,200,3.16,False,2,combined,"exact_oem,legacy",0.7875,UNIT ASSY - WIRELESS CHARGING,Hyundai / KIA,Electrical / Sensors & Modules,0,,0,0,0,false,0,,0,
99250-S9100,real_hk_unseeded,exists,Unknown,Unknown,,Hyundai/Kia,S9,99250,combined,full,200,1.1,False,0,hk_scope_rejected,,0,,,,0,,0,0,0,false,0,,1,This OEM format looks HK-shaped but the prefix is not in the Hyundai/Kia catalog.
92402-R0010,real_hk_seeded,exists,Electrical,Tail Light - Rear Right,"tail,light,rear,right",Hyundai/Kia,R0,92402,combined,full,200,5.14,False,1,combined,"cache,prefix_inference",0.9975,Combination Rearlight (Front Right),Hyundai / KIA, / Combination Rearlight,0,,0,0,0,false,0,,0,
96122-CV000,real_hk_coarse,exists,Electrical,Battery,battery,Hyundai,CV,96122,combined,full,200,2.25,False,2,combined,"exact_oem,legacy",0.7875,JACK ASSY - USB,Hyundai / KIA,Electrical / Battery,0,,0,0,0,false,0,,0,
99230-CV010,real_hk_unseeded,exists,Unknown,Unknown,,Hyundai,CV,99230,combined,full,200,0.7,False,0,hk_scope_rejected,,0,,,,0,,0,0,0,false,0,,1,This OEM format looks HK-shaped but the prefix is not in the Hyundai/Kia catalog.
25620-L0010,real_hk_seeded,exists,Cooling,Thermostat,thermostat,Hyundai/Kia,L0,25620,combined,full,200,4.23,False,2,combined,"exact_oem,legacy",0.7875,WARMER - A.T.F,Hyundai / KIA,Engine / Fuel System,0,,0,0,0,false,0,,0,
92401-H9100,real_hk_seeded,exists,Electrical,Tail Light - Rear Left,"tail,light,rear,left",Hyundai/Kia,H9,92401,combined,full,200,3.18,False,1,combined,"cache,prefix_inference",0.9975,Combination Rearlight,Hyundai / KIA, / Combination Rearlight,0,,0,0,0,false,0,,0,
81996-P2700,real_hk_coarse,exists,Body,Weatherstrip & Seal,"weatherstrip,seal",Hyundai/Kia,P2,81996,combined,full,200,2.26,False,1,combined,"cache,exact_oem,legacy",0.937125,KEY - BLANKING PIC,Hyundai / KIA,Body / Weatherstrip & Seal,1,Mobis:81996P2700,0,0,0,false,0,,0,
99150-R0000,real_hk_unseeded,exists,Unknown,Unknown,,Hyundai/Kia,R0,99150,combined,full,200,1.77,False,0,hk_scope_rejected,,0,,,,0,,0,0,0,false,0,,1,This OEM format looks HK-shaped but the prefix is not in the Hyundai/Kia catalog.
92102-H9000,real_hk_seeded,exists,Electrical,Headlight - Front Right,"headlight,front,right",Hyundai/Kia,H9,92102,combined,full,200,3.29,False,2,combined,"cache,prefix_inference",0.9975,Headlight,Hyundai / KIA,Electrical / Headlight Assembly,0,,0,0,0,false,0,,0,
92401-DW000,real_hk_seeded,exists,Electrical,Tail Light - Rear Left,"tail,light,rear,left",Hyundai/Kia,DW,92401,combined,full,200,3.2,False,1,combined,"cache,prefix_inference",0.9975,Combination Rearlight,Hyundai / KIA, / Combination Rearlight,0,,0,0,0,false,0,,0,
31036-R0500,real_hk_coarse,exists,Drivetrain,Front Differential,"front,differential",Hyundai/Kia,R0,31036,combined,full,200,3.13,False,1,combined,"prefix_inference,cache",0.9975,"Filler Pipe, fuel tank (Rear)",Hyundai / KIA," / Filler Pipe, fuel tank",0,,0,0,0,false,0,,0,
20920-3NA03,real_hk_unseeded,exists,Unknown,Unknown,,Hyundai/Kia,3N,20920,combined,full,200,0.48,False,0,hk_scope_rejected,,0,,,,0,,0,0,0,false,0,,1,This OEM format looks HK-shaped but the prefix is not in the Hyundai/Kia catalog.
87610-P1190,real_hk_seeded,exists,Body,Exterior Mirror,"exterior,mirror",Kia,P1,87610,combined,full,200,3.24,False,1,combined,"prefix_inference,cache",0.9975,Outside Mirror for Kia Sportage (2021+),Kia, / Outside Mirror,0,,0,0,0,false,0,,0,
81716-S9500,real_hk_coarse,exists,Body,Weatherstrip & Seal,"weatherstrip,seal",Hyundai/Kia,S9,81716,combined,full,200,2.29,False,1,combined,"cache,exact_oem,legacy",0.937125,COVER - POWER TAIL GAGE,Hyundai / KIA,Body / Weatherstrip & Seal,0,,0,0,0,false,0,,0,
99211-H8050,real_hk_unseeded,exists,Unknown,Unknown,,Kia,H8,99211,combined,full,200,1.04,False,0,hk_scope_rejected,,0,,,,0,,0,0,0,false,0,,1,This OEM format looks HK-shaped but the prefix is not in the Hyundai/Kia catalog.
82460-Q5510,real_hk_seeded,exists,Body,Power Window Motor - Front,"power,window,motor,front",Hyundai/Kia,Q5,82460,combined,full,200,4.14,False,1,combined,"cache,prefix_inference",0.9975,"Electric Motor, window regulator",Hyundai / KIA," / Electric Motor, window regulator",0,,0,0,0,false,0,,0,
91880-CV360,real_hk_coarse,exists,Electrical,Wiring Harness,"wiring,harness",Hyundai,CV,91880,combined,full,200,4.15,False,1,combined,"cache,prefix_inference",0.8925,Wire Harness (roof) for Hyundai Staria (2021+),Hyundai,Electrical / Wiring Harness,0,,0,0,0,false,0,,0,
99110-K0500,real_hk_unseeded,exists,Unknown,Unknown,,Hyundai/Kia,K0,99110,combined,full,200,1.04,False,0,hk_scope_rejected,,0,,,,0,,0,0,0,false,0,,1,This OEM format looks HK-shaped but the prefix is not in the Hyundai/Kia catalog.
92402-DW000,real_hk_seeded,exists,Electrical,Tail Light - Rear Right,"tail,light,rear,right",Hyundai/Kia,DW,92402,combined,full,200,4.26,False,1,combined,"prefix_inference,cache",0.9975,Combination Rearlight,Hyundai / KIA, / Combination Rearlight,0,,0,0,0,false,0,,0,
91600-DW360,real_hk_coarse,exists,Electrical,Wiring Harness,"wiring,harness",Hyundai/Kia,DW,91600,combined,full,200,3.26,False,1,combined,"cache,prefix_inference",0.8925,Wire Harness (front body),Hyundai / KIA,Electrical / Wiring Harness,0,,0,0,0,false,0,,0,
80200-L8000,real_hk_unseeded,exists,Unknown,Unknown,,Hyundai/Kia,L8,80200,combined,full,200,0.59,False,0,hk_scope_rejected,,0,,,,0,,0,0,0,false,0,,1,This OEM format looks HK-shaped but the prefix is not in the Hyundai/Kia catalog.
92101-K0520,real_hk_seeded,exists,Electrical,Headlight - Front Left,"headlight,front,left",Hyundai/Kia,K0,92101,combined,full,200,4.12,False,1,combined,"prefix_inference,cache",0.9975,Headlight,Hyundai / KIA,Electrical / Headlight Assembly,0,,0,0,0,false,0,,0,
92102-AT050,real_hk_seeded,exists,Electrical,Headlight - Front Right,"headlight,front,right",Hyundai/Kia,AT,92102,combined,full,200,4.55,False,1,combined,"cache,prefix_inference",0.9975,Headlight,Hyundai / KIA,Electrical / Headlight Assembly,0,,0,0,0,false,0,,0,
39210-3C520,real_hk_seeded,exists,Electrical,Oxygen Sensor,"oxygen,sensor",Hyundai/Kia,3C,39210,combined,full,200,2.26,False,2,combined,"cache,prefix_inference",0.9975,Lambda Sensor,Hyundai / KIA,Electrical / Oxygen Sensor,0,,0,0,0,false,0,,0,
25100-2S500,real_hk_seeded,exists,Cooling,Water Pump,"water,pump",Hyundai,2S,25100,combined,full,200,3.21,False,2,combined,"exact_oem,legacy",0.7875,PUMP ASSY - COOLANT,Hyundai / KIA,Engine / Fuel Pump,0,,0,0,0,false,0,,0,
92102-AT150,real_hk_seeded,exists,Electrical,Headlight - Front Right,"headlight,front,right",Hyundai/Kia,AT,92102,combined,full,200,3.25,False,1,combined,"cache,prefix_inference",0.9975,Headlight,Hyundai / KIA,Electrical / Headlight Assembly,0,,0,0,0,false,0,,0,
92102-D5040,real_hk_seeded,exists,Electrical,Headlight - Front Right,"headlight,front,right",Hyundai/Kia,D5,92102,combined,full,200,5.1,False,1,combined,"cache,prefix_inference",0.9975,Headlight (Rear Left),Hyundai / KIA,Electrical / Headlight Assembly,0,,0,0,0,false,0,,0,
97147-AT010,real_hk_coarse,exists,HVAC,Compressor A/C,compressor,Hyundai/Kia,AT,97147,combined,full,200,3.1,False,1,combined,"cache,exact_oem,legacy",0.937125,DOOR ASSY - DEFROSTER RIGHT,Hyundai / KIA,HVAC / Compressor A/C,0,,0,0,0,false,0,,0,
99150-L3120,real_hk_unseeded,exists,Unknown,Unknown,,Hyundai/Kia,L3,99150,combined,full,200,0.53,False,0,hk_scope_rejected,,0,,,,0,,0,0,0,false,0,,1,This OEM format looks HK-shaped but the prefix is not in the Hyundai/Kia catalog.
92102-M7600,real_hk_seeded,exists,Electrical,Headlight - Front Right,"headlight,front,right",Hyundai/Kia,M7,92102,combined,full,200,4.49,False,1,combined,"prefix_inference,cache",0.9975,Headlight (Passenger),Hyundai / KIA,Electrical / Headlight Assembly,0,,0,0,0,false,0,,0,
92101-K0620,real_hk_seeded,exists,Electrical,Headlight - Front Left,"headlight,front,left",Hyundai/Kia,K0,92101,combined,full,200,5.54,False,1,combined,"prefix_inference,cache",0.9975,Headlight,Hyundai / KIA,Electrical / Headlight Assembly,0,,0,0,0,false,0,,0,
97143-J9000,real_hk_coarse,exists,HVAC,Compressor A/C,compressor,Hyundai/Kia,J9,97143,combined,full,200,2.35,False,2,combined,"cache,prefix_inference",0.9975,"Sender Unit, interior temperature",Hyundai / KIA," / Sender Unit, interior temperature",0,,0,0,0,false,0,,0,
99216-F6000,real_hk_unseeded,exists,Unknown,Unknown,,Hyundai/Kia,F6,99216,combined,full,200,1.04,False,0,hk_scope_rejected,,0,,,,0,,0,0,0,false,0,,1,This OEM format looks HK-shaped but the prefix is not in the Hyundai/Kia catalog.
58411-B2500,real_hk_seeded,exists,Brakes,Brake Disc - Rear,"brake,disc,rear",Kia,B2,58411,combined,full,200,11.1,False,14,combined,"cache,prefix_inference",0.9975,Brake Disc (Rear) for Kia Soul (2008-2013),Kia,Brakes / Brake Disc,0,,0,0,0,false,0,,0,
92402-AT010,real_hk_seeded,exists,Electrical,Tail Light - Rear Right,"tail,light,rear,right",Hyundai/Kia,AT,92402,combined,full,200,3.16,False,1,combined,"cache,prefix_inference",0.9975,Combination Rearlight (Front Right),Hyundai / KIA, / Combination Rearlight,0,,0,0,0,false,0,,0,
25100-2S000,real_hk_seeded,exists,Cooling,Water Pump,"water,pump",Hyundai,2S,25100,combined,full,200,3.57,False,2,combined,"exact_oem,legacy",0.7875,PUMP ASSY - COOLANT,Hyundai / KIA,Engine / Fuel Pump,0,,0,0,0,false,0,,0,
92402-P1020,real_hk_seeded,exists,Electrical,Tail Light - Rear Right,"tail,light,rear,right",Kia,P1,92402,combined,full,200,4.09,False,1,combined,"cache,prefix_inference",0.9975,Combination Rearlight (Front Left) for Kia Sportage (2021+),Kia, / Combination Rearlight,0,,0,0,0,false,0,,0,
87610-M7020,real_hk_seeded,exists,Body,Exterior Mirror,"exterior,mirror",Hyundai/Kia,M7,87610,combined,full,200,3.97,False,1,combined,"cache,prefix_inference",0.9975,Outside Mirror (Front Left),Hyundai / KIA, / Outside Mirror,0,,0,0,0,false,0,,0,
85844-CV000,real_hk_coarse,exists,Interior,Seats,seats,Hyundai,CV,85844,combined,full,200,3.17,False,0,combined,,0,,,,0,,0,0,0,false,0,,0,
80610-CV710,real_hk_unseeded,exists,Unknown,Unknown,,Hyundai,CV,80610,combined,full,200,0.56,False,0,hk_scope_rejected,,0,,,,0,,0,0,0,false,0,,1,This OEM format looks HK-shaped but the prefix is not in the Hyundai/Kia catalog.
87610-M7041,real_hk_seeded,exists,Body,Exterior Mirror,"exterior,mirror",Hyundai/Kia,M7,87610,combined,full,200,3.53,False,1,combined,"cache,prefix_inference",0.9975,Outside Mirror,Hyundai / KIA, / Outside Mirror,0,,0,0,0,false,0,,0,
25310-P2520,real_hk_seeded,exists,Cooling,Radiator,radiator,Hyundai/Kia,P2,25310,combined,full,200,2.84,False,2,combined,"legacy,exact_oem",0.7875,RADIATOR ASSY,Hyundai / KIA,Engine / Fuel Injector,0,,0,0,0,false,0,,0,
92401-K0510,real_hk_seeded,exists,Electrical,Tail Light - Rear Left,"tail,light,rear,left",Hyundai/Kia,K0,92401,combined,full,200,4.05,False,1,combined,"cache,prefix_inference",0.9975,Combination Rearlight,Hyundai / KIA, / Combination Rearlight,0,,0,0,0,false,0,,0,
87610-CV100,real_hk_seeded,exists,Body,Exterior Mirror,"exterior,mirror",Hyundai,CV,87610,combined,full,200,5.18,False,1,combined,"cache,prefix_inference",0.9975,Outside Mirror for Hyundai Staria (2021+),Hyundai, / Outside Mirror,0,,0,0,0,false,0,,0,
39350-3N430,real_hk_seeded,exists,Electrical,MAF Sensor,"maf,sensor",Hyundai/Kia,3N,39350,combined,full,200,3.31,False,2,combined,"exact_oem,legacy",0.7875,CMPS,Hyundai / KIA,Electrical / Sensors & Control,0,,0,0,0,false,0,,0,
65100-Q5040,real_hk_coarse,exists,Body,Fender & Side Body,"fender,side,body",Hyundai/Kia,Q5,65100,combined,full,200,3.19,False,1,combined,"cache,prefix_inference",0.9975,Bonnet (Rear Left),Hyundai / KIA, / Bonnet,0,,0,0,0,false,0,,0,
09430-C1150,real_hk_unseeded,exists,Unknown,Unknown,,Hyundai/Kia,C1,09430,combined,full,200,0.5,False,0,hk_scope_rejected,,0,,,,0,,0,0,0,false,0,,1,This OEM format looks HK-shaped but the prefix is not in the Hyundai/Kia catalog.
26300-2M825,real_hk_seeded,exists,Engine,Oil Filter,"oil,filter",Hyundai/Kia,2M,26300,combined,full,200,4.4,False,2,combined,"cache,prefix_inference",0.9975,Oil Filter,Hyundai / KIA,Engine / Oil Filter,0,,0,0,0,false,0,,0,
54660-J5KY0,real_hk_seeded,exists,Suspension,Shock Absorber - Front,"shock,absorber,front",Hyundai/Kia,J5,54660,combined,full,200,3.18,False,1,combined,"cache,prefix_inference",0.9975,Shock Absorber,Hyundai / KIA,Suspension / Shock Absorber / Strut,0,,0,0,0,false,0,,0,
92102-S9500,real_hk_seeded,exists,Electrical,Headlight - Front Right,"headlight,front,right",Hyundai/Kia,S9,92102,combined,full,200,4.7,False,1,combined,"cache,prefix_inference",0.9975,Headlight (Rear),Hyundai / KIA,Electrical / Headlight Assembly,0,,0,0,0,false,0,,0,
58101-R0A00,real_hk_seeded,exists,Brakes,Brake Pad Set - Front,"brake,pad,set,front",Hyundai/Kia,R0,58101,combined,full,200,3.03,False,2,combined,"cache,prefix_inference",0.9975,"Brake Pad Set, disc brake",Hyundai / KIA,Brakes / Brake Pad Set,0,,0,0,0,false,0,,0,
28113-N9000,real_hk_seeded,exists,Engine,Air Filter,"air,filter",Hyundai,N9,28113,combined,full,200,2.25,False,2,combined,"exact_oem,legacy",0.7875,FILTER - AIR CLEANER,Hyundai / KIA,Cooling / Radiator,1,Mobis:28113N9000,0,0,0,false,0,,0,
97943-R0000,real_hk_coarse,exists,HVAC,Air Conditioning & Heating,"air,conditioning,heating",Hyundai/Kia,R0,97943,combined,full,200,2.22,False,1,combined,"cache,exact_oem,legacy",0.937125,DOOR ASSY - MODE,Hyundai / KIA,HVAC / Air Conditioning & Heating,0,,0,0,0,false,0,,0,
99910-AO300,real_hk_unseeded,exists,Unknown,Unknown,,Hyundai/Kia,AO,99910,combined,full,200,0.67,False,0,hk_scope_rejected,,0,,,,0,,0,0,0,false,0,,1,This OEM format looks HK-shaped but the prefix is not in the Hyundai/Kia catalog.
82460-L3000,real_hk_seeded,exists,Body,Power Window Motor - Front,"power,window,motor,front",Hyundai/Kia,L3,82460,combined,full,200,3.43,False,1,combined,"cache,prefix_inference",0.9975,"Electric Motor, window regulator",Hyundai / KIA," / Electric Motor, window regulator",0,,0,0,0,false,0,,0,
92101-P1181,real_hk_seeded,exists,Electrical,Headlight - Front Left,"headlight,front,left",Kia,P1,92101,combined,full,200,4.16,False,1,combined,"prefix_inference,cache",0.9975,Headlight for Kia Sportage (2021+),Kia,Electrical / Headlight Assembly,0,,0,0,0,false,0,,0,
25310-N9700,real_hk_seeded,exists,Cooling,Radiator,radiator,Hyundai,N9,25310,combined,full,200,4.51,False,1,combined,"cache,prefix_inference",0.9975,"Radiator, engine cooling (Driver) for Hyundai Tucson (2020+)",Hyundai,Cooling / Radiator,0,,0,0,0,false,0,,0,
92101-P1090,real_hk_seeded,exists,Electrical,Headlight - Front Left,"headlight,front,left",Kia,P1,92101,combined,full,200,4,False,1,combined,"prefix_inference,cache",0.9975,Headlight for Kia Sportage (2021+),Kia,Electrical / Headlight Assembly,0,,0,0,0,false,0,,0,
82650-CV520,real_hk_seeded,exists,Body,Window Regulator - Front,"window,regulator,front",Hyundai,CV,82650,combined,full,200,2.22,False,2,combined,"cache,prefix_inference",0.9975,Door Handle for Hyundai Staria (2021+),Hyundai, / Door Handle,0,,0,0,0,false,0,,0,
84635-DW000,real_hk_coarse,exists,Interior,Interior Trim,"interior,trim",Hyundai/Kia,DW,84635,combined,full,200,3.24,False,0,combined,,0,,,,0,,0,0,0,false,0,,0,
99140-P1100,real_hk_unseeded,exists,Unknown,Unknown,,Kia,P1,99140,combined,full,200,0.55,False,0,hk_scope_rejected,,0,,,,0,,0,0,0,false,0,,1,This OEM format looks HK-shaped but the prefix is not in the Hyundai/Kia catalog.
92102-2T301,real_hk_seeded,exists,Electrical,Headlight - Front Right,"headlight,front,right",Kia,2T,92102,combined,full,200,4.33,False,2,combined,"exact_oem,legacy",0.7875,"LAMP ASSY - HEAD,RH",Hyundai / KIA,Electrical / Headlight Assembly,0,,0,0,0,false,0,,0,
25310-J5550,real_hk_seeded,exists,Cooling,Radiator,radiator,Hyundai/Kia,J5,25310,combined,full,200,3.22,False,1,combined,"cache,prefix_inference",0.9975,"Radiator, engine cooling",Hyundai / KIA,Cooling / Radiator,0,,0,0,0,false,0,,0,
92101-S9500,real_hk_seeded,exists,Electrical,Headlight - Front Left,"headlight,front,left",Hyundai/Kia,S9,92101,combined,full,200,4.47,False,1,combined,"cache,prefix_inference",0.9975,Headlight (Rear),Hyundai / KIA,Electrical / Headlight Assembly,0,,0,0,0,false,0,,0,
54650-R5500,real_hk_seeded,exists,Suspension,Shock Absorber - Front,"shock,absorber,front",Hyundai/Kia,R5,54650,combined,full,200,2.18,False,2,combined,"cache,prefix_inference",0.9975,Shock Absorber (Rear),Hyundai / KIA,Suspension / Shock Absorber / Strut,0,,0,0,0,false,0,,0,
87610-H9020,real_hk_seeded,exists,Body,Exterior Mirror,"exterior,mirror",Hyundai/Kia,H9,87610,combined,full,200,2.25,False,2,combined,"exact_oem,legacy",0.7875,"MIRROR ASSY - OUTSIDE RR VIEW,LH",Hyundai / KIA,Body / Mouldings & Trim,0,,0,0,0,false,0,,0,
21357-2E000,real_hk_coarse,exists,Engine,Crankshaft & Bearings,"crankshaft,bearings",Kia,2E,21357,combined,full,200,3.14,False,1,combined,"cache,exact_oem,legacy",0.937125,BOLT - FLANGE,Hyundai / KIA,Engine / Crankshaft & Bearings,0,,0,0,0,false,0,,0,
05203-CV300,real_hk_unseeded,exists,Unknown,Unknown,,Hyundai,CV,05203,combined,full,200,0.54,False,0,hk_scope_rejected,,0,,,,0,,0,0,0,false,0,,1,This OEM format looks HK-shaped but the prefix is not in the Hyundai/Kia catalog.
92401-Q5010,real_hk_seeded,exists,Electrical,Tail Light - Rear Left,"tail,light,rear,left",Hyundai/Kia,Q5,92401,combined,full,200,3.63,False,1,combined,"cache,prefix_inference",0.9975,Combination Rearlight (Front Right),Hyundai / KIA, / Combination Rearlight,0,,0,0,0,false,0,,0,
92102-Q5220,real_hk_seeded,exists,Electrical,Headlight - Front Right,"headlight,front,right",Hyundai/Kia,Q5,92102,combined,full,200,3.47,False,1,combined,"prefix_inference,cache",0.9975,Headlight,Hyundai / KIA,Electrical / Headlight Assembly,0,,0,0,0,false,0,,0,
25620-L0100,real_hk_seeded,exists,Cooling,Thermostat,thermostat,Hyundai/Kia,L0,25620,combined,full,200,3.13,False,2,combined,"cache,prefix_inference",0.9975,EGR Valve,Hyundai / KIA, / EGR Valve,0,,0,0,0,false,0,,0,
56397-AA000,real_hk_coarse,exists,Suspension,Tie Rod,"tie,rod",Hyundai/Kia,AA,56397,combined,full,200,2.18,False,1,combined,"cache,exact_oem,legacy",0.937125,CABLE ASSY - SENSOR,Hyundai / KIA,Suspension / Tie Rod,0,,0,0,0,false,0,,0,
42951-18215,real_hk_unseeded,exists,Unknown,Unknown,,Hyundai/Kia,18,42951,combined,full,200,0.54,False,0,hk_scope_rejected,,0,,,,0,,0,0,0,false,0,,1,This OEM format looks HK-shaped but the prefix is not in the Hyundai/Kia catalog.
58302-N9A15,real_hk_seeded,exists,Brakes,Brake Pad Set - Rear,"brake,pad,set,rear",Hyundai,N9,58302,combined,full,200,8.95,False,2,combined,"cache,prefix_inference",0.9975,"Brake Pad Set, disc brake for Hyundai Tucson (2020+)",Hyundai,Brakes / Brake Pad Set,0,,0,0,0,false,0,,0,
86351-CV210,real_hk_coarse,exists,Body,Mirrors,mirrors,Hyundai,CV,86351,combined,full,200,3.15,False,2,combined,"cache,prefix_inference",0.9975,Radiator Grille for Hyundai Staria (2021+),Hyundai,Cooling / Radiator,0,,0,0,0,false,0,,0,
42700-3B710,real_hk_unseeded,exists,Unknown,Unknown,,Hyundai/Kia,3B,42700,combined,full,200,0.5,False,0,hk_scope_rejected,,0,,,,0,,0,0,0,false,0,,1,This OEM format looks HK-shaped but the prefix is not in the Hyundai/Kia catalog.
97245-AT020,real_hk_coarse,exists,HVAC,Condenser,condenser,Hyundai/Kia,AT,97245,combined,full,200,3.3,False,1,combined,"cache,exact_oem,legacy",0.937125,SEAL - DUCT NO.3,Hyundai / KIA,HVAC / Condenser,0,,0,0,0,false,0,,0,
99150-P2100,real_hk_unseeded,exists,Unknown,Unknown,,Hyundai/Kia,P2,99150,combined,full,200,0.62,False,0,hk_scope_rejected,,0,,,,0,,0,0,0,false,0,,1,This OEM format looks HK-shaped but the prefix is not in the Hyundai/Kia catalog.
92102-DW010,real_hk_seeded,exists,Electrical,Headlight - Front Right,"headlight,front,right",Hyundai/Kia,DW,92102,combined,full,200,3.75,False,1,combined,"cache,prefix_inference",0.9975,Headlight (Front Right),Hyundai / KIA,Electrical / Headlight Assembly,0,,0,0,0,false,0,,0,
29150-J5100,real_hk_coarse,exists,Engine,Turbo / Supercharger,"turbo,supercharger",Hyundai/Kia,J5,29150,combined,full,200,3.2,False,1,combined,"cache,exact_oem,legacy",0.937125,"COVER - ENGINE UNDER RR,RH",Hyundai / KIA,Engine / Turbo / Supercharger,0,,0,0,0,false,0,,0,
05203-J5530,real_hk_unseeded,exists,Unknown,Unknown,,Hyundai/Kia,J5,05203,combined,full,200,0.53,False,0,hk_scope_rejected,,0,,,,0,,0,0,0,false,0,,1,This OEM format looks HK-shaped but the prefix is not in the Hyundai/Kia catalog.
25310-P0000,real_hk_seeded,exists,Cooling,Radiator,radiator,Hyundai/Kia,P0,25310,combined,full,200,3.93,False,1,combined,"cache,prefix_inference",0.9975,"Radiator, engine cooling",Hyundai / KIA,Cooling / Radiator,0,,0,0,0,false,0,,0,
65848-R0000,real_hk_coarse,exists,Body,Fender & Side Body,"fender,side,body",Hyundai/Kia,R0,65848,combined,full,200,2.16,False,1,combined,"cache,exact_oem,legacy",0.937125,BRKT - SPARE TIRE FIXING,Hyundai / KIA,Body / Fender & Side Body,0,,0,0,0,false,0,,0,
80420-P1000,real_hk_unseeded,exists,Unknown,Unknown,,Kia,P1,80420,combined,full,200,0.48,False,0,hk_scope_rejected,,0,,,,0,,0,0,0,false,0,,1,This OEM format looks HK-shaped but the prefix is not in the Hyundai/Kia catalog.
92102-P1090,real_hk_seeded,exists,Electrical,Headlight - Front Right,"headlight,front,right",Kia,P1,92102,combined,full,200,3.22,False,1,combined,"prefix_inference,cache",0.9975,Headlight for Kia Sportage (2021+),Kia,Electrical / Headlight Assembly,0,,0,0,0,false,0,,0,
28113-AT100,real_hk_seeded,exists,Engine,Air Filter,"air,filter",Hyundai/Kia,AT,28113,combined,full,200,3.39,False,2,combined,"cache,prefix_inference",0.9975,Air Filter,Hyundai / KIA,Engine / Air Filter,0,,0,0,0,false,0,,0,
92401-M7600,real_hk_seeded,exists,Electrical,Tail Light - Rear Left,"tail,light,rear,left",Hyundai/Kia,M7,92401,combined,full,200,4.11,False,1,combined,"prefix_inference,cache",0.9975,Combination Rearlight (Passenger),Hyundai / KIA, / Combination Rearlight,0,,0,0,0,false,0,,0,
45567-4F123,real_hk_coarse,exists,Transmission,Manual Transmission,"manual,transmission",Hyundai/Kia,4F,45567,combined,full,200,2.27,False,1,combined,"cache,exact_oem,legacy",0.937125,SNAP RING,Hyundai / KIA,Transmission / Manual Transmission,0,,0,0,0,false,0,,0,
11430-08221,real_hk_unseeded,exists,Unknown,Unknown,,Hyundai/Kia,08,11430,combined,full,200,0.49,False,0,hk_scope_rejected,,0,,,,0,,0,0,0,false,0,,1,This OEM format looks HK-shaped but the prefix is not in the Hyundai/Kia catalog.
51712-L0100,real_hk_seeded,exists,Brakes,Brake Disc - Front,"brake,disc,front",Hyundai/Kia,L0,51712,combined,full,200,3.57,False,1,combined,"cache,prefix_inference",0.9975,Brake Disc,Hyundai / KIA,Brakes / Brake Disc,0,,0,0,0,false,0,,0,
82659-CV000,real_hk_coarse,exists,Body,Glass / Windshield,"glass,windshield",Hyundai,CV,82659,combined,full,200,2.31,False,1,combined,"cache,exact_oem,legacy",0.937125,AUTO FLUSH CONTROL UNIT - FR DR,Hyundai / KIA,Body / Glass / Windshield,0,,0,0,0,false,0,,0,
99241-P1200,real_hk_unseeded,exists,Unknown,Unknown,,Kia,P1,99241,combined,full,200,0.51,False,0,hk_scope_rejected,,0,,,,0,,0,0,0,false,0,,1,This OEM format looks HK-shaped but the prefix is not in the Hyundai/Kia catalog.
92401-P1120,real_hk_seeded,exists,Electrical,Tail Light - Rear Left,"tail,light,rear,left",Kia,P1,92401,combined,full,200,4.45,False,1,combined,"cache,prefix_inference",0.9975,Combination Rearlight for Kia Sportage (2021+),Kia, / Combination Rearlight,0,,0,0,0,false,0,,0,
91421-DW070,real_hk_coarse,exists,Electrical,Wiring Harness,"wiring,harness",Hyundai/Kia,DW,91421,combined,full,200,3.25,False,1,combined,"cache,prefix_inference",0.9975,Air Filter,Hyundai / KIA,Engine / Air Filter,0,,0,0,0,false,0,,0,
99140-AT000,real_hk_unseeded,exists,Unknown,Unknown,,Hyundai/Kia,AT,99140,combined,full,200,0.54,False,0,hk_scope_rejected,,0,,,,0,,0,0,0,false,0,,1,This OEM format looks HK-shaped but the prefix is not in the Hyundai/Kia catalog.
39210-3NFD0,real_hk_seeded,exists,Electrical,Oxygen Sensor,"oxygen,sensor",Hyundai/Kia,3N,39210,combined,full,200,3.39,False,2,combined,"exact_oem,legacy",0.7875,SENSOR ASSY - OXYGEN,Hyundai / KIA,Electrical / Oxygen Sensor,0,,0,0,0,false,0,,0,
39210-2T010,real_hk_seeded,exists,Electrical,Oxygen Sensor,"oxygen,sensor",Kia,2T,39210,combined,full,200,5.29,False,1,combined,"prefix_inference,cache",0.9975,Lambda Sensor (Front Right) for Kia Optima (2010-2015),Kia,Electrical / Oxygen Sensor,0,,0,0,0,false,0,,0,
54650-Q5600,real_hk_seeded,exists,Suspension,Shock Absorber - Front,"shock,absorber,front",Hyundai/Kia,Q5,54650,combined,full,200,4.15,False,1,combined,"cache,prefix_inference",0.9975,Shock Absorber (Passenger),Hyundai / KIA,Suspension / Shock Absorber / Strut,0,,0,0,0,false,0,,0,
58101-AOA00,real_hk_seeded,exists,Brakes,Brake Pad Set - Front,"brake,pad,set,front",Hyundai/Kia,AO,58101,combined,full,200,3.13,False,1,combined,"cache,prefix_inference",0.9975,"Brake Pad Set, disc brake",Hyundai / KIA,Brakes / Brake Pad Set,0,,0,0,0,false,0,,0,
84619-F6AA0,real_hk_coarse,exists,Interior,Interior Trim,"interior,trim",Hyundai/Kia,F6,84619,combined,full,200,2.3,False,1,combined,"cache,exact_oem,legacy",0.937125,COVER - CTR CONSOLE UPR,Hyundai / KIA,Interior / Interior Trim,0,,0,0,0,false,0,,0,
05203-AO300,real_hk_unseeded,exists,Unknown,Unknown,,Hyundai/Kia,AO,05203,combined,full,200,0.88,False,0,hk_scope_rejected,,0,,,,0,,0,0,0,false,0,,1,This OEM format looks HK-shaped but the prefix is not in the Hyundai/Kia catalog.
25310-2S150,real_hk_seeded,exists,Cooling,Radiator,radiator,Hyundai,2S,25310,combined,full,200,10.52,False,9,combined,"cache,prefix_inference",0.9975,"Radiator, engine cooling for Hyundai Tucson (2010-2015)",Hyundai,Cooling / Radiator,0,,0,0,0,false,0,,0,
31046-R0550,real_hk_coarse,exists,Drivetrain,Front Differential,"front,differential",Hyundai/Kia,R0,31046,combined,full,200,3.2,False,0,combined,,0,,,,0,,0,0,0,false,0,,0,
09149-P4000,real_hk_unseeded,exists,Unknown,Unknown,,Hyundai/Kia,P4,09149,combined,full,200,0.49,False,0,hk_scope_rejected,,0,,,,0,,0,0,0,false,0,,1,This OEM format looks HK-shaped but the prefix is not in the Hyundai/Kia catalog.
58302-G9A20,real_hk_seeded,exists,Brakes,Brake Pad Set - Rear,"brake,pad,set,rear",Genesis,G9,58302,combined,full,200,10.46,False,5,combined,"cross_reference,cross_brand,exact_oem,legacy",1,"Brake Pad Set, disc brake",ICER,,1,ICER:181954-066,0,0,0,false,1,:,0,
58210-M6600,real_hk_coarse,exists,Brakes,Front Brake Caliper,"front,brake,caliper",Hyundai/Kia,M6,58210,combined,full,200,2.2,False,2,combined,"cache,prefix_inference",0.9975,Brake Caliper (Passenger),Hyundai / KIA, / Brake Caliper,0,,0,0,0,false,0,,0,
20910-08S00,real_hk_unseeded,exists,Unknown,Unknown,,Hyundai/Kia,08,20910,combined,full,200,0.48,False,0,hk_scope_rejected,,0,,,,0,,0,0,0,false,0,,1,This OEM format looks HK-shaped but the prefix is not in the Hyundai/Kia catalog.
54660-J5KX0,real_hk_seeded,exists,Suspension,Shock Absorber - Front,"shock,absorber,front",Hyundai/Kia,J5,54660,combined,full,200,4.17,False,1,combined,"cache,prefix_inference",0.9975,Shock Absorber,Hyundai / KIA,Suspension / Shock Absorber / Strut,0,,0,0,0,false,0,,0,
26310-2S001,real_hk_seeded,exists,Engine,Oil Pan,"oil,pan",Hyundai,2S,26310,combined,full,200,2.33,False,2,combined,"exact_oem,legacy",0.7875,FILTER ASSY - OIL,Hyundai / KIA,Engine / Oil Filter,0,,0,0,0,false,0,,0,
91863-AO010,real_hk_coarse,exists,Electrical,Wiring Harness,"wiring,harness",Hyundai/Kia,AO,91863,combined,full,200,3.17,False,0,combined,,0,,,,0,,0,0,0,false,0,,0,
99211-AT000,real_hk_unseeded,exists,Unknown,Unknown,,Hyundai/Kia,AT,99211,combined,full,200,0.55,False,0,hk_scope_rejected,,0,,,,0,,0,0,0,false,0,,1,This OEM format looks HK-shaped but the prefix is not in the Hyundai/Kia catalog.
51712-L1100,real_hk_seeded,exists,Brakes,Brake Disc - Front,"brake,disc,front",Hyundai,L1,51712,combined,full,200,3.2,False,2,combined,"exact_oem,legacy",0.7875,DISC - FRONTWHEELBRA,Hyundai / KIA,Suspension / Front Axle,1,Mobis:51712L1100,0,0,0,false,0,,0,
58411-GI000,real_hk_seeded,exists,Brakes,Brake Disc - Rear,"brake,disc,rear",Hyundai/Kia,GI,58411,combined,full,200,2.27,False,2,combined,"cache,prefix_inference",0.9975,Brake Disc,Hyundai / KIA,Brakes / Brake Disc,0,,0,0,0,false,0,,0,
81820-CV010,real_hk_coarse,exists,Body,Weatherstrip & Seal,"weatherstrip,seal",Hyundai,CV,81820,combined,full,200,2.29,False,1,combined,"cache,exact_oem,legacy",0.937125,HANDLE ASSY - TAIL GATE O/S,Hyundai / KIA,Body / Weatherstrip & Seal,0,,0,0,0,false,0,,0,
20920-2TA00,real_hk_unseeded,exists,Unknown,Unknown,,Kia,2T,20920,combined,full,200,0.49,False,0,hk_scope_rejected,,0,,,,0,,0,0,0,false,0,,1,This OEM format looks HK-shaped but the prefix is not in the Hyundai/Kia catalog.
87610-M7040,real_hk_seeded,exists,Body,Exterior Mirror,"exterior,mirror",Hyundai/Kia,M7,87610,combined,full,200,3.92,False,1,combined,"cache,prefix_inference",0.9975,Outside Mirror (Rear Left),Hyundai / KIA, / Outside Mirror,0,,0,0,0,false,0,,0,
82460-R0010,real_hk_seeded,exists,Body,Power Window Motor - Front,"power,window,motor,front",Hyundai/Kia,R0,82460,combined,full,200,2.29,False,2,combined,"exact_oem,legacy",0.7875,"MOTOR ASSY - FRONT POWER WDW,RH",Hyundai / KIA,Body / Glass / Windshield,0,,0,0,0,false,0,,0,
88450-L3030,real_hk_coarse,exists,Interior,Instrument Panel / Dashboard,"instrument,panel,dashboard",Hyundai/Kia,L3,88450,combined,full,200,3.24,False,1,combined,"cache,prefix_inference",0.9975,"Condenser, air conditioning (Rear Right)",Hyundai / KIA," / Condenser, air conditioning",0,,0,0,0,false,0,,0,
80620-S9500,real_hk_unseeded,exists,Unknown,Unknown,,Hyundai/Kia,S9,80620,combined,full,200,0.59,False,0,hk_scope_rejected,,0,,,,0,,0,0,0,false,0,,1,This OEM format looks HK-shaped but the prefix is not in the Hyundai/Kia catalog.
97134-L3000,real_hk_seeded,exists,HVAC,Cabin Air Filter,"cabin,air,filter",Hyundai/Kia,L3,97134,combined,full,200,3.13,False,1,combined,"cache,prefix_inference",0.9975,"Filter, interior air",Hyundai / KIA,HVAC / Cabin Air Filter,0,,0,0,0,false,0,,0,
54650-R0150,real_hk_seeded,exists,Suspension,Shock Absorber - Front,"shock,absorber,front",Hyundai/Kia,R0,54650,combined,full,200,3.25,False,1,combined,"prefix_inference,cache",0.9975,Shock Absorber,Hyundai / KIA,Suspension / Shock Absorber / Strut,0,,0,0,0,false,0,,0,
52919-P2100,real_hk_coarse,exists,Suspension,Wheels & Tires,"wheels,tires",Hyundai/Kia,P2,52919,combined,full,200,2.25,False,1,combined,"cache,exact_oem,legacy",0.937125,WHEEL ASSY - TEMPORARY,Hyundai / KIA,Suspension / Wheels & Tires,0,,0,0,0,false,0,,0,
99241-J2100,real_hk_unseeded,exists,Unknown,Unknown,,Hyundai/Kia,J2,99241,combined,full,200,0.51,False,0,hk_scope_rejected,,0,,,,0,,0,0,0,false,0,,1,This OEM format looks HK-shaped but the prefix is not in the Hyundai/Kia catalog.
26310-3N300,real_hk_seeded,exists,Engine,Oil Pan,"oil,pan",Hyundai/Kia,3N,26310,combined,full,200,2.21,False,2,combined,"exact_oem,legacy",0.7875,FILTER ASSY - ENGINE OIL,Hyundai / KIA,Engine / Oil Filter,0,,0,0,0,false,0,,0,
92102-R0520,real_hk_seeded,exists,Electrical,Headlight - Front Right,"headlight,front,right",Hyundai/Kia,R0,92102,combined,full,200,3.19,False,1,combined,"cache,prefix_inference",0.9975,Headlight,Hyundai / KIA,Electrical / Headlight Assembly,0,,0,0,0,false,0,,0,
83915-P2000,real_hk_coarse,exists,Body,Sunroof,sunroof,Hyundai/Kia,P2,83915,combined,full,200,3.28,False,1,combined,"cache,exact_oem,legacy",0.937125,"CURTAIN - REAR DR,LH",Hyundai / KIA,Body / Sunroof,0,,0,0,0,false,0,,0,
09375-GI230,real_hk_unseeded,exists,Unknown,Unknown,,Hyundai/Kia,GI,09375,combined,full,200,0.45,False,0,hk_scope_rejected,,0,,,,0,,0,0,0,false,0,,1,This OEM format looks HK-shaped but the prefix is not in the Hyundai/Kia catalog.
54650-P4050,real_hk_seeded,exists,Suspension,Shock Absorber - Front,"shock,absorber,front",Hyundai/Kia,P4,54650,combined,full,200,4.03,False,1,combined,"prefix_inference,cache",0.9975,Shock Absorber,Hyundai / KIA,Suspension / Shock Absorber / Strut,0,,0,0,0,false,0,,0,
91620-Q5110,real_hk_coarse,exists,Electrical,Wiring Harness,"wiring,harness",Hyundai/Kia,Q5,91620,combined,full,200,3.16,False,0,combined,,0,,,,0,,0,0,0,false,0,,0,
80640-DW000,real_hk_unseeded,exists,Unknown,Unknown,,Hyundai/Kia,DW,80640,combined,full,200,0.54,False,0,hk_scope_rejected,,0,,,,0,,0,0,0,false,0,,1,This OEM format looks HK-shaped but the prefix is not in the Hyundai/Kia catalog.
51712-GI000,real_hk_seeded,exists,Brakes,Brake Disc - Front,"brake,disc,front",Hyundai/Kia,GI,51712,combined,full,200,3.07,False,2,combined,"cache,prefix_inference",0.9975,Brake Disc,Hyundai / KIA,Brakes / Brake Disc,0,,0,0,0,false,0,,0,
91753-A7300,real_hk_coarse,exists,Electrical,Wiring Harness,"wiring,harness",Kia,A7,91753,combined,full,200,3.2,False,0,combined,,0,,,,0,,0,0,0,false,0,,0,
12490-04101,real_hk_unseeded,exists,Unknown,Unknown,,Hyundai/Kia,04,12490,combined,full,200,0.52,False,0,hk_scope_rejected,,0,,,,0,,0,0,0,false,0,,1,This OEM format looks HK-shaped but the prefix is not in the Hyundai/Kia catalog.
58302-Q4A00,real_hk_seeded,exists,Brakes,Brake Pad Set - Rear,"brake,pad,set,rear",Hyundai/Kia,Q4,58302,combined,full,200,10.57,False,3,combined,"cross_reference,cross_brand,exact_oem,legacy",1,"Brake Pad Set, disc brake",HERTH+BUSS JAKOPARTS,,1,HERTH+BUSS JAKOPARTS:J3610527,0,0,0,false,1,:,0,
66400-R0040,real_hk_coarse,exists,Body,Rear Body / Trunk,"rear,body,trunk",Hyundai/Kia,R0,66400,combined,full,200,2.32,False,2,combined,"exact_oem,legacy",0.7875,PANEL ASSY - HOOD,Hyundai / KIA,Body / Rear Body / Trunk,0,,0,0,0,false,0,,0,
22311-2M011,real_hk_coarse,exists,Engine,Engine Mounting,"engine,mounting",Hyundai/Kia,2M,22311,combined,full,200,2.28,False,2,combined,"exact_oem,legacy",0.7875,GASKET - CYLINDER HEAD,Hyundai / KIA,Engine / Engine Mounting,0,,0,0,0,false,0,,0,
45665-4G600,real_hk_coarse,exists,Transmission,Manual Transmission,"manual,transmission",Hyundai/Kia,4G,45665,combined,full,200,2.31,False,1,combined,"cache,exact_oem,legacy",0.937125,DISK SET - 28 BRAKE,Hyundai / KIA,Transmission / Manual Transmission,1,Mobis:456654G600,0,0,0,false,0,,0,
80310-R5000,real_hk_unseeded,exists,Unknown,Unknown,,Hyundai/Kia,R5,80310,combined,full,200,1.06,False,0,hk_scope_rejected,,0,,,,0,,0,0,0,false,0,,1,This OEM format looks HK-shaped but the prefix is not in the Hyundai/Kia catalog.
87610-H9160,real_hk_seeded,exists,Body,Exterior Mirror,"exterior,mirror",Hyundai/Kia,H9,87610,combined,full,200,5.29,False,1,combined,"prefix_inference,cache",0.9975,Outside Mirror,Hyundai / KIA, / Outside Mirror,0,,0,0,0,false,0,,0,
39210-3NFB0,real_hk_seeded,exists,Electrical,Oxygen Sensor,"oxygen,sensor",Hyundai/Kia,3N,39210,combined,full,200,2.95,False,2,combined,"cache,prefix_inference",0.9975,Lambda Sensor,Hyundai / KIA,Electrical / Oxygen Sensor,0,,0,0,0,false,0,,0,
35312-3N000,real_hk_coarse,exists,Drivetrain,Drive Shaft / CV Joint,"drive,shaft,joint",Hyundai/Kia,3N,35312,combined,full,200,2.22,False,2,combined,"cache,prefix_inference",0.9975,"Radiator, engine cooling",Hyundai / KIA,Cooling / Radiator,0,,0,0,0,false,0,,0,
91110-Q4180,real_hk_coarse,exists,Electrical,Wiring Harness,"wiring,harness",Hyundai/Kia,Q4,91110,combined,full,200,3.19,False,0,combined,,0,,,,0,,0,0,0,false,0,,0,
77990-P1000,real_hk_unseeded,exists,Unknown,Unknown,,Kia,P1,77990,combined,full,200,0.91,False,0,hk_scope_rejected,,0,,,,0,,0,0,0,false,0,,1,This OEM format looks HK-shaped but the prefix is not in the Hyundai/Kia catalog.
39210-08200,real_hk_seeded,exists,Electrical,Oxygen Sensor,"oxygen,sensor",Hyundai/Kia,08,39210,combined,full,200,2.33,False,2,combined,"cache,prefix_inference",0.9975,Lambda Sensor,Hyundai / KIA,Electrical / Oxygen Sensor,0,,0,0,0,false,0,,0,
58302-ATA00,real_hk_seeded,exists,Brakes,Brake Pad Set - Rear,"brake,pad,set,rear",Hyundai/Kia,AT,58302,combined,full,200,3.53,False,2,combined,"exact_oem,legacy",0.7875,PAD KIT - REAR DISC BRAKE,Hyundai / KIA,Brakes / Rear Brake / Drum,0,,0,0,0,false,0,,0,
92102-2T520,real_hk_seeded,exists,Electrical,Headlight - Front Right,"headlight,front,right",Kia,2T,92102,combined,full,200,3.32,False,2,combined,"exact_oem,legacy",0.7875,"LAMP ASSY - HEAD,RH",Hyundai / KIA,Electrical / Headlight Assembly,0,,0,0,0,false,0,,0,
91802-S9620,real_hk_coarse,exists,Electrical,Wiring Harness,"wiring,harness",Hyundai/Kia,S9,91802,combined,full,200,3.22,False,0,combined,,0,,,,0,,0,0,0,false,0,,0,
84676-P1000,real_hk_coarse,exists,Interior,Interior Trim,"interior,trim",Kia,P1,84676,combined,full,200,3.29,False,0,combined,,0,,,,0,,0,0,0,false,0,,0,
99240-J5500,real_hk_unseeded,exists,Unknown,Unknown,,Hyundai/Kia,J5,99240,combined,full,200,0.54,False,0,hk_scope_rejected,,0,,,,0,,0,0,0,false,0,,1,This OEM format looks HK-shaped but the prefix is not in the Hyundai/Kia catalog.
54650-CV000,real_hk_seeded,exists,Suspension,Shock Absorber - Front,"shock,absorber,front",Hyundai,CV,54650,combined,full,200,3.32,False,2,combined,"exact_oem,legacy",0.7875,"STRUT ASSY - FR,LH",Hyundai / KIA,Suspension / Shock Absorber (Front),0,,0,0,0,false,0,,0,
92402-Q5610,real_hk_seeded,exists,Electrical,Tail Light - Rear Right,"tail,light,rear,right",Hyundai/Kia,Q5,92402,combined,full,200,4.9,False,1,combined,"prefix_inference,cache",0.9975,Combination Rearlight,Hyundai / KIA, / Combination Rearlight,0,,0,0,0,false,0,,0,
31348-N9010,real_hk_coarse,exists,Drivetrain,Front Differential,"front,differential",Hyundai,N9,31348,combined,full,200,2.28,False,2,combined,"exact_oem,legacy",0.7875,HOSE ASSY - CANISTER,Hyundai / KIA,Drivetrain / Front Differential,0,,0,0,0,false,0,,0,
91130-R0690,real_hk_coarse,exists,Electrical,Wiring Harness,"wiring,harness",Hyundai/Kia,R0,91130,combined,full,200,4.1,False,0,combined,,0,,,,0,,0,0,0,false,0,,0,
80620-AT900,real_hk_unseeded,exists,Unknown,Unknown,,Hyundai/Kia,AT,80620,combined,full,200,0.46,False,0,hk_scope_rejected,,0,,,,0,,0,0,0,false,0,,1,This OEM format looks HK-shaped but the prefix is not in the Hyundai/Kia catalog.
54660-D9250,real_hk_seeded,exists,Suspension,Shock Absorber - Front,"shock,absorber,front",Kia,D9,54660,combined,full,200,10.47,False,10,combined,"cross_reference,cross_brand,exact_oem,legacy",1,Shock Absorber,BILSTEIN,,1,BILSTEIN:22-267948,0,0,0,false,1,:,0,
97133-N9100,real_hk_seeded,exists,HVAC,Cabin Air Filter,"cabin,air,filter",Hyundai,N9,97133,combined,full,200,2.99,False,2,combined,"exact_oem,legacy",0.7875,FILTER ASSY - AIR,Hyundai / KIA,HVAC / Compressor A/C,1,Mobis:97133N9100,0,0,0,false,0,,0,
97206-AT010,real_hk_coarse,exists,HVAC,Condenser,condenser,Hyundai/Kia,AT,97206,combined,full,200,2.24,False,1,combined,"cache,exact_oem,legacy",0.937125,SEPARATOR,Hyundai / KIA,HVAC / Condenser,0,,0,0,0,false,0,,0,
91890-CH710,real_hk_coarse,exists,Electrical,Wiring Harness,"wiring,harness",Hyundai/Kia,CH,91890,combined,full,200,4.09,False,1,combined,"cache,prefix_inference",0.8925,Wire Harness (rear),Hyundai / KIA,Electrical / Wiring Harness,0,,0,0,0,false,0,,0,
99810-S9050,real_hk_unseeded,exists,Unknown,Unknown,,Hyundai/Kia,S9,99810,combined,full,200,0.55,False,0,hk_scope_rejected,,0,,,,0,,0,0,0,false,0,,1,This OEM format looks HK-shaped but the prefix is not in the Hyundai/Kia catalog.
87610-AT420,real_hk_seeded,exists,Body,Exterior Mirror,"exterior,mirror",Hyundai/Kia,AT,87610,combined,full,200,4.17,False,1,combined,"cache,prefix_inference",0.9975,Outside Mirror,Hyundai / KIA, / Outside Mirror,0,,0,0,0,false,0,,0,
25620-3L260,real_hk_seeded,exists,Cooling,Thermostat,thermostat,Hyundai/Kia,3L,25620,combined,full,200,3.01,False,2,combined,"exact_oem,legacy",0.7875,HOUSING ASSY - THERMOSTAT,Hyundai / KIA,Engine / Fuel System,0,,0,0,0,false,0,,0,
55260-2P400,real_hk_coarse,exists,Suspension,Rear Suspension,"rear,suspension",Hyundai/Kia,2P,55260,combined,full,200,2.28,False,2,combined,"cache,prefix_inference",0.9975,"Bush, leaf spring",Hyundai / KIA," / Bush, leaf spring",0,,0,0,0,false,0,,0,
81620-L2000,real_hk_coarse,exists,Body,Weatherstrip & Seal,"weatherstrip,seal",Kia,L2,81620,combined,full,200,2.23,False,2,combined,"cache,prefix_inference",0.9975,Indicator for Kia K5 (2020+),Kia, / Indicator,0,,0,0,0,false,0,,0,
99155-L3100,real_hk_unseeded,exists,Unknown,Unknown,,Hyundai/Kia,L3,99155,combined,full,200,0.48,False,0,hk_scope_rejected,,0,,,,0,,0,0,0,false,0,,1,This OEM format looks HK-shaped but the prefix is not in the Hyundai/Kia catalog.
92101-H9000,real_hk_seeded,exists,Electrical,Headlight - Front Left,"headlight,front,left",Hyundai/Kia,H9,92101,combined,full,200,4.23,False,1,combined,"prefix_inference,cache",0.9975,Headlight,Hyundai / KIA,Electrical / Headlight Assembly,0,,0,0,0,false,0,,0,
28310-2M900,real_hk_coarse,exists,Engine,Intake Manifold,"intake,manifold",Hyundai/Kia,2M,28310,combined,full,200,3.1,False,2,combined,"exact_oem,legacy",0.7875,MANIFOLD ASSY - INTAKE,Hyundai / KIA,Engine / Intake Manifold,0,,0,0,0,false,0,,0,
37527-K4010,real_hk_coarse,exists,Electrical,Ignition System,"ignition,system",Hyundai/Kia,K4,37527,combined,full,200,2.2,False,1,combined,"cache,exact_oem,legacy",0.937125,COVER - BATTERY MODULE,Hyundai / KIA,Electrical / Ignition System,0,,0,0,0,false,0,,0,
56390-P1030,real_hk_coarse,exists,Suspension,Tie Rod,"tie,rod",Kia,P1,56390,combined,full,200,5.13,False,1,combined,"cache,prefix_inference",0.8925,Steering Column Assembly (Rear Right) for Kia Sportage (2021+),Kia,Steering / Steering Column,0,,0,0,0,false,0,,0,
09149-M6970,real_hk_unseeded,exists,Unknown,Unknown,,Hyundai/Kia,M6,09149,combined,full,200,0.91,False,0,hk_scope_rejected,,0,,,,0,,0,0,0,false,0,,1,This OEM format looks HK-shaped but the prefix is not in the Hyundai/Kia catalog.
54650-AT800,real_hk_seeded,exists,Suspension,Shock Absorber - Front,"shock,absorber,front",Hyundai/Kia,AT,54650,combined,full,200,5.2,False,1,combined,"prefix_inference,cache",0.9975,Shock Absorber,Hyundai / KIA,Suspension / Shock Absorber / Strut,0,,0,0,0,false,0,,0,
39100-2M007,real_hk_coarse,exists,Electrical,Sensors & Control,"sensors,control",Hyundai/Kia,2M,39100,combined,full,200,3.17,False,1,combined,"prefix_inference,cache",0.9975,"Joint Kit, drive shaft",Hyundai / KIA," / Joint Kit, drive shaft",0,,0,0,0,false,0,,0,
09501-C9130,real_hk_unseeded,exists,Unknown,Unknown,,Hyundai/Kia,C9,09501,combined,full,200,0.48,False,0,hk_scope_rejected,,0,,,,0,,0,0,0,false,0,,1,This OEM format looks HK-shaped but the prefix is not in the Hyundai/Kia catalog.
25310-H9050,real_hk_seeded,exists,Cooling,Radiator,radiator,Hyundai/Kia,H9,25310,combined,full,200,3.25,False,2,combined,"exact_oem,legacy",0.7875,RADIATORASSY,Hyundai / KIA,Engine / Fuel Injector,0,,0,0,0,false,0,,0,
84217-R0000,real_hk_coarse,exists,Interior,Interior Trim,"interior,trim",Hyundai/Kia,R0,84217,combined,full,200,2.11,False,1,combined,"cache,exact_oem,legacy",0.937125,"UNDER COVER ASSY,LH",Hyundai / KIA,Interior / Interior Trim,0,,0,0,0,false,0,,0,
84633-R5000,real_hk_coarse,exists,Interior,Interior Trim,"interior,trim",Hyundai/Kia,R5,84633,combined,full,200,3.19,False,0,combined,,0,,,,0,,0,0,0,false,0,,0,
12298-06161,real_hk_unseeded,exists,Unknown,Unknown,,Hyundai/Kia,06,12298,combined,full,200,0.62,False,0,hk_scope_rejected,,0,,,,0,,0,0,0,false,0,,1,This OEM format looks HK-shaped but the prefix is not in the Hyundai/Kia catalog.
39210-3NFC0,real_hk_seeded,exists,Electrical,Oxygen Sensor,"oxygen,sensor",Hyundai/Kia,3N,39210,combined,full,200,3.32,False,2,combined,"cache,prefix_inference",0.9975,Lambda Sensor,Hyundai / KIA,Electrical / Oxygen Sensor,0,,0,0,0,false,0,,0,
95910-AT300,real_hk_coarse,exists,Electrical,Sensors & Modules,"sensors,modules",Hyundai/Kia,AT,95910,combined,full,200,3.2,False,1,combined,"cache,prefix_inference",0.9975,Combination Rearlight,Hyundai / KIA, / Combination Rearlight,0,,0,0,0,false,0,,0,
79490-H8000,real_hk_unseeded,exists,Unknown,Unknown,,Kia,H8,79490,combined,full,200,0.61,False,0,hk_scope_rejected,,0,,,,0,,0,0,0,false,0,,1,This OEM format looks HK-shaped but the prefix is not in the Hyundai/Kia catalog.
55311-D3600,real_hk_seeded,exists,Suspension,Shock Absorber - Rear,"shock,absorber,rear",Hyundai,D3,55311,combined,full,200,4.19,False,2,combined,"cache,prefix_inference",0.9975,Shock Absorber (Passenger) for Hyundai Tucson (2015-2020),Hyundai,Suspension / Shock Absorber / Strut,0,,0,0,0,false,0,,0,
92202-Q5010,real_hk_coarse,exists,Electrical,Fog Light,"fog,light",Hyundai/Kia,Q5,92202,combined,full,200,3.22,False,1,combined,"cache,prefix_inference",0.9975,Fog Light (Front Right),Hyundai / KIA, / Fog Light,0,,0,0,0,false,0,,0,
99211-AT100,real_hk_unseeded,exists,Unknown,Unknown,,Hyundai/Kia,AT,99211,combined,full,200,0.5,False,0,hk_scope_rejected,,0,,,,0,,0,0,0,false,0,,1,This OEM format looks HK-shaped but the prefix is not in the Hyundai/Kia catalog.
54650-J5560,real_hk_seeded,exists,Suspension,Shock Absorber - Front,"shock,absorber,front",Hyundai/Kia,J5,54650,combined,full,200,3.48,False,2,combined,"cache,prefix_inference",0.9975,Shock Absorber,Hyundai / KIA,Suspension / Shock Absorber / Strut,0,,0,0,0,false,0,,0,
56310-DW200,real_hk_coarse,exists,Suspension,Tie Rod,"tie,rod",Hyundai/Kia,DW,56310,combined,full,200,4.22,False,1,combined,"cache,prefix_inference",0.9975,Steering Column,Hyundai / KIA, / Steering Column,0,,0,0,0,false,0,,0,
99230-P2000,real_hk_unseeded,exists,Unknown,Unknown,,Hyundai/Kia,P2,99230,combined,full,200,0.5,False,0,hk_scope_rejected,,0,,,,0,,0,0,0,false,0,,1,This OEM format looks HK-shaped but the prefix is not in the Hyundai/Kia catalog.
91802-AT490,real_hk_coarse,exists,Electrical,Wiring Harness,"wiring,harness",Hyundai/Kia,AT,91802,combined,full,200,3.13,False,0,combined,,0,,,,0,,0,0,0,false,0,,0,
64583-AT000,real_hk_coarse,exists,Body,Front Body / Hood,"front,body,hood",Hyundai/Kia,AT,64583,combined,full,200,2.23,False,1,combined,"cache,exact_oem,legacy",0.937125,"PNL ASSY - FNDR/APRON UPR OTR,RH",Hyundai / KIA,Body / Front Body / Hood,0,,0,0,0,false,0,,0,
99110-CH000,real_hk_unseeded,exists,Unknown,Unknown,,Hyundai/Kia,CH,99110,combined,full,200,0.55,False,0,hk_scope_rejected,,0,,,,0,,0,0,0,false,0,,1,This OEM format looks HK-shaped but the prefix is not in the Hyundai/Kia catalog.
23200-2S500,real_hk_coarse,exists,Engine,Cylinder Head & Valvetrain,"cylinder,head,valvetrain",Hyundai,2S,23200,combined,full,200,2.18,False,2,combined,"cache,prefix_inference",0.9975,Flywheel (Rear) for Hyundai Tucson (2010-2015),Hyundai, / Flywheel,0,,0,0,0,false,0,,0,
86593-M7500,real_hk_coarse,exists,Body,Mirrors,mirrors,Hyundai/Kia,M7,86593,combined,full,200,3.19,False,0,combined,,0,,,,0,,0,0,0,false,0,,0,
99211-P1020,real_hk_unseeded,exists,Unknown,Unknown,,Kia,P1,99211,combined,full,200,0.53,False,0,hk_scope_rejected,,0,,,,0,,0,0,0,false,0,,1,This OEM format looks HK-shaped but the prefix is not in the Hyundai/Kia catalog.
58101-3XA00,real_hk_seeded,exists,Brakes,Brake Pad Set - Front,"brake,pad,set,front",Hyundai,3X,58101,combined,full,200,23.1,False,20,combined,"cache,prefix_inference",0.9975,"Brake Pad Set, disc brake for Hyundai Elantra (2011-2015)",Hyundai,Brakes / Brake Pad Set,0,,0,0,0,false,0,,0,
92102-CV020,real_hk_seeded,exists,Electrical,Headlight - Front Right,"headlight,front,right",Hyundai,CV,92102,combined,full,200,5.28,False,1,combined,"cache,prefix_inference,legacy",1,HEAD LAMP ASSEMBLY RIGHT HAND,Hyundai / KIA,Electrical / Headlight Assembly,0,,0,0,0,false,0,,0,
92101-P4100,real_hk_seeded,exists,Electrical,Headlight - Front Left,"headlight,front,left",Hyundai/Kia,P4,92101,combined,full,200,8.12,False,1,combined,"cache,prefix_inference,exact_oem,legacy",1,HEAD LAMP ASSEMBLY LEFT HAND,Hyundai / KIA,Electrical / Headlight Assembly,0,,0,0,0,false,0,,0,
87610-Q5850,real_hk_seeded,exists,Body,Exterior Mirror,"exterior,mirror",Hyundai/Kia,Q5,87610,combined,full,200,5.63,False,1,combined,"prefix_inference,cache",0.9975,Outside Mirror,Hyundai / KIA, / Outside Mirror,0,,0,0,0,false,0,,0,
92102-M7700,real_hk_seeded,exists,Electrical,Headlight - Front Right,"headlight,front,right",Hyundai/Kia,M7,92102,combined,full,200,4.26,False,1,combined,"cache,prefix_inference",0.9975,Headlight (Driver),Hyundai / KIA,Electrical / Headlight Assembly,0,,0,0,0,false,0,,0,
95190-AOZB0,real_hk_coarse,exists,Electrical,Sensors & Modules,"sensors,modules",Hyundai/Kia,AO,95190,combined,full,200,3.19,False,1,combined,"prefix_inference,cache",0.9975,Headlight,Hyundai / KIA,Electrical / Headlight Assembly,0,,0,0,0,false,0,,0,
99910-R0850,real_hk_unseeded,exists,Unknown,Unknown,,Hyundai/Kia,R0,99910,combined,full,200,0.75,False,0,hk_scope_rejected,,0,,,,0,,0,0,0,false,0,,1,This OEM format looks HK-shaped but the prefix is not in the Hyundai/Kia catalog.
88500-K0AH0,real_hk_coarse,exists,Interior,Instrument Panel / Dashboard,"instrument,panel,dashboard",Hyundai/Kia,K0,88500,combined,full,200,2.22,False,2,combined,"cache,prefix_inference",0.8925,Front Seat Belt Assembly,Hyundai / KIA,Interior / Seat Belt - Front,0,,0,0,0,false,0,,0,
56390-N9030,real_hk_coarse,exists,Suspension,Tie Rod,"tie,rod",Hyundai,N9,56390,combined,full,200,4.19,False,1,combined,"prefix_inference,cache",0.8925,Steering Column Assembly (Rear Right) for Hyundai Tucson (2020+),Hyundai,Steering / Steering Column,0,,0,0,0,false,0,,0,
20910-3CS01,real_hk_unseeded,exists,Unknown,Unknown,,Hyundai/Kia,3C,20910,combined,full,200,0.53,False,0,hk_scope_rejected,,0,,,,0,,0,0,0,false,0,,1,This OEM format looks HK-shaped but the prefix is not in the Hyundai/Kia catalog.
97285-P1000,real_hk_coarse,exists,HVAC,Condenser,condenser,Kia,P1,97285,combined,full,200,4.11,False,0,combined,,0,,,,0,,0,0,0,false,0,,0,
28650-CH550,real_hk_coarse,exists,Exhaust,Exhaust System,"exhaust,system",Hyundai/Kia,CH,28650,combined,full,200,3.26,False,1,combined,"cache,prefix_inference",0.9975,Middle Silencer,Hyundai / KIA, / Middle Silencer,0,,0,0,0,false,0,,0,
99211-P2000,real_hk_unseeded,exists,Unknown,Unknown,,Hyundai/Kia,P2,99211,combined,full,200,0.63,False,0,hk_scope_rejected,,0,,,,0,,0,0,0,false,0,,1,This OEM format looks HK-shaped but the prefix is not in the Hyundai/Kia catalog.
92158-CV000,real_hk_coarse,exists,Electrical,Headlight Assembly,"headlight,assembly",Hyundai,CV,92158,combined,full,200,2.23,False,1,combined,"cache,exact_oem,legacy",0.937125,"BRACKET - H/LAMP MTG SUPT,RH",Hyundai / KIA,Electrical / Headlight Assembly,0,,0,0,0,false,0,,0,
59760-H9000,real_hk_coarse,exists,Brakes,ABS / ESC,"abs,esc",Hyundai/Kia,H9,59760,combined,full,200,2.28,False,2,combined,"cache,prefix_inference",0.9975,"Cable, parking brake",Hyundai / KIA," / Cable, parking brake",0,,0,0,0,false,0,,0,
43800-2N000,real_hk_coarse,exists,Transmission,Automatic Transmission,"automatic,transmission",Hyundai/Kia,2N,43800,combined,full,200,2.24,False,2,combined,"exact_oem,legacy",0.7875,CYLINDER ASSY - GEAR SHIFT,Hyundai / KIA,Transmission / Automatic Transmission,0,,0,0,0,false,0,,0,
20920-2EH12,real_hk_unseeded,exists,Unknown,Unknown,,Kia,2E,20920,combined,full,200,0.49,False,0,hk_scope_rejected,,0,,,,0,,0,0,0,false,0,,1,This OEM format looks HK-shaped but the prefix is not in the Hyundai/Kia catalog.
35341-3L050,real_hk_coarse,exists,Drivetrain,Drive Shaft / CV Joint,"drive,shaft,joint",Hyundai/Kia,3L,35341,combined,full,200,3.1,False,1,combined,"cache,exact_oem,legacy",0.937125,"HARNESS - INJECTOR,LH",Hyundai / KIA,Drivetrain / Drive Shaft / CV Joint,0,,0,0,0,false,0,,0,
28521-2T000,real_hk_coarse,exists,Cooling,Coolant Hose,"coolant,hose",Kia,2T,28521,combined,full,200,2.2,False,2,combined,"cache,prefix_inference",0.9975,"Gasket, exhaust manifold for Kia Optima (2010-2015)",Kia," / Gasket, exhaust manifold",0,,0,0,0,false,0,,0,
99211-Q4100,real_hk_unseeded,exists,Unknown,Unknown,,Hyundai/Kia,Q4,99211,combined,full,200,0.54,False,0,hk_scope_rejected,,0,,,,0,,0,0,0,false,0,,1,This OEM format looks HK-shaped but the prefix is not in the Hyundai/Kia catalog.
86529-M7800,real_hk_coarse,exists,Body,Mirrors,mirrors,Hyundai/Kia,M7,86529,combined,full,200,3.18,False,0,combined,,0,,,,0,,0,0,0,false,0,,0,
54630-GI290,real_hk_coarse,exists,Suspension,Shock Absorber (Front),"shock,absorber,(front)",Hyundai/Kia,GI,54630,combined,full,200,2.21,False,2,combined,"cache,prefix_inference",0.9975,Coil Spring,Hyundai / KIA, / Coil Spring,0,,0,0,0,false,0,,0,
99240-Q5700,real_hk_unseeded,exists,Unknown,Unknown,,Hyundai/Kia,Q5,99240,combined,full,200,0.52,False,0,hk_scope_rejected,,0,,,,0,,0,0,0,false,0,,1,This OEM format looks HK-shaped but the prefix is not in the Hyundai/Kia catalog.
82530-R0200,real_hk_coarse,exists,Body,Glass / Windshield,"glass,windshield",Hyundai/Kia,R0,82530,combined,full,200,2.27,False,1,combined,"cache,exact_oem,legacy",0.937125,"RUN ASSY - FRONT DOOR WINDOW GLASS, LH",Hyundai / KIA,Body / Glass / Windshield,0,,0,0,0,false,0,,0,
69510-H9000,real_hk_coarse,exists,Body,Quarter Panel,"quarter,panel",Hyundai/Kia,H9,69510,combined,full,200,3.22,False,1,combined,"cache,exact_oem,legacy",0.937125,DOORASSY - FUELFILLE,Hyundai / KIA,Body / Quarter Panel,0,,0,0,0,false,0,,0,
99250-R0150,real_hk_unseeded,exists,Unknown,Unknown,,Hyundai/Kia,R0,99250,combined,full,200,0.53,False,0,hk_scope_rejected,,0,,,,0,,0,0,0,false,0,,1,This OEM format looks HK-shaped but the prefix is not in the Hyundai/Kia catalog.
86637-Q5700,real_hk_coarse,exists,Body,Mirrors,mirrors,Hyundai/Kia,Q5,86637,combined,full,200,2.18,False,1,combined,"cache,exact_oem,legacy",0.937125,BRACKET - RR BEAM LWR MTG,Hyundai / KIA,Body / Mirrors,0,,0,0,0,false,0,,0,
91931-A9010,real_hk_coarse,exists,Electrical,Wiring Harness,"wiring,harness",Kia,A9,91931,combined,full,200,2.23,False,2,combined,"cache,exact_oem,legacy",0.937125,DIAGNOSIS MTG BRKT,Hyundai / KIA,Electrical / Wiring Harness,0,,0,0,0,false,0,,0,
12451-05163,real_hk_unseeded,exists,Unknown,Unknown,,Hyundai/Kia,05,12451,combined,full,200,0.52,False,0,hk_scope_rejected,,0,,,,0,,0,0,0,false,0,,1,This OEM format looks HK-shaped but the prefix is not in the Hyundai/Kia catalog.
37528-P4500,real_hk_coarse,exists,Electrical,Ignition System,"ignition,system",Hyundai/Kia,P4,37528,combined,full,200,2.22,False,1,combined,"cache,exact_oem,legacy",0.937125,GASKET ASSY - WATERPROOF,Hyundai / KIA,Electrical / Ignition System,0,,0,0,0,false,0,,0,
36546-1XAB0,real_hk_coarse,exists,Electrical,Starter & Charging,"starter,charging",Hyundai/Kia,1X,36546,combined,full,200,2.19,False,1,combined,"cache,exact_oem,legacy",0.937125,"COVER - MOTOR SOUND ABSORPTION,LWR",Hyundai / KIA,Electrical / Starter & Charging,0,,0,0,0,false,0,,0,
77003-AT000,real_hk_unseeded,exists,Unknown,Unknown,,Hyundai/Kia,AT,77003,combined,full,200,0.51,False,0,hk_scope_rejected,,0,,,,0,,0,0,0,false,0,,1,This OEM format looks HK-shaped but the prefix is not in the Hyundai/Kia catalog.
89450-S9530,real_hk_coarse,exists,Safety,Air Bag System,"air,bag,system",Hyundai/Kia,S9,89450,combined,full,200,3.34,False,1,combined,"cache,prefix_inference",0.9975,Piston Ring Kit,Hyundai / KIA, / Piston Ring Kit,0,,0,0,0,false,0,,0,
80610-R5000,real_hk_unseeded,exists,Unknown,Unknown,,Hyundai/Kia,R5,80610,combined,full,200,0.49,False,0,hk_scope_rejected,,0,,,,0,,0,0,0,false,0,,1,This OEM format looks HK-shaped but the prefix is not in the Hyundai/Kia catalog.
31150-P4500,real_hk_coarse,exists,Drivetrain,Front Differential,"front,differential",Hyundai/Kia,P4,31150,combined,full,200,4.3,False,1,combined,"cache,prefix_inference",0.9975,Fuel Tank (Rear),Hyundai / KIA, / Fuel Tank,0,,0,0,0,false,0,,0,
80610-P1500,real_hk_unseeded,exists,Unknown,Unknown,,Kia,P1,80610,combined,full,200,0.44,False,0,hk_scope_rejected,,0,,,,0,,0,0,0,false,0,,1,This OEM format looks HK-shaped but the prefix is not in the Hyundai/Kia catalog.
28113-2S000,real_hk_seeded,exists,Engine,Air Filter,"air,filter",Hyundai,2S,28113,combined,full,200,11.16,False,20,combined,"cache,prefix_inference",0.9975,Air Filter for Hyundai Tucson (2010-2015),Hyundai,Engine / Air Filter,0,,0,0,0,false,0,,0,
82460-R0000,real_hk_seeded,exists,Body,Power Window Motor - Front,"power,window,motor,front",Hyundai/Kia,R0,82460,combined,full,200,12.78,False,1,combined,"cache,prefix_inference",0.9975,"Electric Motor, window regulator",Hyundai / KIA," / Electric Motor, window regulator",0,,0,0,0,false,0,,0,
92401-Q5110,real_hk_seeded,exists,Electrical,Tail Light - Rear Left,"tail,light,rear,left",Hyundai/Kia,Q5,92401,combined,full,200,5.46,False,1,combined,"cache,prefix_inference,exact_oem,legacy",1,REAR COMBINATION LAMP ASSEMBLY,Hyundai / KIA,Electrical / Tail Light Assembly,0,,0,0,0,false,0,,0,
92102-K0620,real_hk_seeded,exists,Electrical,Headlight - Front Right,"headlight,front,right",Hyundai/Kia,K0,92102,combined,full,200,5.42,False,1,combined,"cache,prefix_inference",0.9975,Headlight,Hyundai / KIA,Electrical / Headlight Assembly,0,,0,0,0,false,0,,0,
92101-G5600,real_hk_seeded,exists,Electrical,Headlight - Front Left,"headlight,front,left",Hyundai/Kia,G5,92101,combined,full,200,4.19,False,1,combined,"prefix_inference,cache",0.9975,Headlight (Passenger),Hyundai / KIA,Electrical / Headlight Assembly,0,,0,0,0,false,0,,0,
45910-4G100,real_hk_coarse,exists,Transmission,Manual Transmission,"manual,transmission",Hyundai/Kia,4G,45910,combined,full,200,3.19,False,1,combined,"cache,exact_oem,legacy",0.937125,SPRAG - PARKING,Hyundai / KIA,Transmission / Manual Transmission,0,,0,0,0,false,0,,0,
11547-10251,real_hk_unseeded,exists,Unknown,Unknown,,Hyundai/Kia,10,11547,combined,full,200,0.47,False,0,hk_scope_rejected,,0,,,,0,,0,0,0,false,0,,1,This OEM format looks HK-shaped but the prefix is not in the Hyundai/Kia catalog.
81320-M7120,real_hk_coarse,exists,Body,Weatherstrip & Seal,"weatherstrip,seal",Hyundai/Kia,M7,81320,combined,full,200,3.25,False,1,combined,"prefix_inference,cache",0.9975,Door Lock,Hyundai / KIA, / Door Lock,0,,0,0,0,false,0,,0,
42951-2B010,real_hk_unseeded,exists,Unknown,Unknown,,Hyundai/Kia,2B,42951,combined,full,200,0.49,False,0,hk_scope_rejected,,0,,,,0,,0,0,0,false,0,,1,This OEM format looks HK-shaped but the prefix is not in the Hyundai/Kia catalog.
91856-G5510,real_hk_coarse,exists,Electrical,Wiring Harness,"wiring,harness",Hyundai/Kia,G5,91856,combined,full,200,2.24,False,1,combined,"cache,exact_oem,legacy",0.937125,CABLE - L.D.C POS,Hyundai / KIA,Electrical / Wiring Harness,0,,0,0,0,false,0,,0,
09147-S1000,real_hk_unseeded,exists,Unknown,Unknown,,Hyundai/Kia,S1,09147,combined,full,200,0.64,False,0,hk_scope_rejected,,0,,,,0,,0,0,0,false,0,,1,This OEM format looks HK-shaped but the prefix is not in the Hyundai/Kia catalog.
91686-P4820,real_hk_coarse,exists,Electrical,Wiring Harness,"wiring,harness",Hyundai/Kia,P4,91686,combined,full,200,3.17,False,0,combined,,0,,,,0,,0,0,0,false,0,,0,
87110-P2101,real_hk_coarse,exists,Body,Mouldings & Trim,"mouldings,trim",Hyundai/Kia,P2,87110,combined,full,200,2.18,False,2,combined,"cache,prefix_inference",0.9975,Rear Windscreen,Hyundai / KIA, / Rear Windscreen,0,,0,0,0,false,0,,0,
99246-P1100,real_hk_unseeded,exists,Unknown,Unknown,,Kia,P1,99246,combined,full,200,0.72,False,0,hk_scope_rejected,,0,,,,0,,0,0,0,false,0,,1,This OEM format looks HK-shaped but the prefix is not in the Hyundai/Kia catalog.
65597-P0000,real_hk_coarse,exists,Body,Fender & Side Body,"fender,side,body",Hyundai/Kia,P0,65597,combined,full,200,3.12,False,1,combined,"cache,exact_oem,legacy",0.937125,BRKT ASSY - BATTERY MTG RR,Hyundai / KIA,Body / Fender & Side Body,0,,0,0,0,false,0,,0,
86636-P2010,real_hk_coarse,exists,Body,Mirrors,mirrors,Hyundai/Kia,P2,86636,combined,full,200,2.26,False,2,combined,"cache,prefix_inference",0.9975,"Washer Fluid Jet, headlight cleaning (Front Right)",Hyundai / KIA,Electrical / Headlight Assembly,0,,0,0,0,false,0,,0,
99110-Q5600,real_hk_unseeded,exists,Unknown,Unknown,,Hyundai/Kia,Q5,99110,combined,full,200,0.72,False,0,hk_scope_rejected,,0,,,,0,,0,0,0,false,0,,1,This OEM format looks HK-shaped but the prefix is not in the Hyundai/Kia catalog.
97788-P0000,real_hk_coarse,exists,HVAC,A/C Hose & Pipe,"hose,pipe",Hyundai/Kia,P0,97788,combined,full,200,4.07,False,0,combined,,0,,,,0,,0,0,0,false,0,,0,
91655-AT040,real_hk_coarse,exists,Electrical,Wiring Harness,"wiring,harness",Hyundai/Kia,AT,91655,combined,full,200,2.32,False,1,combined,"cache,exact_oem,legacy",0.937125,WIRING ASSY - TAIL GATE EXTN,Hyundai / KIA,Electrical / Wiring Harness,0,,0,0,0,false,0,,0,
80702-CV500,real_hk_unseeded,exists,Unknown,Unknown,,Hyundai,CV,80702,combined,full,200,0.79,False,0,hk_scope_rejected,,0,,,,0,,0,0,0,false,0,,1,This OEM format looks HK-shaped but the prefix is not in the Hyundai/Kia catalog.
92409-Q5500,real_hk_coarse,exists,Electrical,Tail Light Assembly,"tail,light,assembly",Hyundai/Kia,Q5,92409,combined,full,200,3.09,False,2,combined,"cache,prefix_inference",0.9975,"Charger, charging system (Rear)",Hyundai / KIA," / Charger, charging system",0,,0,0,0,false,0,,0,
65587-R0000,real_hk_coarse,exists,Body,Fender & Side Body,"fender,side,body",Hyundai/Kia,R0,65587,combined,full,200,2.27,False,1,combined,"cache,exact_oem,legacy",0.937125,"BRACKET ASSY - RR SEAT MTG,RH",Hyundai / KIA,Body / Fender & Side Body,0,,0,0,0,false,0,,0,
99211-S9160,real_hk_unseeded,exists,Unknown,Unknown,,Hyundai/Kia,S9,99211,combined,full,200,0.87,False,0,hk_scope_rejected,,0,,,,0,,0,0,0,false,0,,1,This OEM format looks HK-shaped but the prefix is not in the Hyundai/Kia catalog.
45625-4G100,real_hk_coarse,exists,Transmission,Manual Transmission,"manual,transmission",Hyundai/Kia,4G,45625,combined,full,200,2.31,False,1,combined,"cache,exact_oem,legacy",0.86821875,PISTON - LOWER &amp; REVERSE BRAKE,Hyundai / KIA,Transmission / Manual Transmission,0,,0,0,0,false,0,,0,
62470-R0000,real_hk_coarse,exists,Body,Front Structure,"front,structure",Hyundai/Kia,R0,62470,combined,full,200,2.16,False,1,combined,"cache,exact_oem,legacy",0.937125,STAY LH,Hyundai / KIA,Body / Front Structure,0,,0,0,0,false,0,,0,
99140-CV000,real_hk_unseeded,exists,Unknown,Unknown,,Hyundai,CV,99140,combined,full,200,0.82,False,0,hk_scope_rejected,,0,,,,0,,0,0,0,false,0,,1,This OEM format looks HK-shaped but the prefix is not in the Hyundai/Kia catalog.
86671-S9100,real_hk_coarse,exists,Body,Mirrors,mirrors,Hyundai/Kia,S9,86671,combined,full,200,4.14,False,0,combined,,0,,,,0,,0,0,0,false,0,,0,
09501-C9150,real_hk_unseeded,exists,Unknown,Unknown,,Hyundai/Kia,C9,09501,combined,full,200,0.5,False,0,hk_scope_rejected,,0,,,,0,,0,0,0,false,0,,1,This OEM format looks HK-shaped but the prefix is not in the Hyundai/Kia catalog.
25333-P2000,real_hk_coarse,exists,Engine,Fuel Injector,"fuel,injector",Hyundai/Kia,P2,25333,combined,full,200,2.24,False,2,combined,"cache,prefix_inference",0.9975,"Mounting, radiator",Hyundai / KIA,Cooling / Radiator,0,,0,0,0,false,0,,0,
99110-G5600,real_hk_unseeded,exists,Unknown,Unknown,,Hyundai/Kia,G5,99110,combined,full,200,0.77,False,0,hk_scope_rejected,,0,,,,0,,0,0,0,false,0,,1,This OEM format looks HK-shaped but the prefix is not in the Hyundai/Kia catalog.
87110-1G210,real_hk_coarse,exists,Body,Mouldings & Trim,"mouldings,trim",Kia,1G,87110,combined,full,200,2.27,False,2,combined,"cache,prefix_inference",0.9975,Rear Windscreen for Hyundai Accent (2010-2017),Hyundai, / Rear Windscreen,0,,0,0,0,false,0,,0,
11412-10161,real_hk_unseeded,exists,Unknown,Unknown,,Hyundai/Kia,10,11412,combined,full,200,1.05,False,0,hk_scope_rejected,,0,,,,0,,0,0,0,false,0,,1,This OEM format looks HK-shaped but the prefix is not in the Hyundai/Kia catalog.
77003-R5001,real_hk_unseeded,exists,Unknown,Unknown,,Hyundai/Kia,R5,77003,combined,full,200,0.5,False,0,hk_scope_rejected,,0,,,,0,,0,0,0,false,0,,1,This OEM format looks HK-shaped but the prefix is not in the Hyundai/Kia catalog.
47425-2N000,real_hk_coarse,exists,Drivetrain,Transfer Case,"transfer,case",Hyundai/Kia,2N,47425,combined,full,200,2.22,False,1,combined,"cache,exact_oem,legacy",0.937125,O - RING,Hyundai / KIA,Drivetrain / Transfer Case,0,,0,0,0,false,0,,0,
99216-CV000,real_hk_unseeded,exists,Unknown,Unknown,,Hyundai,CV,99216,combined,full,200,0.75,False,0,hk_scope_rejected,,0,,,,0,,0,0,0,false,0,,1,This OEM format looks HK-shaped but the prefix is not in the Hyundai/Kia catalog.
37562-P4000,real_hk_coarse,exists,Electrical,Ignition System,"ignition,system",Hyundai/Kia,P4,37562,combined,full,200,2.12,False,1,combined,"cache,exact_oem,legacy",0.937125,WIRING HARNESS - TEMPERATURE SEN,Hyundai / KIA,Electrical / Ignition System,0,,0,0,0,false,0,,0,
77111-H8000,real_hk_unseeded,exists,Unknown,Unknown,,Kia,H8,77111,combined,full,200,0.75,False,0,hk_scope_rejected,,0,,,,0,,0,0,0,false,0,,1,This OEM format looks HK-shaped but the prefix is not in the Hyundai/Kia catalog.
36115-3C240,real_hk_coarse,exists,Electrical,Starter Motor,"starter,motor",Hyundai/Kia,3C,36115,combined,full,200,3.13,False,1,combined,"cache,exact_oem,legacy",0.937125,PACKING,Hyundai / KIA,Electrical / Starter Motor,0,,0,0,0,false,0,,0,
35310-2T000,real_hk_coarse,exists,Drivetrain,Drive Shaft / CV Joint,"drive,shaft,joint",Kia,2T,35310,combined,full,200,3.16,False,2,combined,"cache,prefix_inference",0.9975,Injector for Kia Optima (2010-2015),Kia, / Injector,0,,0,0,0,false,0,,0,
46780-2K700,real_hk_coarse,exists,Transmission,Auto Transmission Control,"auto,transmission,control",Hyundai/Kia,2K,46780,combined,full,200,2.26,False,1,combined,"cache,exact_oem,legacy",0.937125,SWITCH HOUSING ASSY,Hyundai / KIA,Transmission / Auto Transmission Control,0,,0,0,0,false,0,,0,
24322-2T000,real_hk_coarse,exists,Engine,Intake & Exhaust Manifold,"intake,exhaust,manifold",Kia,2T,24322,combined,full,200,2.36,False,2,combined,"cache,prefix_inference",0.9975,"Chain, oil pump drive for Kia Optima (2010-2015)",Kia," / Chain, oil pump drive",0,,0,0,0,false,0,,0,
86370-Q5500,real_hk_coarse,exists,Body,Mirrors,mirrors,Hyundai/Kia,Q5,86370,combined,full,200,2.19,False,1,combined,"cache,exact_oem,legacy",0.937125,GARNISH - RADIATOR GRILLE,Hyundai / KIA,Body / Mirrors,0,,0,0,0,false,0,,0,
97122-N9000,real_hk_coarse,exists,HVAC,Compressor A/C,compressor,Hyundai,N9,97122,combined,full,200,2.19,False,1,combined,"cache,exact_oem,legacy",0.937125,DOOR ASSY - INTAKE,Hyundai / KIA,HVAC / Compressor A/C,0,,0,0,0,false,0,,0,
86111-Q5AX0,real_hk_coarse,exists,Body,Mirrors,mirrors,Hyundai/Kia,Q5,86111,combined,full,200,3.22,False,1,combined,"cache,prefix_inference",0.9975,Windscreen,Hyundai / KIA, / Windscreen,0,,0,0,0,false,0,,0,
91501-R5130,real_hk_coarse,exists,Electrical,Wiring Harness,"wiring,harness",Hyundai/Kia,R5,91501,combined,full,200,3.16,False,0,combined,,0,,,,0,,0,0,0,false,0,,0,
88350-P1090,real_hk_coarse,exists,Interior,Instrument Panel / Dashboard,"instrument,panel,dashboard",Kia,P1,88350,combined,full,200,3.21,False,0,combined,,0,,,,0,,0,0,0,false,0,,0,
58110-AO000,real_hk_coarse,exists,Brakes,Front Brake Pad / Disc,"front,brake,pad,disc",Hyundai/Kia,AO,58110,combined,full,200,3.22,False,1,combined,"prefix_inference,cache",0.9975,Brake Caliper,Hyundai / KIA, / Brake Caliper,0,,0,0,0,false,0,,0,
88600-R5545,real_hk_coarse,exists,Interior,Instrument Panel / Dashboard,"instrument,panel,dashboard",Hyundai/Kia,R5,88600,combined,full,200,4.22,False,1,combined,"prefix_inference,cache",0.8925,Rear Seat Belt Assembly,Hyundai / KIA,Interior / Seat Belt - Rear,0,,0,0,0,false,0,,0,
91570-R0510,real_hk_coarse,exists,Electrical,Wiring Harness,"wiring,harness",Hyundai/Kia,R0,91570,combined,full,200,4.08,False,0,combined,,0,,,,0,,0,0,0,false,0,,0,
96125-CV000,real_hk_coarse,exists,Electrical,Battery,battery,Hyundai,CV,96125,combined,full,200,2.17,False,1,combined,"cache,exact_oem,legacy",0.937125,CHARGER ASSY - USB,Hyundai / KIA,Electrical / Battery,0,,0,0,0,false,0,,0,
91861-K0520,real_hk_coarse,exists,Electrical,Wiring Harness,"wiring,harness",Hyundai/Kia,K0,91861,combined,full,200,4.13,False,1,combined,"cache,prefix_inference",0.9975,Air Filter,Hyundai / KIA,Engine / Air Filter,0,,0,0,0,false,0,,0,
72800-R5300,real_hk_coarse,exists,Body,Front Door,"front,door",Hyundai/Kia,R5,72800,combined,full,200,3.26,False,0,combined,,0,,,,0,,0,0,0,false,0,,0,
47362-4G100,real_hk_coarse,exists,Drivetrain,Transfer Case,"transfer,case",Hyundai/Kia,4G,47362,combined,full,200,3.25,False,1,combined,"cache,exact_oem,legacy",0.937125,BEARING,Hyundai / KIA,Drivetrain / Transfer Case,0,,0,0,0,false,0,,0,
25451-Q4720,real_hk_coarse,exists,Engine,Fuel System,"fuel,system",Hyundai/Kia,Q4,25451,combined,full,200,2.26,False,1,combined,"cache,exact_oem,legacy",0.937125,HOSE - RADIATOR TO RESERVOIR,Hyundai / KIA,Engine / Fuel System,0,,0,0,0,false,0,,0,
43209-2N321,real_hk_coarse,exists,Transmission,Automatic Transmission,"automatic,transmission",Hyundai/Kia,2N,43209,combined,full,200,2.2,False,1,combined,"cache,legacy,exact_oem",0.937125,SPACER,Hyundai / KIA,Transmission / Automatic Transmission,0,,0,0,0,false,0,,0,
91971-F9300,real_hk_coarse,exists,Electrical,Wiring Harness,"wiring,harness",Hyundai/Kia,F9,91971,combined,full,200,2.22,False,1,combined,"cache,exact_oem,legacy",0.937125,"PROTECTOR - MULTI BOX,LH",Hyundai / KIA,Electrical / Wiring Harness,0,,0,0,0,false,0,,0,
91981-H2010,real_hk_coarse,exists,Electrical,Wiring Harness,"wiring,harness",Hyundai/Kia,H2,91981,combined,full,200,2.22,False,1,combined,"cache,exact_oem,legacy",0.937125,GROMMET,Hyundai / KIA,Electrical / Wiring Harness,0,,0,0,0,false,0,,0,
71560-P2100,real_hk_coarse,exists,Body,Bumper,bumper,Hyundai/Kia,P2,71560,combined,full,200,3.23,False,1,combined,"cache,exact_oem,legacy",0.937125,EXTENSION ASSY - QTR OTR RR RH,Hyundai / KIA,Body / Bumper,0,,0,0,0,false,0,,0,
86821-Q5000,real_hk_coarse,exists,Body,Mirrors,mirrors,Hyundai/Kia,Q5,86821,combined,full,200,2.29,False,2,combined,"cache,prefix_inference",0.9975,"Panelling, mudguard",Hyundai / KIA," / Panelling, mudguard",0,,0,0,0,false,0,,0,
09474-4E200,real_hk_unseeded,exists,Unknown,Unknown,,Hyundai/Kia,4E,09474,combined,full,200,0.73,False,0,hk_scope_rejected,,0,,,,0,,0,0,0,false,0,,1,This OEM format looks HK-shaped but the prefix is not in the Hyundai/Kia catalog.
86390-DWEA0,real_hk_coarse,exists,Body,Mirrors,mirrors,Hyundai/Kia,DW,86390,combined,full,200,3.23,False,0,combined,,0,,,,0,,0,0,0,false,0,,0,
91115-G5410,real_hk_coarse,exists,Electrical,Wiring Harness,"wiring,harness",Hyundai/Kia,G5,91115,combined,full,200,4.22,False,0,combined,,0,,,,0,,0,0,0,false,0,,0,
25120-2CTA0,real_hk_coarse,exists,Engine,Fuel Pump,"fuel,pump",Hyundai/Kia,2C,25120,combined,full,200,3.13,False,2,combined,"cache,prefix_inference",0.9975,Fuel filter,Hyundai / KIA,Engine / Fuel Filter,0,,0,0,0,false,0,,0,
25451-47200,real_hk_coarse,exists,Engine,Fuel System,"fuel,system",Hyundai/Kia,47,25451,combined,full,200,3.17,False,0,combined,,0,,,,0,,0,0,0,false,0,,0,
83654-R0100,real_hk_coarse,exists,Body,Sunroof,sunroof,Hyundai/Kia,R0,83654,combined,full,200,3.16,False,1,combined,"cache,exact_oem,legacy",0.937125,"PAD - DOOR OUTSIDE HANDLE,LH",Hyundai / KIA,Body / Sunroof,0,,0,0,0,false,0,,0,
45501-4G130,real_hk_coarse,exists,Transmission,Manual Transmission,"manual,transmission",Hyundai/Kia,4G,45501,combined,full,200,3.2,False,2,combined,"cache,prefix_inference",0.9975,Steering Linkage,Hyundai / KIA, / Steering Linkage,0,,0,0,0,false,0,,0,
81560-L2000,real_hk_coarse,exists,Body,Weatherstrip & Seal,"weatherstrip,seal",Kia,L2,81560,combined,full,200,2.25,False,2,combined,"cache,prefix_inference",0.9975,Combination Rearlight for Kia K5 (2020+),Kia, / Combination Rearlight,0,,0,0,0,false,0,,0,
91931-R0010,real_hk_coarse,exists,Electrical,Wiring Harness,"wiring,harness",Hyundai/Kia,R0,91931,combined,full,200,2.17,False,2,combined,"cache,exact_oem,legacy",1,BRKT - WIRING MTG,Hyundai / KIA,Electrical / Wiring Harness,0,,0,0,0,false,0,,0,
55262-AR000,real_hk_coarse,exists,Suspension,Rear Suspension,"rear,suspension",Hyundai/Kia,AR,55262,combined,full,200,2.22,False,1,combined,"cache,exact_oem,legacy",0.937125,PLATE(B),Hyundai / KIA,Suspension / Rear Suspension,0,,0,0,0,false,0,,0,
32450-2S098,real_hk_coarse,exists,Drivetrain,Front Drive Shaft,"front,drive,shaft",Hyundai,2S,32450,combined,full,200,3.15,False,1,combined,"cache,prefix_inference",0.8925,Ignition Switch Key for Hyundai Tucson (2010-2015),Hyundai,Engine / Ignition Switch,0,,0,0,0,false,0,,0,
97107-L1000,real_hk_coarse,exists,HVAC,Compressor A/C,compressor,Hyundai,L1,97107,combined,full,200,2.18,False,1,combined,"cache,exact_oem,legacy",0.937125,COVER - DUST,Hyundai / KIA,HVAC / Compressor A/C,0,,0,0,0,false,0,,0,
39363-2M480,real_hk_coarse,exists,Electrical,Sensors & Control,"sensors,control",Hyundai/Kia,2M,39363,combined,full,200,3.16,False,1,combined,"cache,exact_oem,legacy",0.937125,HOSE - DIFF PRESSURE C,Hyundai / KIA,Electrical / Sensors & Control,0,,0,0,0,false,0,,0,
46356-2F600,real_hk_coarse,exists,Transmission,Auto Transmission Control,"auto,transmission,control",Hyundai/Kia,2F,46356,combined,full,200,3.11,False,2,combined,"exact_oem,legacy",0.7875,SPRING - COIL,Hyundai / KIA,Transmission / Auto Transmission Control,0,,0,0,0,false,0,,0,
21772-J5100,real_hk_coarse,exists,Engine,Engine Block & Internals,"engine,block,internals",Hyundai/Kia,J5,21772,combined,full,200,2.32,False,1,combined,"cache,exact_oem,legacy",0.937125,INSULATOR - RR,Hyundai / KIA,Engine / Engine Block & Internals,0,,0,0,0,false,0,,0,
21950-N9110,real_hk_coarse,exists,Engine,Engine Block & Internals,"engine,block,internals",Hyundai,N9,21950,combined,full,200,2.21,False,2,combined,"cache,prefix_inference",0.9975,Engine Mounting for Hyundai Tucson (2020+),Hyundai, / Engine Mounting,0,,0,0,0,false,0,,0,
91445-K0050,real_hk_coarse,exists,Electrical,Wiring Harness,"wiring,harness",Hyundai/Kia,K0,91445,combined,full,200,4.1,False,0,combined,,0,,,,0,,0,0,0,false,0,,0,
39110-3N506,real_hk_coarse,exists,Electrical,Sensors & Control,"sensors,control",Hyundai/Kia,3N,39110,combined,full,200,4.17,False,0,combined,,0,,,,0,,0,0,0,false,0,,0,
82420-P1010,real_hk_coarse,exists,Body,Glass / Windshield,"glass,windshield",Kia,P1,82420,combined,full,200,2.15,False,2,combined,"cache,prefix_inference",0.9975,Side Window (Front Right) for Kia Sportage (2021+),Kia, / Side Window,0,,0,0,0,false,0,,0,
91956-R5121,real_hk_coarse,exists,Electrical,Wiring Harness,"wiring,harness",Hyundai/Kia,R5,91956,combined,full,200,3.16,False,0,combined,,0,,,,0,,0,0,0,false,0,,0,
91921-H9300,real_hk_coarse,exists,Electrical,Wiring Harness,"wiring,harness",Hyundai/Kia,H9,91921,combined,full,200,2.29,False,2,combined,"cache,prefix_inference",0.9975,"Sensor, wheel speed",Hyundai / KIA," / Sensor, wheel speed",0,,0,0,0,false,0,,0,
86822-M7500,real_hk_coarse,exists,Body,Mirrors,mirrors,Hyundai/Kia,M7,86822,combined,full,200,3.25,False,1,combined,"prefix_inference,cache",0.9975,"Panelling, mudguard (Rear)",Hyundai / KIA," / Panelling, mudguard",0,,0,0,0,false,0,,0,
66910-P2000,real_hk_coarse,exists,Body,Rear Body / Trunk,"rear,body,trunk",Hyundai/Kia,P2,66910,combined,full,200,2.17,False,1,combined,"cache,exact_oem,legacy",0.937125,HINGEASSY - HOODLH,Hyundai / KIA,Body / Rear Body / Trunk,1,Mobis:66910P2000,0,0,0,false,0,,0,
89551-S9710,real_hk_coarse,exists,Safety,Air Bag System,"air,bag,system",Hyundai/Kia,S9,89551,combined,full,200,4.02,False,1,combined,"cache,prefix_inference",0.9975,Piston Ring Kit,Hyundai / KIA, / Piston Ring Kit,0,,0,0,0,false,0,,0,
97133-D3000,real_hk_seeded,exists,HVAC,Cabin Air Filter,"cabin,air,filter",Hyundai,D3,97133,combined,full,200,11.16,False,20,combined,"cache,prefix_inference",0.9975,"Filter, interior air for Hyundai Tucson (2015-2020)",Hyundai,HVAC / Cabin Air Filter,0,,0,0,0,false,0,,0,
58302-K0A00,real_hk_seeded,exists,Brakes,Brake Pad Set - Rear,"brake,pad,set,rear",Hyundai/Kia,K0,58302,combined,full,200,12.1,False,4,combined,"cache,prefix_inference",0.9975,"Brake Pad Set, disc brake",Hyundai / KIA,Brakes / Brake Pad Set,0,,0,0,0,false,2,:;:,0,
25310-Q5550,real_hk_seeded,exists,Cooling,Radiator,radiator,Hyundai/Kia,Q5,25310,combined,full,200,4.27,False,1,combined,"cache,prefix_inference,exact_oem,legacy",1,RADIATOR ASSEMBLY,Hyundai / KIA,Engine / Fuel Injector,0,,0,0,0,false,0,,0,
54650-AT100,real_hk_seeded,exists,Suspension,Shock Absorber - Front,"shock,absorber,front",Hyundai/Kia,AT,54650,combined,full,200,3.41,False,1,combined,"cache,prefix_inference",0.9975,Shock Absorber,Hyundai / KIA,Suspension / Shock Absorber / Strut,0,,0,0,0,false,0,,0,
51712-G9200,real_hk_seeded,exists,Brakes,Brake Disc - Front,"brake,disc,front",Genesis,G9,51712,combined,full,200,2.41,False,2,combined,"cache,prefix_inference",0.9975,Brake Disc for Genesis G80 (2020+),Genesis,Brakes / Brake Disc,0,,0,0,0,false,0,,0,
55405-CV000,real_hk_coarse,exists,Suspension,Rear Suspension,"rear,suspension",Hyundai,CV,55405,combined,full,200,3.18,False,1,combined,"cache,exact_oem,legacy",0.937125,CROSSMEMBER - RR,Hyundai / KIA,Suspension / Rear Suspension,0,,0,0,0,false,0,,0,
99210-L3000,real_hk_unseeded,exists,Unknown,Unknown,,Hyundai/Kia,L3,99210,combined,full,200,0.55,False,0,hk_scope_rejected,,0,,,,0,,0,0,0,false,0,,1,This OEM format looks HK-shaped but the prefix is not in the Hyundai/Kia catalog.
55138-R0000,real_hk_coarse,exists,Suspension,Rear Suspension,"rear,suspension",Hyundai/Kia,R0,55138,combined,full,200,2.35,False,2,combined,"cache,prefix_inference",0.9975,Control Arm-/Trailing Arm Bush,Hyundai / KIA, / Control Arm-/Trailing Arm Bush,0,,0,0,0,false,0,,0,
09147-AR000,real_hk_unseeded,exists,Unknown,Unknown,,Hyundai/Kia,AR,09147,combined,full,200,0.58,False,0,hk_scope_rejected,,0,,,,0,,0,0,0,false,0,,1,This OEM format looks HK-shaped but the prefix is not in the Hyundai/Kia catalog.
28245-2S300,real_hk_coarse,exists,Cooling,Thermostat & Housing,"thermostat,housing",Hyundai,2S,28245,combined,full,200,2.22,False,1,combined,"cache,exact_oem,legacy",0.937125,PIPE ASSY - OIL DRAIN,Hyundai / KIA,Cooling / Thermostat & Housing,0,,0,0,0,false,0,,0,
05203-L3750,real_hk_unseeded,exists,Unknown,Unknown,,Hyundai/Kia,L3,05203,combined,full,200,0.53,False,0,hk_scope_rejected,,0,,,,0,,0,0,0,false,0,,1,This OEM format looks HK-shaped but the prefix is not in the Hyundai/Kia catalog.
82471-R5010,real_hk_coarse,exists,Body,Glass / Windshield,"glass,windshield",Hyundai/Kia,R5,82471,combined,full,200,3.18,False,1,combined,"cache,prefix_inference",0.9975,Window Regulator (Front Right),Hyundai / KIA, / Window Regulator,0,,0,0,0,false,0,,0,
77990-R5000,real_hk_unseeded,exists,Unknown,Unknown,,Hyundai/Kia,R5,77990,combined,full,200,0.51,False,0,hk_scope_rejected,,0,,,,0,,0,0,0,false,0,,1,This OEM format looks HK-shaped but the prefix is not in the Hyundai/Kia catalog.
45806-4G120,real_hk_coarse,exists,Transmission,Manual Transmission,"manual,transmission",Hyundai/Kia,4G,45806,combined,full,200,2.2,False,1,combined,"cache,exact_oem,legacy",0.937125,BEARING - THRUST,Hyundai / KIA,Transmission / Manual Transmission,0,,0,0,0,false,0,,0,
77522-K0000,real_hk_unseeded,exists,Unknown,Unknown,,Hyundai/Kia,K0,77522,combined,full,200,0.47,False,0,hk_scope_rejected,,0,,,,0,,0,0,0,false,0,,1,This OEM format looks HK-shaped but the prefix is not in the Hyundai/Kia catalog.
83471-DW000,real_hk_coarse,exists,Body,Sunroof,sunroof,Hyundai/Kia,DW,83471,combined,full,200,3.28,False,1,combined,"cache,prefix_inference",0.9975,Window Regulator,Hyundai / KIA, / Window Regulator,0,,0,0,0,false,0,,0,
67111-H9200,real_hk_coarse,exists,Body,Floor & Underbody,"floor,underbody",Hyundai/Kia,H9,67111,combined,full,200,3.23,False,2,combined,"exact_oem,legacy",0.7875,PANEL - ROOF,Hyundai / KIA,Body / Floor & Underbody,0,,0,0,0,false,0,,0,
59795-CW150,real_hk_coarse,exists,Brakes,ABS / ESC,"abs,esc",Hyundai/Kia,CW,59795,combined,full,200,4.18,False,1,combined,"prefix_inference,cache",0.9975,"Sensor, wheel speed",Hyundai / KIA," / Sensor, wheel speed",0,,0,0,0,false,0,,0,
95480-G5091,real_hk_coarse,exists,Electrical,Sensors & Modules,"sensors,modules",Hyundai/Kia,G5,95480,combined,full,200,5.09,False,1,combined,"cache,prefix_inference",0.9975,Headlight,Hyundai / KIA,Electrical / Headlight Assembly,0,,0,0,0,false,0,,0,
86510-CV280,real_hk_coarse,exists,Body,Mirrors,mirrors,Hyundai,CV,86510,combined,full,200,2.22,False,2,combined,"cache,prefix_inference",0.9975,Bumper for Hyundai Staria (2021+),Hyundai, / Bumper,0,,0,0,0,false,0,,0,
99130-S9050,real_hk_unseeded,exists,Unknown,Unknown,,Hyundai/Kia,S9,99130,combined,full,200,0.53,False,0,hk_scope_rejected,,0,,,,0,,0,0,0,false,0,,1,This OEM format looks HK-shaped but the prefix is not in the Hyundai/Kia catalog.
36569-1XAB0,real_hk_coarse,exists,Electrical,Starter & Charging,"starter,charging",Hyundai/Kia,1X,36569,combined,full,200,2.22,False,1,combined,"cache,exact_oem,legacy",0.937125,STATOR ASSY - RSV,Hyundai / KIA,Electrical / Starter & Charging,0,,0,0,0,false,0,,0,
09130-CV200,real_hk_unseeded,exists,Unknown,Unknown,,Hyundai,CV,09130,combined,full,200,0.51,False,0,hk_scope_rejected,,0,,,,0,,0,0,0,false,0,,1,This OEM format looks HK-shaped but the prefix is not in the Hyundai/Kia catalog.
31355-N9001,real_hk_coarse,exists,Drivetrain,Front Differential,"front,differential",Hyundai,N9,31355,combined,full,200,3.23,False,0,combined,,0,,,,0,,0,0,0,false,0,,0,
80610-CV500,real_hk_unseeded,exists,Unknown,Unknown,,Hyundai,CV,80610,combined,full,200,0.77,False,0,hk_scope_rejected,,0,,,,0,,0,0,0,false,0,,1,This OEM format looks HK-shaped but the prefix is not in the Hyundai/Kia catalog.
86310-H9AA0,real_hk_coarse,exists,Body,Mirrors,mirrors,Hyundai/Kia,H9,86310,combined,full,200,2.19,False,2,combined,"cache,prefix_inference",0.9975,Emblem,Hyundai / KIA, / Emblem,0,,0,0,0,false,0,,0,
99230-S9500,real_hk_unseeded,exists,Unknown,Unknown,,Hyundai/Kia,S9,99230,combined,full,200,0.86,False,0,hk_scope_rejected,,0,,,,0,,0,0,0,false,0,,1,This OEM format looks HK-shaped but the prefix is not in the Hyundai/Kia catalog.
97130-CV000,real_hk_coarse,exists,HVAC,Compressor A/C,compressor,Hyundai,CV,97130,combined,full,200,2.33,False,1,combined,"cache,exact_oem,legacy",0.937125,CONDENSER,Hyundai / KIA,HVAC / Compressor A/C,0,,0,0,0,false,0,,0,
88410-J5730,real_hk_coarse,exists,Interior,Instrument Panel / Dashboard,"instrument,panel,dashboard",Hyundai/Kia,J5,88410,combined,full,200,3.16,False,1,combined,"cache,prefix_inference",0.9975,"Compressor, air conditioning",Hyundai / KIA," / Compressor, air conditioning",0,,0,0,0,false,0,,0,
09474-4E500,real_hk_unseeded,exists,Unknown,Unknown,,Hyundai/Kia,4E,09474,combined,full,200,0.47,False,0,hk_scope_rejected,,0,,,,0,,0,0,0,false,0,,1,This OEM format looks HK-shaped but the prefix is not in the Hyundai/Kia catalog.
88600-M7170,real_hk_coarse,exists,Interior,Instrument Panel / Dashboard,"instrument,panel,dashboard",Hyundai/Kia,M7,88600,combined,full,200,4.1,False,1,combined,"prefix_inference,cache",0.8925,Rear Seat Belt Assembly,Hyundai / KIA,Interior / Seat Belt - Rear,0,,0,0,0,false,0,,0,
12452-05163,real_hk_unseeded,exists,Unknown,Unknown,,Hyundai/Kia,05,12452,combined,full,200,0.97,False,0,hk_scope_rejected,,0,,,,0,,0,0,0,false,0,,1,This OEM format looks HK-shaped but the prefix is not in the Hyundai/Kia catalog.
87711-R5000,real_hk_coarse,exists,Body,Mouldings & Trim,"mouldings,trim",Hyundai/Kia,R5,87711,combined,full,200,4.2,False,1,combined,"prefix_inference,cache",0.9975,"Trim/Protective Strip, wing",Hyundai / KIA," / Trim/Protective Strip, wing",0,,0,0,0,false,0,,0,
05203-AT200,real_hk_unseeded,exists,Unknown,Unknown,,Hyundai/Kia,AT,05203,combined,full,200,0.75,False,0,hk_scope_rejected,,0,,,,0,,0,0,0,false,0,,1,This OEM format looks HK-shaped but the prefix is not in the Hyundai/Kia catalog.
91822-S9220,real_hk_coarse,exists,Electrical,Wiring Harness,"wiring,harness",Hyundai/Kia,S9,91822,combined,full,200,4.17,False,0,combined,,0,,,,0,,0,0,0,false,0,,0,
99155-J5000,real_hk_unseeded,exists,Unknown,Unknown,,Hyundai/Kia,J5,99155,combined,full,200,1.05,False,0,hk_scope_rejected,,0,,,,0,,0,0,0,false,0,,1,This OEM format looks HK-shaped but the prefix is not in the Hyundai/Kia catalog.
65720-S9050,real_hk_coarse,exists,Body,Fender & Side Body,"fender,side,body",Hyundai/Kia,S9,65720,combined,full,200,2.24,False,1,combined,"cache,exact_oem,legacy",0.937125,"MEMBER ASSY - REAR FLOOR SIDE,RH",Hyundai / KIA,Body / Fender & Side Body,0,,0,0,0,false,0,,0,
97761-Q5510,real_hk_coarse,exists,HVAC,A/C Hose & Pipe,"hose,pipe",Hyundai/Kia,Q5,97761,combined,full,200,3.21,False,1,combined,"cache,exact_oem,legacy",0.937125,PIPE &amp; TUBE ASSY,Hyundai / KIA,HVAC / A/C Hose & Pipe,0,,0,0,0,false,0,,0,
37562-K4030,real_hk_coarse,exists,Electrical,Ignition System,"ignition,system",Hyundai/Kia,K4,37562,combined,full,200,2.27,False,1,combined,"cache,exact_oem,legacy",0.937125,WIRING HARNESS - VOLT &amp; TEMP SEN,Hyundai / KIA,Electrical / Ignition System,0,,0,0,0,false,0,,0,
86531-DWEB0,real_hk_coarse,exists,Body,Mirrors,mirrors,Hyundai/Kia,DW,86531,combined,full,200,4.18,False,1,combined,"cache,prefix_inference",0.9975,"Support, bumper",Hyundai / KIA," / Support, bumper",0,,0,0,0,false,0,,0,
91110-L3050,real_hk_coarse,exists,Electrical,Wiring Harness,"wiring,harness",Hyundai/Kia,L3,91110,combined,full,200,5.14,False,0,combined,,0,,,,0,,0,0,0,false,0,,0,
91510-M7802,real_hk_coarse,exists,Electrical,Wiring Harness,"wiring,harness",Hyundai/Kia,M7,91510,combined,full,200,3.24,False,0,combined,,0,,,,0,,0,0,0,false,0,,0,
45808-4G130,real_hk_coarse,exists,Transmission,Manual Transmission,"manual,transmission",Hyundai/Kia,4G,45808,combined,full,200,2.21,False,1,combined,"cache,exact_oem,legacy",0.937125,RACE - THRUST,Hyundai / KIA,Transmission / Manual Transmission,0,,0,0,0,false,0,,0,
45835-3B466,real_hk_coarse,exists,Transmission,Manual Transmission,"manual,transmission",Hyundai/Kia,3B,45835,combined,full,200,2.19,False,1,combined,"cache,exact_oem,legacy",0.937125,SPACER,Hyundai / KIA,Transmission / Manual Transmission,0,,0,0,0,false,0,,0,
88551-R5510,real_hk_coarse,exists,Interior,Instrument Panel / Dashboard,"instrument,panel,dashboard",Hyundai/Kia,R5,88551,combined,full,200,4.2,False,0,combined,,0,,,,0,,0,0,0,false,0,,0,
24460-2T000,real_hk_coarse,exists,Engine,Intake & Exhaust Manifold,"intake,exhaust,manifold",Kia,2T,24460,combined,full,200,2.62,False,1,combined,"cache,exact_oem,legacy",0.937125,TENSIONER ASSY - OIL PUMP CHAIN,Hyundai / KIA,Engine / Intake & Exhaust Manifold,0,,0,0,0,false,0,,0,
31471-2F001,real_hk_coarse,exists,Drivetrain,Front Differential,"front,differential",Hyundai/Kia,2F,31471,combined,full,200,3.26,False,2,combined,"cache,prefix_inference",0.9975,"Hose, fuel overflow",Hyundai / KIA," / Hose, fuel overflow",0,,0,0,0,false,0,,0,
58722-L0000,real_hk_coarse,exists,Brakes,Brakes,brakes,Hyundai/Kia,L0,58722,combined,full,200,3.2,False,0,combined,,0,,,,0,,0,0,0,false,0,,0,
96175-Q5CA0,real_hk_coarse,exists,Electrical,Battery,battery,Hyundai/Kia,Q5,96175,combined,full,200,3.58,False,0,combined,,0,,,,0,,0,0,0,false,0,,0,
55410-AO000,real_hk_coarse,exists,Suspension,Rear Suspension,"rear,suspension",Hyundai/Kia,AO,55410,combined,full,200,3.17,False,1,combined,"prefix_inference,cache",0.9975,Axle Beam,Hyundai / KIA, / Axle Beam,0,,0,0,0,false,0,,0,
82420-Q5110,real_hk_coarse,exists,Body,Glass / Windshield,"glass,windshield",Hyundai/Kia,Q5,82420,combined,full,200,2.25,False,2,combined,"cache,prefix_inference",0.9975,Side Window,Hyundai / KIA, / Side Window,0,,0,0,0,false,0,,0,
64501-R0000,real_hk_coarse,exists,Body,Front Body / Hood,"front,body,hood",Hyundai/Kia,R0,64501,combined,full,200,3.24,False,1,combined,"cache,exact_oem,legacy",0.937125,"PANEL ASSY - FNDR APRON,LH",Hyundai / KIA,Body / Front Body / Hood,0,,0,0,0,false,0,,0,
28140-Q5500,real_hk_coarse,exists,Cooling,Radiator,radiator,Hyundai/Kia,Q5,28140,combined,full,200,4.21,False,1,combined,"cache,prefix_inference",0.9975,"Holder, carbon brushes (Rear)",Hyundai / KIA," / Holder, carbon brushes",0,,0,0,0,false,0,,0,
58753-D2100,real_hk_coarse,exists,Brakes,Brakes,brakes,Hyundai/Kia,D2,58753,combined,full,200,3.02,False,1,combined,"cache,exact_oem,legacy",0.937125,CLIP,Hyundai / KIA,Brakes / Brakes,0,,0,0,0,false,0,,0,
91958-CV210,real_hk_coarse,exists,Electrical,Wiring Harness,"wiring,harness",Hyundai,CV,91958,combined,full,200,3.22,False,1,combined,"cache,exact_oem,legacy",0.937125,JUNCTION BOX ASSY - HIGH VOLTAGE,Hyundai / KIA,Electrical / Wiring Harness,0,,0,0,0,false,0,,0,
62471-R0000,real_hk_coarse,exists,Body,Front Structure,"front,structure",Hyundai/Kia,R0,62471,combined,full,200,2.3,False,1,combined,"cache,exact_oem,legacy",0.937125,STAY RH,Hyundai / KIA,Body / Front Structure,0,,0,0,0,false,0,,0,
81679-CV000,real_hk_coarse,exists,Body,Weatherstrip & Seal,"weatherstrip,seal",Hyundai,CV,81679,combined,full,200,3.13,False,1,combined,"cache,exact_oem,legacy",0.937125,MOTOR ASSY - P/ROOF(ROLLER),Hyundai / KIA,Body / Weatherstrip & Seal,0,,0,0,0,false,0,,0,
56521-N9000,real_hk_coarse,exists,Suspension,Steering Column & Gear,"steering,column,gear",Hyundai,N9,56521,combined,full,200,2.27,False,2,combined,"cache,prefix_inference",0.9975,"Bearing, steering gear for Hyundai Tucson (2020+)",Hyundai," / Bearing, steering gear",0,,0,0,0,false,0,,0,
87370-CH210,real_hk_coarse,exists,Body,Mouldings & Trim,"mouldings,trim",Hyundai/Kia,CH,87370,combined,full,200,4.17,False,0,combined,,0,,,,0,,0,0,0,false,0,,0,
88600-A9730,real_hk_coarse,exists,Interior,Instrument Panel / Dashboard,"instrument,panel,dashboard",Kia,A9,88600,combined,full,200,3.15,False,1,combined,"cache,prefix_inference",0.8925,Rear Seat Belt Assembly for Kia Carnival (2014-2020),Kia,Interior / Seat Belt - Rear,0,,0,0,0,false,0,,0,
88299-J5000,real_hk_coarse,exists,Interior,Instrument Panel / Dashboard,"instrument,panel,dashboard",Hyundai/Kia,J5,88299,combined,full,200,4.18,False,0,combined,,0,,,,0,,0,0,0,false,0,,0,
91615-M7830,real_hk_coarse,exists,Electrical,Wiring Harness,"wiring,harness",Hyundai/Kia,M7,91615,combined,full,200,3.26,False,0,combined,,0,,,,0,,0,0,0,false,0,,0,
56370-AT000,real_hk_coarse,exists,Suspension,Tie Rod,"tie,rod",Hyundai/Kia,AT,56370,combined,full,200,3.48,False,2,combined,"cache,prefix_inference",0.9975,"Joint, steering column",Hyundai / KIA," / Joint, steering column",0,,0,0,0,false,0,,0,
58244-AA310,real_hk_coarse,exists,Brakes,Front Brake Caliper,"front,brake,caliper",Hyundai/Kia,AA,58244,combined,full,200,2.25,False,2,combined,"exact_oem,legacy",0.7875,SPRING - PAD (B),Hyundai / KIA,Brakes / Front Brake Caliper,0,,0,0,0,false,0,,0,
25451-G2120,real_hk_coarse,exists,Engine,Fuel System,"fuel,system",Hyundai/Kia,G2,25451,combined,full,200,2.28,False,1,combined,"cache,exact_oem,legacy",0.937125,HOSE - WATER,Hyundai / KIA,Engine / Fuel System,0,,0,0,0,false,0,,0,
86300-P2000,real_hk_coarse,exists,Body,Mirrors,mirrors,Hyundai/Kia,P2,86300,combined,full,200,2.28,False,2,combined,"cache,prefix_inference",0.9975,Emblem,Hyundai / KIA, / Emblem,0,,0,0,0,false,0,,0,
58737-J5200,real_hk_coarse,exists,Brakes,Brakes,brakes,Hyundai/Kia,J5,58737,combined,full,200,2.24,False,2,combined,"cache,prefix_inference",0.9975,Brake Hose,Hyundai / KIA, / Brake Hose,0,,0,0,0,false,0,,0,
91811-R0400,real_hk_coarse,exists,Electrical,Wiring Harness,"wiring,harness",Hyundai/Kia,R0,91811,combined,full,200,4.2,False,0,combined,,0,,,,0,,0,0,0,false,0,,0,
49501-M7450,real_hk_coarse,exists,Drivetrain,Transfer Case / 4WD,"transfer,case,4wd",Hyundai/Kia,M7,49501,combined,full,200,3.26,False,1,combined,"cache,prefix_inference",0.9975,Drive Shaft,Hyundai / KIA, / Drive Shaft,0,,0,0,0,false,0,,0,
84126-P1000,real_hk_coarse,exists,Interior,Interior Trim,"interior,trim",Kia,P1,84126,combined,full,200,3.3,False,2,combined,"cache,prefix_inference",0.9975,Sticker for Kia Sportage (2021+),Kia, / Sticker,0,,0,0,0,false,0,,0,
65518-N9000,real_hk_coarse,exists,Body,Fender & Side Body,"fender,side,body",Hyundai,N9,65518,combined,full,200,4.23,False,0,combined,,0,,,,0,,0,0,0,false,0,,0,
86541-S9700,real_hk_coarse,exists,Body,Mirrors,mirrors,Hyundai/Kia,S9,86541,combined,full,200,4.15,False,0,combined,,0,,,,0,,0,0,0,false,0,,0,
58531-P2100,real_hk_coarse,exists,Brakes,Parking Brake,"parking,brake",Hyundai/Kia,P2,58531,combined,full,200,2.19,False,1,combined,"cache,exact_oem,legacy",0.937125,CAP ASSY - RESERVOIR,Hyundai / KIA,Brakes / Parking Brake,0,,0,0,0,false,0,,0,
97134-Q5100,real_hk_seeded,exists,HVAC,Cabin Air Filter,"cabin,air,filter",Hyundai/Kia,Q5,97134,combined,full,200,3.09,False,2,combined,"cache,prefix_inference",0.9975,"Filter, interior air",Hyundai / KIA,HVAC / Cabin Air Filter,0,,0,0,0,false,0,,0,
49300-P2000,real_hk_coarse,exists,Drivetrain,Transfer Case / 4WD,"transfer,case,4wd",Hyundai/Kia,P2,49300,combined,full,200,2.28,False,2,combined,"cache,prefix_inference",0.9975,"Propshaft, axle drive",Hyundai / KIA," / Propshaft, axle drive",0,,0,0,0,false,0,,0,
80702-L2000,real_hk_unseeded,exists,Unknown,Unknown,,Kia,L2,80702,combined,full,200,0.67,False,0,hk_scope_rejected,,0,,,,0,,0,0,0,false,0,,1,This OEM format looks HK-shaped but the prefix is not in the Hyundai/Kia catalog.
55230-N9500,real_hk_coarse,exists,Suspension,Rear Suspension,"rear,suspension",Hyundai,N9,55230,combined,full,200,2.23,False,2,combined,"exact_oem,legacy",0.7875,"COVER - ASSIST ARM MTG,LH",Hyundai / KIA,Suspension / Rear Suspension,0,,0,0,0,false,0,,0,
86591-S9500,real_hk_coarse,exists,Body,Mirrors,mirrors,Hyundai/Kia,S9,86591,combined,full,200,2.32,False,2,combined,"cache,prefix_inference",0.9975,Spoiler (Rear),Hyundai / KIA, / Spoiler,0,,0,0,0,false,0,,0,
87383-R0000,real_hk_coarse,exists,Body,Mouldings & Trim,"mouldings,trim",Hyundai/Kia,R0,87383,combined,full,200,3.43,False,1,combined,"cache,exact_oem,legacy",0.937125,SEALING PAD - B/PNL MLDG NO.5,Hyundai / KIA,Body / Mouldings & Trim,0,,0,0,0,false,0,,0,
39122-2SMN1,real_hk_coarse,exists,Electrical,Sensors & Control,"sensors,control",Hyundai,2S,39122,combined,full,200,3.22,False,1,combined,"cache,prefix_inference",0.9975,"Tensioner Pulley, timing belt for Hyundai Tucson (2010-2015)",Hyundai," / Tensioner Pulley, timing belt",0,,0,0,0,false,0,,0,
86634-P2010,real_hk_coarse,exists,Body,Mirrors,mirrors,Hyundai/Kia,P2,86634,combined,full,200,2.57,False,2,combined,"cache,prefix_inference",0.9975,"Support, bumper (Front Right)",Hyundai / KIA," / Support, bumper",0,,0,0,0,false,0,,0,
96340-R0000,real_hk_coarse,exists,Electrical,Battery & Charging,"battery,charging",Hyundai/Kia,R0,96340,combined,full,200,2.29,False,1,combined,"cache,exact_oem,legacy",0.937125,SPEAKER ASSY - REAR DOOR,Hyundai / KIA,Electrical / Battery & Charging,0,,0,0,0,false,0,,0,
97245-P2030,real_hk_coarse,exists,HVAC,Condenser,condenser,Hyundai/Kia,P2,97245,combined,full,200,3.27,False,1,combined,"cache,exact_oem,legacy",0.937125,SEAL - DUCT NO.4,Hyundai / KIA,HVAC / Condenser,0,,0,0,0,false,0,,0,
95442-3D300,real_hk_coarse,exists,Electrical,Sensors & Modules,"sensors,modules",Hyundai/Kia,3D,95442,combined,full,200,2.29,False,1,combined,"cache,exact_oem,legacy",0.937125,BRACKET - T/M CONTROL MODULE,Hyundai / KIA,Electrical / Sensors & Modules,0,,0,0,0,false,0,,0,
86351-CV000,real_hk_coarse,exists,Body,Mirrors,mirrors,Hyundai,CV,86351,combined,full,200,3.04,False,2,combined,"cache,prefix_inference",0.9975,Radiator Grille for Hyundai Staria (2021+),Hyundai,Cooling / Radiator,0,,0,0,0,false,0,,0,
92970-R0000,real_hk_coarse,exists,Electrical,Lighting - Headlights,"lighting,headlights",Hyundai/Kia,R0,92970,combined,full,200,3.21,False,1,combined,"cache,exact_oem,legacy",0.937125,"LAMP ASSY - MOOD,LH",Hyundai / KIA,Electrical / Lighting - Headlights,0,,0,0,0,false,0,,0,
52910-K0300,real_hk_coarse,exists,Suspension,Wheels & Tires,"wheels,tires",Hyundai/Kia,K0,52910,combined,full,200,2.17,False,2,combined,"exact_oem,legacy",0.7875,WHEELASSY - ALUMINIUM,Hyundai / KIA,Suspension / Wheels & Tires,0,,0,0,0,false,0,,0,
91840-CH020,real_hk_coarse,exists,Electrical,Wiring Harness,"wiring,harness",Hyundai/Kia,CH,91840,combined,full,200,3.29,False,1,combined,"cache,prefix_inference",0.9975,V-Ribbed Belt (Front Left),Hyundai / KIA, / V-Ribbed Belt,0,,0,0,0,false,0,,0,
91710-J5351,real_hk_coarse,exists,Electrical,Wiring Harness,"wiring,harness",Hyundai/Kia,J5,91710,combined,full,200,4.09,False,0,combined,,0,,,,0,,0,0,0,false,0,,0,
21950-N9310,real_hk_coarse,exists,Engine,Engine Block & Internals,"engine,block,internals",Hyundai,N9,21950,combined,full,200,3.27,False,1,combined,"cache,prefix_inference",0.9975,Engine Mounting for Hyundai Tucson (2020+),Hyundai, / Engine Mounting,0,,0,0,0,false,0,,0,
97255-AT250,real_hk_coarse,exists,HVAC,Condenser,condenser,Hyundai/Kia,AT,97255,combined,full,200,4.13,False,0,combined,,0,,,,0,,0,0,0,false,0,,0,
89150-DW010,real_hk_coarse,exists,Safety,Air Bag System,"air,bag,system",Hyundai/Kia,DW,89150,combined,full,200,4.14,False,1,combined,"cache,prefix_inference",0.9975,Piston Ring Kit (Front Right),Hyundai / KIA, / Piston Ring Kit,0,,0,0,0,false,0,,0,
91602-DW350,real_hk_coarse,exists,Electrical,Wiring Harness,"wiring,harness",Hyundai/Kia,DW,91602,combined,full,200,4.27,False,0,combined,,0,,,,0,,0,0,0,false,0,,0,
84410-CV200,real_hk_coarse,exists,Interior,Interior Trim,"interior,trim",Hyundai,CV,84410,combined,full,200,3.18,False,0,combined,,0,,,,0,,0,0,0,false,0,,0,
18790-00727,real_hk_coarse,exists,Engine,Ignition System,"ignition,system",Hyundai/Kia,00,18790,combined,full,200,2.37,False,2,combined,"cache,prefix_inference",0.9975,"Assortment, fuses",Hyundai / KIA," / Assortment, fuses",0,,0,0,0,false,0,,0,
95450-P4000,real_hk_coarse,exists,Electrical,Sensors & Modules,"sensors,modules",Hyundai/Kia,P4,95450,combined,full,200,2.48,False,2,combined,"exact_oem,legacy",0.7875,UNIT ASSY - MEMORY POWER SEAT,Hyundai / KIA,Electrical / Sensors & Modules,0,,0,0,0,false,0,,0,
91710-J5561,real_hk_coarse,exists,Electrical,Wiring Harness,"wiring,harness",Hyundai/Kia,J5,91710,combined,full,200,3.23,False,0,combined,,0,,,,0,,0,0,0,false,0,,0,
88553-F6KE0,real_hk_coarse,exists,Interior,Instrument Panel / Dashboard,"instrument,panel,dashboard",Hyundai/Kia,F6,88553,combined,full,200,3.09,False,0,combined,,0,,,,0,,0,0,0,false,0,,0,
91951-R5310,real_hk_coarse,exists,Electrical,Wiring Harness,"wiring,harness",Hyundai/Kia,R5,91951,combined,full,200,3.18,False,1,combined,"cache,prefix_inference",0.8925,Junction Box (multi-use),Hyundai / KIA,Electrical / Junction Box,0,,0,0,0,false,0,,0,
45671-4G137,real_hk_coarse,exists,Transmission,Manual Transmission,"manual,transmission",Hyundai/Kia,4G,45671,combined,full,200,3.25,False,1,combined,"cache,exact_oem,legacy",0.937125,PRESSURE PLATE - 2/8 BRAKE,Hyundai / KIA,Transmission / Manual Transmission,0,,0,0,0,false,0,,0,
95770-D5010,real_hk_coarse,exists,Electrical,Sensors & Modules,"sensors,modules",Hyundai/Kia,D5,95770,combined,full,200,3.23,False,1,combined,"cache,prefix_inference",0.9975,Door Lock (Front Right),Hyundai / KIA, / Door Lock,0,,0,0,0,false,0,,0,
31333-AA000,real_hk_coarse,exists,Drivetrain,Front Differential,"front,differential",Hyundai/Kia,AA,31333,combined,full,200,2.22,False,1,combined,"cache,exact_oem,legacy",0.937125,HOLDER - FUEL TUBE,Hyundai / KIA,Drivetrain / Front Differential,0,,0,0,0,false,0,,0,
82210-P1110,real_hk_coarse,exists,Body,Glass / Windshield,"glass,windshield",Kia,P1,82210,combined,full,200,2.32,False,2,combined,"exact_oem,legacy",0.7875,W/STRIP ASSY - FR DR BELT O/S LH,Hyundai / KIA,Body / Glass / Windshield,0,,0,0,0,false,0,,0,
22110-2S500,real_hk_coarse,exists,Engine,Engine Mounting,"engine,mounting",Hyundai,2S,22110,combined,full,200,3.21,False,2,combined,"exact_oem,legacy",0.7875,HEAD SUB ASSY - CYLINDER,Hyundai / KIA,Engine / Engine Mounting,0,,0,0,0,false,0,,0,
94031-J5620,real_hk_coarse,exists,Electrical,Audio & Display,"audio,display",Hyundai/Kia,J5,94031,combined,full,200,4.18,False,0,combined,,0,,,,0,,0,0,0,false,0,,0,
83915-R5000,real_hk_coarse,exists,Body,Sunroof,sunroof,Hyundai/Kia,R5,83915,combined,full,200,4.19,False,0,combined,,0,,,,0,,0,0,0,false,0,,0,
93406-J5515,real_hk_coarse,exists,Electrical,Lighting - Interior,"lighting,interior",Hyundai/Kia,J5,93406,combined,full,200,4.22,False,0,combined,,0,,,,0,,0,0,0,false,0,,0,
97775-M7100,real_hk_coarse,exists,HVAC,A/C Hose & Pipe,"hose,pipe",Hyundai/Kia,M7,97775,combined,full,200,3.19,False,0,combined,,0,,,,0,,0,0,0,false,0,,0,
84619-DW000,real_hk_coarse,exists,Interior,Interior Trim,"interior,trim",Hyundai/Kia,DW,84619,combined,full,200,5.15,False,0,combined,,0,,,,0,,0,0,0,false,0,,0,
64575-P1000,real_hk_coarse,exists,Body,Front Body / Hood,"front,body,hood",Kia,P1,64575,combined,full,200,4.21,False,0,combined,,0,,,,0,,0,0,0,false,0,,0,
86511-P2010,real_hk_coarse,exists,Body,Mirrors,mirrors,Hyundai/Kia,P2,86511,combined,full,200,2.25,False,2,combined,"cache,prefix_inference",0.9975,Bumper (Front Right),Hyundai / KIA, / Bumper,0,,0,0,0,false,0,,0,
25450-R0100,real_hk_coarse,exists,Engine,Fuel System,"fuel,system",Hyundai/Kia,R0,25450,combined,full,200,2.24,False,2,combined,"cache,prefix_inference",0.9975,Coolant Tube,Hyundai / KIA, / Coolant Tube,0,,0,0,0,false,0,,0,
37562-L5000,real_hk_coarse,exists,Electrical,Ignition System,"ignition,system",Hyundai/Kia,L5,37562,combined,full,200,2.18,False,1,combined,"cache,exact_oem,legacy",0.937125,WIRING HARNESS - TEMPERATURE SEN,Hyundai / KIA,Electrical / Ignition System,0,,0,0,0,false,0,,0,
65112-R0100,real_hk_coarse,exists,Body,Fender & Side Body,"fender,side,body",Hyundai/Kia,R0,65112,combined,full,200,2.23,False,1,combined,"cache,exact_oem,legacy",0.937125,PANEL - CENTER FLOOR,Hyundai / KIA,Body / Fender & Side Body,0,,0,0,0,false,0,,0,
71402-J5050,real_hk_coarse,exists,Body,Bumper,bumper,Hyundai/Kia,J5,71402,combined,full,200,3.2,False,1,combined,"cache,exact_oem,legacy",0.937125,"PILLAR ASSY - CENTER INNER,RH",Hyundai / KIA,Body / Bumper,0,,0,0,0,false,0,,0,
86316-S9500,real_hk_coarse,exists,Body,Mirrors,mirrors,Hyundai/Kia,S9,86316,combined,full,200,2.21,False,1,combined,"cache,exact_oem,legacy",0.937125,EMBLEM - 4X,Hyundai / KIA,Body / Mirrors,0,,0,0,0,false,0,,0,
24551-3N100,real_hk_coarse,exists,Engine,Intake & Exhaust Manifold,"intake,exhaust,manifold",Hyundai/Kia,3N,24551,combined,full,200,3.2,False,2,combined,"cache,prefix_inference",0.9975,"Rocker Arm, engine timing",Hyundai / KIA," / Rocker Arm, engine timing",0,,0,0,0,false,0,,0,
92161-3R010,real_hk_coarse,exists,Electrical,Headlight Assembly,"headlight,assembly",Hyundai/Kia,3R,92161,combined,full,200,8.49,False,2,combined,"cache,prefix_inference",0.9975,Bulb (Front Right),Hyundai / KIA, / Bulb,1,STELLOX:99-39037-SX,4,0,0,true,1,:,0,
81900-3WF00,real_hk_coarse,exists,Body,Weatherstrip & Seal,"weatherstrip,seal",Kia,3W,81900,combined,full,200,3.26,False,2,combined,"cache,prefix_inference",0.9975,Ignition Coil for Kia Sportage (2010-2015),Kia,Engine / Ignition Coil,0,,0,0,0,false,0,,0,
39423-2S200,real_hk_coarse,exists,Electrical,Sensors & Control,"sensors,control",Hyundai,2S,39423,combined,full,200,3.32,False,1,combined,"cache,exact_oem,legacy",0.937125,BRACKET - CONNECTOR,Hyundai / KIA,Electrical / Sensors & Control,0,,0,0,0,false,0,,0,
79480-H8000,real_hk_unseeded,exists,Unknown,Unknown,,Kia,H8,79480,combined,full,200,0.49,False,0,hk_scope_rejected,,0,,,,0,,0,0,0,false,0,,1,This OEM format looks HK-shaped but the prefix is not in the Hyundai/Kia catalog.
45720-4J600,real_hk_coarse,exists,Transmission,Manual Transmission,"manual,transmission",Hyundai/Kia,4J,45720,combined,full,200,2.21,False,2,combined,"cache,prefix_inference",0.9975,"Belt Tensioner, V-ribbed belt (Passenger)",Hyundai / KIA," / Belt Tensioner, V-ribbed belt",0,,0,0,0,false,0,,0,
96230-J5300,real_hk_coarse,exists,Electrical,Battery & Charging,"battery,charging",Hyundai/Kia,J5,96230,combined,full,200,2.29,False,2,combined,"cache,prefix_inference",0.9975,"Gasket, cylinder head",Hyundai / KIA," / Gasket, cylinder head",0,,0,0,0,false,0,,0,
96611-AT000,real_hk_coarse,exists,Electrical,Battery & Charging,"battery,charging",Hyundai/Kia,AT,96611,combined,full,200,2.21,False,2,combined,"exact_oem,legacy",0.7875,HORN ASSY - LOW PITCH,Hyundai / KIA,Electrical / Battery & Charging,0,,0,0,0,false,0,,0,
58920-N9010,real_hk_coarse,exists,Brakes,Brake Fluid Reservoir,"brake,fluid,reservoir",Hyundai,N9,58920,combined,full,200,3.2,False,2,combined,"exact_oem,legacy",0.7875,BRACKET - HYDRAULIC MODULE,Hyundai / KIA,Brakes / Brake Fluid Reservoir,0,,0,0,0,false,0,,0,
91600-B2202,real_hk_coarse,exists,Electrical,Wiring Harness,"wiring,harness",Kia,B2,91600,combined,full,200,4.18,False,1,combined,"prefix_inference,cache",0.8925,Wire Harness (front body) for Kia Soul (2008-2013),Kia,Electrical / Wiring Harness,0,,0,0,0,false,0,,0,
55330-H9000,real_hk_coarse,exists,Suspension,Shock Absorber (Rear),"shock,absorber,(rear)",Hyundai/Kia,H9,55330,combined,full,200,4.13,False,1,combined,"cache,prefix_inference",0.9975,Coil Spring,Hyundai / KIA, / Coil Spring,0,,0,0,0,false,0,,0,
58310-CVA50,real_hk_coarse,exists,Brakes,Rear Brake / Drum,"rear,brake,drum",Hyundai,CV,58310,combined,full,200,2.21,False,2,combined,"cache,prefix_inference",0.9975,Brake Caliper for Hyundai Staria (2021+),Hyundai, / Brake Caliper,0,,0,0,0,false,0,,0,
58736-CW000,real_hk_coarse,exists,Brakes,Brakes,brakes,Hyundai/Kia,CW,58736,combined,full,200,3.14,False,1,combined,"prefix_inference,cache",0.9975,Brake Hose,Hyundai / KIA, / Brake Hose,0,,0,0,0,false,0,,0,
65700-R0100,real_hk_coarse,exists,Body,Fender & Side Body,"fender,side,body",Hyundai/Kia,R0,65700,combined,full,200,3.48,False,2,combined,"cache,prefix_inference",0.9975,Boot-/Cargo Area Hatch,Hyundai / KIA, / Boot-/Cargo Area Hatch,0,,0,0,0,false,0,,0,
91515-G5180,real_hk_coarse,exists,Electrical,Wiring Harness,"wiring,harness",Hyundai/Kia,G5,91515,combined,full,200,4.29,False,0,combined,,0,,,,0,,0,0,0,false,0,,0,
88450-M6510,real_hk_coarse,exists,Interior,Instrument Panel / Dashboard,"instrument,panel,dashboard",Hyundai/Kia,M6,88450,combined,full,200,2.22,False,2,combined,"exact_oem,legacy",0.7875,"PAD ASSY - FRT SEAT BACK,RH",Hyundai / KIA,Interior / Instrument Panel / Dashboard,0,,0,0,0,false,0,,0,
96330-DW000,real_hk_coarse,exists,Electrical,Battery & Charging,"battery,charging",Hyundai/Kia,DW,96330,combined,full,200,4.13,False,1,combined,"cache,prefix_inference",0.9975,"Radiator, engine cooling",Hyundai / KIA,Cooling / Radiator,0,,0,0,0,false,0,,0,
97300-P2000,real_hk_coarse,exists,HVAC,Evaporator,evaporator,Hyundai/Kia,P2,97300,combined,full,200,3.28,False,1,combined,"cache,exact_oem,legacy",0.937125,SHAFT,Hyundai / KIA,HVAC / Evaporator,0,,0,0,0,false,0,,0,
89663-R5000,real_hk_coarse,exists,Safety,Air Bag System,"air,bag,system",Hyundai/Kia,R5,89663,combined,full,200,4.25,False,0,combined,,0,,,,0,,0,0,0,false,0,,0,
45835-3B675,real_hk_coarse,exists,Transmission,Manual Transmission,"manual,transmission",Hyundai/Kia,3B,45835,combined,full,200,2.24,False,1,combined,"cache,exact_oem,legacy",0.937125,SPACER,Hyundai / KIA,Transmission / Manual Transmission,0,,0,0,0,false,0,,0,
49560-CW150,real_hk_coarse,exists,Drivetrain,Transfer Case / 4WD,"transfer,case,4wd",Hyundai/Kia,CW,49560,combined,full,200,3.13,False,1,combined,"cache,prefix_inference",0.9975,Drive Shaft,Hyundai / KIA, / Drive Shaft,0,,0,0,0,false,0,,0,
96130-AT000,real_hk_coarse,exists,Electrical,Battery,battery,Hyundai/Kia,AT,96130,combined,full,200,3.24,False,2,combined,"exact_oem,legacy",0.7875,MONITOR ASSY - AUDIO,Hyundai / KIA,Electrical / Battery,0,,0,0,0,false,0,,0,
91400-P4061,real_hk_coarse,exists,Electrical,Wiring Harness,"wiring,harness",Hyundai/Kia,P4,91400,combined,full,200,5.28,False,1,combined,"cache,prefix_inference",0.9975,"Resistor, interior blower",Hyundai / KIA," / Resistor, interior blower",0,,0,0,0,false,0,,0,
86610-R5000,real_hk_coarse,exists,Body,Mirrors,mirrors,Hyundai/Kia,R5,86610,combined,full,200,3.15,False,1,combined,"cache,prefix_inference",0.9975,Bumper,Hyundai / KIA, / Bumper,0,,0,0,0,false,0,,0,
83860-P1010,real_hk_coarse,exists,Body,Sunroof,sunroof,Kia,P1,83860,combined,full,200,4.26,False,0,combined,,0,,,,0,,0,0,0,false,0,,0,
91840-R0370,real_hk_coarse,exists,Electrical,Wiring Harness,"wiring,harness",Hyundai/Kia,R0,91840,combined,full,200,3.19,False,2,combined,"exact_oem,legacy",0.7875,WIRING ASSY - FEM,Hyundai / KIA,Electrical / Wiring Harness,0,,0,0,0,false,0,,0,
91971-2W090,real_hk_coarse,exists,Electrical,Wiring Harness,"wiring,harness",Hyundai,2W,91971,combined,full,200,2.26,False,1,combined,"cache,exact_oem,legacy",0.937125,PROTECTOR - CONTROL WIRING,Hyundai / KIA,Electrical / Wiring Harness,0,,0,0,0,false,0,,0,
54651-Q5UC0,real_hk_coarse,exists,Suspension,Shock Absorber (Front),"shock,absorber,(front)",Hyundai/Kia,Q5,54651,combined,full,200,4.23,False,1,combined,"cache,prefix_inference",0.9975,Shock Absorber,Hyundai / KIA,Suspension / Shock Absorber / Strut,0,,0,0,0,false,0,,0,
86664-M7EA0,real_hk_coarse,exists,Body,Mirrors,mirrors,Hyundai/Kia,M7,86664,combined,full,200,4.23,False,0,combined,,0,,,,0,,0,0,0,false,0,,0,
82655-P1000,real_hk_coarse,exists,Body,Glass / Windshield,"glass,windshield",Kia,P1,82655,combined,full,200,3.16,False,1,combined,"cache,exact_oem,legacy",0.937125,BASEASSY - FRDRO/S,Hyundai / KIA,Body / Glass / Windshield,0,,0,0,0,false,0,,0,
31220-P0800,real_hk_coarse,exists,Drivetrain,Front Differential,"front,differential",Hyundai/Kia,P0,31220,combined,full,200,3.18,False,1,combined,"prefix_inference,cache",0.9975,"Solenoid Switch, starter",Hyundai / KIA," / Solenoid Switch, starter",0,,0,0,0,false,0,,0,
45867-3B407,real_hk_coarse,exists,Transmission,Manual Transmission,"manual,transmission",Hyundai/Kia,3B,45867,combined,full,200,2.19,False,1,combined,"cache,exact_oem,legacy",0.937125,SPACER,Hyundai / KIA,Transmission / Manual Transmission,0,,0,0,0,false,0,,0,
87610-Q5820,real_hk_seeded,exists,Body,Exterior Mirror,"exterior,mirror",Hyundai/Kia,Q5,87610,combined,full,200,5.43,False,1,combined,"prefix_inference,cache",0.9975,Outside Mirror,Hyundai / KIA, / Outside Mirror,0,,0,0,0,false,0,,0,
39211-3NFA0,real_hk_coarse,exists,Electrical,Oxygen Sensor,"oxygen,sensor",Hyundai/Kia,3N,39211,combined,full,200,2.18,False,2,combined,"cache,prefix_inference",0.9975,"Joint Kit, drive shaft",Hyundai / KIA," / Joint Kit, drive shaft",0,,0,0,0,false,0,,0,
77121-R0000,real_hk_unseeded,exists,Unknown,Unknown,,Hyundai/Kia,R0,77121,combined,full,200,0.74,False,0,hk_scope_rejected,,0,,,,0,,0,0,0,false,0,,1,This OEM format looks HK-shaped but the prefix is not in the Hyundai/Kia catalog.
64900-H9010,real_hk_coarse,exists,Body,Front Body / Hood,"front,body,hood",Hyundai/Kia,H9,64900,combined,full,200,4.21,False,1,combined,"cache,prefix_inference",0.9975,"Support, bumper (Front Right)",Hyundai / KIA," / Support, bumper",0,,0,0,0,false,0,,0,
64900-DW010,real_hk_coarse,exists,Body,Front Body / Hood,"front,body,hood",Hyundai/Kia,DW,64900,combined,full,200,3.2,False,1,combined,"cache,prefix_inference",0.9975,"Support, bumper (Front Right)",Hyundai / KIA," / Support, bumper",0,,0,0,0,false,0,,0,
54625-GI000,real_hk_coarse,exists,Suspension,Shock Absorber (Front),"shock,absorber,(front)",Hyundai/Kia,GI,54625,combined,full,200,2.18,False,2,combined,"cache,prefix_inference",0.9975,"Dust Cover Kit, shock absorber",Hyundai / KIA,Suspension / Shock Absorber / Strut,0,,0,0,0,false,0,,0,
47349-2N000,real_hk_coarse,exists,Drivetrain,Transfer Case,"transfer,case",Hyundai/Kia,2N,47349,combined,full,200,2.21,False,1,combined,"cache,exact_oem,legacy",0.937125,PLUG,Hyundai / KIA,Drivetrain / Transfer Case,0,,0,0,0,false,0,,0,
55405-J5150,real_hk_coarse,exists,Suspension,Rear Suspension,"rear,suspension",Hyundai/Kia,J5,55405,combined,full,200,2.21,False,1,combined,"cache,exact_oem,legacy",0.937125,CROSSMEMBER COMPL - RR,Hyundai / KIA,Suspension / Rear Suspension,0,,0,0,0,false,0,,0,
91931-AO030,real_hk_coarse,exists,Electrical,Wiring Harness,"wiring,harness",Hyundai/Kia,AO,91931,combined,full,200,4.12,False,1,combined,"cache,prefix_inference",0.8925,Junction Box (Rear Right),Hyundai / KIA,Electrical / Junction Box,0,,0,0,0,false,0,,0,
58130-J5500,real_hk_coarse,exists,Brakes,Front Brake Pad / Disc,"front,brake,pad,disc",Hyundai/Kia,J5,58130,combined,full,200,3.18,False,2,combined,"cache,prefix_inference",0.9975,Brake Caliper (Rear),Hyundai / KIA, / Brake Caliper,0,,0,0,0,false,0,,0,
92441-F6800,real_hk_coarse,exists,Electrical,Tail Light Assembly,"tail,light,assembly",Hyundai/Kia,F6,92441,combined,full,200,2.26,False,1,combined,"cache,exact_oem,legacy",0.937125,FLANGE COVER - REAR COMB INSIDE,Hyundai / KIA,Electrical / Tail Light Assembly,0,,0,0,0,false,0,,0,
91806-D9110,real_hk_coarse,exists,Electrical,Wiring Harness,"wiring,harness",Kia,D9,91806,combined,full,200,3.13,False,0,combined,,0,,,,0,,0,0,0,false,0,,0,
83904-R0000,real_hk_coarse,exists,Body,Sunroof,sunroof,Hyundai/Kia,R0,83904,combined,full,200,3.2,False,1,combined,"cache,exact_oem,legacy",0.937125,"PLATE - REAR DOOR LOWER ROLLER,R",Hyundai / KIA,Body / Sunroof,0,,0,0,0,false,0,,0,
81970-H8B00,real_hk_coarse,exists,Body,Weatherstrip & Seal,"weatherstrip,seal",Kia,H8,81970,combined,full,200,3.18,False,1,combined,"cache,exact_oem,legacy",0.937125,"KEY SUB SET - DOOR,LH",Hyundai / KIA,Body / Weatherstrip & Seal,0,,0,0,0,false,0,,0,
54500-H9000,real_hk_coarse,exists,Suspension,Front Suspension,"front,suspension",Hyundai/Kia,H9,54500,combined,full,200,8.76,False,2,combined,"cache,prefix_inference",0.9975,Track Control Arm,Hyundai / KIA, / Track Control Arm,1,VEMA:260425,2,0,0,true,1,:,0,
96770-F6000,real_hk_coarse,exists,Electrical,Battery & Charging,"battery,charging",Hyundai/Kia,F6,96770,combined,full,200,2.23,False,2,combined,"cache,prefix_inference",0.9975,Catalytic Converter,Hyundai / KIA, / Catalytic Converter,0,,0,0,0,false,0,,0,
39171-2ELC0,real_hk_coarse,exists,Electrical,Sensors & Control,"sensors,control",Kia,2E,39171,combined,full,200,3.25,False,0,combined,,0,,,,0,,0,0,0,false,0,,0,
97762-P0000,real_hk_coarse,exists,HVAC,A/C Hose & Pipe,"hose,pipe",Hyundai/Kia,P0,97762,combined,full,200,3.26,False,0,combined,,0,,,,0,,0,0,0,false,0,,0,
82860-P1000,real_hk_coarse,exists,Body,Glass / Windshield,"glass,windshield",Kia,P1,82860,combined,full,200,3.36,False,1,combined,"cache,exact_oem,legacy",0.937125,"MOULDING ASSY - FRT DR FRAME,RH",Hyundai / KIA,Body / Glass / Windshield,0,,0,0,0,false,0,,0,
41480-18FA0,real_hk_coarse,exists,Drivetrain,Clutch,clutch,Hyundai/Kia,18,41480,combined,full,200,3.21,False,1,combined,"cache,exact_oem,legacy",0.937125,MOTOR - CLUTCH,Hyundai / KIA,Drivetrain / Clutch,0,,0,0,0,false,0,,0,
58715-AT000,real_hk_coarse,exists,Brakes,Brakes,brakes,Hyundai/Kia,AT,58715,combined,full,200,4.3,False,0,combined,,0,,,,0,,0,0,0,false,0,,0,
87810-R0620,real_hk_coarse,exists,Body,Mouldings & Trim,"mouldings,trim",Hyundai/Kia,R0,87810,combined,full,200,3.23,False,2,combined,"cache,prefix_inference",0.9975,Side Window,Hyundai / KIA, / Side Window,0,,0,0,0,false,0,,0,
86530-K0580,real_hk_coarse,exists,Body,Mirrors,mirrors,Hyundai/Kia,K0,86530,combined,full,200,4.21,False,1,combined,"prefix_inference,cache",0.9975,"Support, bumper",Hyundai / KIA," / Support, bumper",0,,0,0,0,false,0,,0,
97775-P4520,real_hk_coarse,exists,HVAC,A/C Hose & Pipe,"hose,pipe",Hyundai/Kia,P4,97775,combined,full,200,4.28,False,0,combined,,0,,,,0,,0,0,0,false,0,,0,
86671-R5010,real_hk_coarse,exists,Body,Mirrors,mirrors,Hyundai/Kia,R5,86671,combined,full,200,3.18,False,0,combined,,0,,,,0,,0,0,0,false,0,,0,
79315-1Y000,real_hk_unseeded,exists,Unknown,Unknown,,Hyundai/Kia,1Y,79315,combined,full,200,0.47,False,0,hk_scope_rejected,,0,,,,0,,0,0,0,false,0,,1,This OEM format looks HK-shaped but the prefix is not in the Hyundai/Kia catalog.
97134-Q5000,real_hk_seeded,exists,HVAC,Cabin Air Filter,"cabin,air,filter",Hyundai/Kia,Q5,97134,combined,full,200,3.33,False,1,combined,"cache,prefix_inference",0.9975,"Filter, interior air",Hyundai / KIA,HVAC / Cabin Air Filter,0,,0,0,0,false,0,,0,
81905-D9600,real_hk_coarse,exists,Body,Weatherstrip & Seal,"weatherstrip,seal",Kia,D9,81905,combined,full,200,4.08,False,1,combined,"cache,prefix_inference",0.8925,Door Weatherstrip (Passenger) for Kia Sportage (2015-2021),Kia,Body / Weatherstrip,0,,0,0,0,false,0,,0,
80620-R5500,real_hk_unseeded,exists,Unknown,Unknown,,Hyundai/Kia,R5,80620,combined,full,200,0.75,False,0,hk_scope_rejected,,0,,,,0,,0,0,0,false,0,,1,This OEM format looks HK-shaped but the prefix is not in the Hyundai/Kia catalog.
98950-R5000,real_hk_coarse,exists,Maintenance,Wiper System,"wiper,system",Hyundai/Kia,R5,98950,combined,full,200,4.14,False,0,combined,,0,,,,0,,0,0,0,false,0,,0,
05203-S9100,real_hk_unseeded,exists,Unknown,Unknown,,Hyundai/Kia,S9,05203,combined,full,200,0.48,False,0,hk_scope_rejected,,0,,,,0,,0,0,0,false,0,,1,This OEM format looks HK-shaped but the prefix is not in the Hyundai/Kia catalog.
99140-J5000,real_hk_unseeded,exists,Unknown,Unknown,,Hyundai/Kia,J5,99140,combined,full,200,0.77,False,0,hk_scope_rejected,,0,,,,0,,0,0,0,false,0,,1,This OEM format looks HK-shaped but the prefix is not in the Hyundai/Kia catalog.
80410-K0000,real_hk_unseeded,exists,Unknown,Unknown,,Hyundai/Kia,K0,80410,combined,full,200,0.8,False,0,hk_scope_rejected,,0,,,,0,,0,0,0,false,0,,1,This OEM format looks HK-shaped but the prefix is not in the Hyundai/Kia catalog.
99150-L3000,real_hk_unseeded,exists,Unknown,Unknown,,Hyundai/Kia,L3,99150,combined,full,200,0.76,False,0,hk_scope_rejected,,0,,,,0,,0,0,0,false,0,,1,This OEM format looks HK-shaped but the prefix is not in the Hyundai/Kia catalog.
99150-CV000,real_hk_unseeded,exists,Unknown,Unknown,,Hyundai,CV,99150,combined,full,200,0.99,False,0,hk_scope_rejected,,0,,,,0,,0,0,0,false,0,,1,This OEM format looks HK-shaped but the prefix is not in the Hyundai/Kia catalog.
51621-SNA-A03,non_hk,non_hk,,,,,,,combined,full,200,12.73,False,0,combined,,0,,,,0,,0,0,0,false,0,,0,
24100-2T002,real_hk_coarse,exists,Engine,Intake & Exhaust Manifold,"intake,exhaust,manifold",Kia,2T,24100,combined,full,200,2.23,False,2,combined,"cache,prefix_inference",0.9975,"Charger, charging system for Kia Optima (2010-2015)",Kia," / Charger, charging system",0,,0,0,0,false,0,,0,
12418-05083,real_hk_unseeded,exists,Unknown,Unknown,,Hyundai/Kia,05,12418,combined,full,200,2.29,False,0,hk_scope_rejected,,0,,,,0,,0,0,0,false,0,,1,This OEM format looks HK-shaped but the prefix is not in the Hyundai/Kia catalog.
86391-P1000,real_hk_coarse,exists,Body,Mirrors,mirrors,Kia,P1,86391,combined,full,200,2.33,False,2,combined,"cache,prefix_inference",0.9975,"Trim/Protective Strip, door for Kia Sportage (2021+)",Kia," / Trim/Protective Strip, door",0,,0,0,0,false,0,,0,
05203-R5460,real_hk_unseeded,exists,Unknown,Unknown,,Hyundai/Kia,R5,05203,combined,full,200,1.87,False,0,hk_scope_rejected,,0,,,,0,,0,0,0,false,0,,1,This OEM format looks HK-shaped but the prefix is not in the Hyundai/Kia catalog.
45817-4G100,real_hk_coarse,exists,Transmission,Manual Transmission,"manual,transmission",Hyundai/Kia,4G,45817,combined,full,200,2.22,False,1,combined,"cache,exact_oem,legacy",0.937125,PLATE - STOPPER,Hyundai / KIA,Transmission / Manual Transmission,0,,0,0,0,false,0,,0,
96250-G8000,real_hk_coarse,exists,Electrical,Battery & Charging,"battery,charging",Hyundai/Kia,G8,96250,combined,full,200,4.18,False,1,combined,"prefix_inference,cache",0.9975,"Vacuum Pump, braking system",Hyundai / KIA," / Vacuum Pump, braking system",0,,0,0,0,false,0,,0,
88170-Q5010,real_hk_coarse,exists,Interior,Instrument Panel / Dashboard,"instrument,panel,dashboard",Hyundai/Kia,Q5,88170,combined,full,200,3.27,False,0,combined,,0,,,,0,,0,0,0,false,0,,0,
32450-2S096,real_hk_coarse,exists,Drivetrain,Front Drive Shaft,"front,drive,shaft",Hyundai,2S,32450,combined,full,200,4.16,False,1,combined,"cache,prefix_inference",0.8925,Ignition Switch Key for Hyundai Tucson (2010-2015),Hyundai,Engine / Ignition Switch,0,,0,0,0,false,0,,0,
21350-2E740,real_hk_coarse,exists,Engine,Crankshaft & Bearings,"crankshaft,bearings",Kia,2E,21350,combined,full,200,2.37,False,2,combined,"cache,prefix_inference",0.9975,Oil Pump for Hyundai Tucson (2004-2010),Hyundai, / Oil Pump,0,,0,0,0,false,0,,0,
95560-D9100,real_hk_coarse,exists,Electrical,Sensors & Modules,"sensors,modules",Kia,D9,95560,combined,full,200,2.3,False,2,combined,"exact_oem,legacy",0.7875,UNIT ASSY - WIRELESS CHARGING,Hyundai / KIA,Electrical / Sensors & Modules,0,,0,0,0,false,0,,0,
97135-R0000,real_hk_coarse,exists,HVAC,Compressor A/C,compressor,Hyundai/Kia,R0,97135,combined,full,200,2.12,False,1,combined,"cache,exact_oem,legacy",0.937125,"CASE - HEATER,RH",Hyundai / KIA,HVAC / Compressor A/C,0,,0,0,0,false,0,,0,
88035-M7000,real_hk_coarse,exists,Interior,Instrument Panel / Dashboard,"instrument,panel,dashboard",Hyundai/Kia,M7,88035,combined,full,200,4.12,False,0,combined,,0,,,,0,,0,0,0,false,0,,0,
87860-AT000,real_hk_coarse,exists,Body,Mouldings & Trim,"mouldings,trim",Hyundai/Kia,AT,87860,combined,full,200,2.28,False,1,combined,"cache,exact_oem,legacy",0.937125,"GARNISH ASSY - C.PILLAR,RH",Hyundai / KIA,Body / Mouldings & Trim,0,,0,0,0,false,0,,0,
86660-M7EA0,real_hk_coarse,exists,Body,Mirrors,mirrors,Hyundai/Kia,M7,86660,combined,full,200,3.24,False,0,combined,,0,,,,0,,0,0,0,false,0,,0,
26300-35505,real_hk_seeded,exists,Engine,Oil Filter,"oil,filter",Hyundai/Kia,35,26300,combined,full,200,22.47,False,15,combined,"cross_reference,cross_brand",0.966,Oil Filter,HYUNDAI,,1,TECNOCAR:R96,0,0,0,false,0,,0,
58101-P2A00,real_hk_seeded,exists,Brakes,Brake Pad Set - Front,"brake,pad,set,front",Hyundai/Kia,P2,58101,combined,full,200,3.44,False,1,combined,"prefix_inference,cache,legacy,exact_oem",1,FRONT DISC BRAKE PAD KIT,Hyundai / KIA,Brakes / Front Brake Pad / Disc,0,,0,0,0,false,0,,0,
54650-S9AB0,real_hk_seeded,exists,Suspension,Shock Absorber - Front,"shock,absorber,front",Hyundai/Kia,S9,54650,combined,full,200,4.42,False,1,combined,"cache,prefix_inference",0.9975,Shock Absorber,Hyundai / KIA,Suspension / Shock Absorber / Strut,0,,0,0,0,false,0,,0,
25477-D2750,real_hk_coarse,exists,Engine,Fuel System,"fuel,system",Hyundai/Kia,D2,25477,combined,full,200,2.26,False,1,combined,"cache,exact_oem,legacy",0.937125,TUBE - OIL COOLING RETURN,Hyundai / KIA,Engine / Fuel System,0,,0,0,0,false,0,,0,
99250-L2000,real_hk_unseeded,exists,Unknown,Unknown,,Kia,L2,99250,combined,full,200,0.56,False,0,hk_scope_rejected,,0,,,,0,,0,0,0,false,0,,1,This OEM format looks HK-shaped but the prefix is not in the Hyundai/Kia catalog.
79390-3D400,real_hk_unseeded,exists,Unknown,Unknown,,Hyundai/Kia,3D,79390,combined,full,200,2.56,False,0,hk_scope_rejected,,0,,,,0,,0,0,0,false,0,,1,This OEM format looks HK-shaped but the prefix is not in the Hyundai/Kia catalog.
12433-04161,real_hk_unseeded,exists,Unknown,Unknown,,Hyundai/Kia,04,12433,combined,full,200,0.54,False,0,hk_scope_rejected,,0,,,,0,,0,0,0,false,0,,1,This OEM format looks HK-shaped but the prefix is not in the Hyundai/Kia catalog.
99150-P1100,real_hk_unseeded,exists,Unknown,Unknown,,Kia,P1,99150,combined,full,200,0.67,False,0,hk_scope_rejected,,0,,,,0,,0,0,0,false,0,,1,This OEM format looks HK-shaped but the prefix is not in the Hyundai/Kia catalog.
99140-P1000,real_hk_unseeded,exists,Unknown,Unknown,,Kia,P1,99140,combined,full,200,0.53,False,0,hk_scope_rejected,,0,,,,0,,0,0,0,false,0,,1,This OEM format looks HK-shaped but the prefix is not in the Hyundai/Kia catalog.
80620-K0500,real_hk_unseeded,exists,Unknown,Unknown,,Hyundai/Kia,K0,80620,combined,full,200,0.83,False,0,hk_scope_rejected,,0,,,,0,,0,0,0,false,0,,1,This OEM format looks HK-shaped but the prefix is not in the Hyundai/Kia catalog.
99140-S9050,real_hk_unseeded,exists,Unknown,Unknown,,Hyundai/Kia,S9,99140,combined,full,200,0.52,False,0,hk_scope_rejected,,0,,,,0,,0,0,0,false,0,,1,This OEM format looks HK-shaped but the prefix is not in the Hyundai/Kia catalog.
99960-R5000,real_hk_unseeded,exists,Unknown,Unknown,,Hyundai/Kia,R5,99960,combined,full,200,0.56,False,0,hk_scope_rejected,,0,,,,0,,0,0,0,false,0,,1,This OEM format looks HK-shaped but the prefix is not in the Hyundai/Kia catalog.
20920-3CM00,real_hk_unseeded,exists,Unknown,Unknown,,Hyundai/Kia,3C,20920,combined,full,200,0.79,False,0,hk_scope_rejected,,0,,,,0,,0,0,0,false,0,,1,This OEM format looks HK-shaped but the prefix is not in the Hyundai/Kia catalog.
51-16-7-292-819,non_hk,non_hk,,,,,,,combined,full,200,6.5,False,0,combined,,0,,,,0,,0,0,0,false,0,,0,
80620-DW000,real_hk_unseeded,exists,Unknown,Unknown,,Hyundai/Kia,DW,80620,combined,full,200,0.97,False,0,hk_scope_rejected,,0,,,,0,,0,0,0,false,0,,1,This OEM format looks HK-shaped but the prefix is not in the Hyundai/Kia catalog.
80610-K0500,real_hk_unseeded,exists,Unknown,Unknown,,Hyundai/Kia,K0,80610,combined,full,200,0.76,False,0,hk_scope_rejected,,0,,,,0,,0,0,0,false,0,,1,This OEM format looks HK-shaped but the prefix is not in the Hyundai/Kia catalog.
99240-K0600,real_hk_unseeded,exists,Unknown,Unknown,,Hyundai/Kia,K0,99240,combined,full,200,0.86,False,0,hk_scope_rejected,,0,,,,0,,0,0,0,false,0,,1,This OEM format looks HK-shaped but the prefix is not in the Hyundai/Kia catalog.
77121-DB000,real_hk_unseeded,exists,Unknown,Unknown,,Hyundai/Kia,DB,77121,combined,full,200,0.75,False,0,hk_scope_rejected,,0,,,,0,,0,0,0,false,0,,1,This OEM format looks HK-shaped but the prefix is not in the Hyundai/Kia catalog.
05203-R0400,real_hk_unseeded,exists,Unknown,Unknown,,Hyundai/Kia,R0,05203,combined,full,200,0.8,False,0,hk_scope_rejected,,0,,,,0,,0,0,0,false,0,,1,This OEM format looks HK-shaped but the prefix is not in the Hyundai/Kia catalog.
89465-33230,non_hk,non_hk,,,,,,,combined,full,200,11.19,False,20,combined,"cache,prefix_inference",0.9975,Lambda Sensor,Hyundai / KIA,Electrical / Oxygen Sensor,3,FAE:77514;FISPA:90063;TRISCAN:8845 13121,4,0,0,false,4,:;:;:,0,
09214-L1200,real_hk_unseeded,exists,Unknown,Unknown,,Hyundai,L1,09214,combined,full,200,0.53,False,0,hk_scope_rejected,,0,,,,0,,0,0,0,false,0,,1,This OEM format looks HK-shaped but the prefix is not in the Hyundai/Kia catalog.
80620-CV700,real_hk_unseeded,exists,Unknown,Unknown,,Hyundai,CV,80620,combined,full,200,0.96,False,0,hk_scope_rejected,,0,,,,0,,0,0,0,false,0,,1,This OEM format looks HK-shaped but the prefix is not in the Hyundai/Kia catalog.
99211-Q5200,real_hk_unseeded,exists,Unknown,Unknown,,Hyundai/Kia,Q5,99211,combined,full,200,0.56,False,0,hk_scope_rejected,,0,,,,0,,0,0,0,false,0,,1,This OEM format looks HK-shaped but the prefix is not in the Hyundai/Kia catalog.
99910-DW210,real_hk_unseeded,exists,Unknown,Unknown,,Hyundai/Kia,DW,99910,combined,full,200,0.75,False,0,hk_scope_rejected,,0,,,,0,,0,0,0,false,0,,1,This OEM format looks HK-shaped but the prefix is not in the Hyundai/Kia catalog.
09149-H9060,real_hk_unseeded,exists,Unknown,Unknown,,Hyundai/Kia,H9,09149,combined,full,200,0.75,False,0,hk_scope_rejected,,0,,,,0,,0,0,0,false,0,,1,This OEM format looks HK-shaped but the prefix is not in the Hyundai/Kia catalog.
89465-33020,non_hk,non_hk,,,,,,,combined,full,200,10.96,False,20,combined,"cache,prefix_inference",0.9975,Lambda Sensor (Front Left),Hyundai / KIA,Electrical / Oxygen Sensor,3,BOSCH:0 258 002 210;CALORSTAT by Vernet:LS110021;MTE-THOMSON:7869.25.050,0,0,0,false,3,:;:;:,0,
99220-J5000,real_hk_unseeded,exists,Unknown,Unknown,,Hyundai/Kia,J5,99220,combined,full,200,0.8,False,0,hk_scope_rejected,,0,,,,0,,0,0,0,false,0,,1,This OEM format looks HK-shaped but the prefix is not in the Hyundai/Kia catalog.
99155-M6600,real_hk_unseeded,exists,Unknown,Unknown,,Hyundai/Kia,M6,99155,combined,full,200,0.73,False,0,hk_scope_rejected,,0,,,,0,,0,0,0,false,0,,1,This OEM format looks HK-shaped but the prefix is not in the Hyundai/Kia catalog.
05203-CV400,real_hk_unseeded,exists,Unknown,Unknown,,Hyundai,CV,05203,combined,full,200,0.52,False,0,hk_scope_rejected,,0,,,,0,,0,0,0,false,0,,1,This OEM format looks HK-shaped but the prefix is not in the Hyundai/Kia catalog.
09430-2C100,real_hk_unseeded,exists,Unknown,Unknown,,Hyundai/Kia,2C,09430,combined,full,200,0.77,False,0,hk_scope_rejected,,0,,,,0,,0,0,0,false,0,,1,This OEM format looks HK-shaped but the prefix is not in the Hyundai/Kia catalog.
77004-R5011,real_hk_unseeded,exists,Unknown,Unknown,,Hyundai/Kia,R5,77004,combined,full,200,0.79,False,0,hk_scope_rejected,,0,,,,0,,0,0,0,false,0,,1,This OEM format looks HK-shaped but the prefix is not in the Hyundai/Kia catalog.
89422-33020,non_hk,non_hk,,,,,,,combined,full,200,10.9,False,14,combined,"cache,prefix_inference",0.9975,"Sensor, coolant temperature (Front Left)",Hyundai / KIA," / Sensor, coolant temperature",2,NIPPARTS:N5625007;SIDAT:82.465,0,0,0,false,2,:;:,0,
00018-ADUP8,real_hk_unseeded,exists,Unknown,Unknown,,Hyundai/Kia,AD,00018,combined,full,200,0.5,False,0,hk_scope_rejected,,0,,,,0,,0,0,0,false,0,,1,This OEM format looks HK-shaped but the prefix is not in the Hyundai/Kia catalog.
05203-J5510,real_hk_unseeded,exists,Unknown,Unknown,,Hyundai/Kia,J5,05203,combined,full,200,0.92,False,0,hk_scope_rejected,,0,,,,0,,0,0,0,false,0,,1,This OEM format looks HK-shaped but the prefix is not in the Hyundai/Kia catalog.
09501-C9190,real_hk_unseeded,exists,Unknown,Unknown,,Hyundai/Kia,C9,09501,combined,full,200,0.45,False,0,hk_scope_rejected,,0,,,,0,,0,0,0,false,0,,1,This OEM format looks HK-shaped but the prefix is not in the Hyundai/Kia catalog.
99250-CV010,real_hk_unseeded,exists,Unknown,Unknown,,Hyundai,CV,99250,combined,full,200,0.74,False,0,hk_scope_rejected,,0,,,,0,,0,0,0,false,0,,1,This OEM format looks HK-shaped but the prefix is not in the Hyundai/Kia catalog.
99240-R0050,real_hk_unseeded,exists,Unknown,Unknown,,Hyundai/Kia,R0,99240,combined,full,200,0.73,False,0,hk_scope_rejected,,0,,,,0,,0,0,0,false,0,,1,This OEM format looks HK-shaped but the prefix is not in the Hyundai/Kia catalog.
48815-30070,non_hk,non_hk,,,,,,,combined,full,200,10.79,False,3,combined,"cache,prefix_inference",0.9975,Stabiliser Mounting,Hyundai / KIA, / Stabiliser Mounting,0,,0,0,0,false,0,,0,
20910-2SA02,real_hk_unseeded,exists,Unknown,Unknown,,Hyundai,2S,20910,combined,full,200,0.48,False,0,hk_scope_rejected,,0,,,,0,,0,0,0,false,0,,1,This OEM format looks HK-shaped but the prefix is not in the Hyundai/Kia catalog.
99241-K0500,real_hk_unseeded,exists,Unknown,Unknown,,Hyundai/Kia,K0,99241,combined,full,200,0.73,False,0,hk_scope_rejected,,0,,,,0,,0,0,0,false,0,,1,This OEM format looks HK-shaped but the prefix is not in the Hyundai/Kia catalog.
99140-L3120,real_hk_unseeded,exists,Unknown,Unknown,,Hyundai/Kia,L3,99140,combined,full,200,0.76,False,0,hk_scope_rejected,,0,,,,0,,0,0,0,false,0,,1,This OEM format looks HK-shaped but the prefix is not in the Hyundai/Kia catalog.
99910-L3100,real_hk_unseeded,exists,Unknown,Unknown,,Hyundai/Kia,L3,99910,combined,full,200,0.57,False,0,hk_scope_rejected,,0,,,,0,,0,0,0,false,0,,1,This OEM format looks HK-shaped but the prefix is not in the Hyundai/Kia catalog.
09375-GI900,real_hk_unseeded,exists,Unknown,Unknown,,Hyundai/Kia,GI,09375,combined,full,200,0.52,False,0,hk_scope_rejected,,0,,,,0,,0,0,0,false,0,,1,This OEM format looks HK-shaped but the prefix is not in the Hyundai/Kia catalog.
26350-2J001,real_hk_seeded,exists,Engine,Oil Filter,"oil,filter",Hyundai/Kia,2J,26350,combined,full,200,15.81,False,1,combined,"cache,prefix_inference",0.9975,Engine Oil Filter (V6),Hyundai / KIA,Engine / Oil Filter,0,,0,0,0,false,0,,0,
92101-G5540,real_hk_seeded,exists,Electrical,Headlight - Front Left,"headlight,front,left",Hyundai/Kia,G5,92101,combined,full,200,5.17,False,1,combined,"cache,prefix_inference,exact_oem,legacy",1,DRIVER SIDE HEADLIGHT ASSEMBLY,Hyundai / KIA,Electrical / Headlight Assembly,0,,0,0,0,false,0,,0,
58411-J5500,real_hk_seeded,exists,Brakes,Brake Disc - Rear,"brake,disc,rear",Hyundai/Kia,J5,58411,combined,full,200,10.77,False,8,combined,"cache,prefix_inference",0.9975,Brake Disc (Rear),Hyundai / KIA,Brakes / Brake Disc,0,,0,0,0,false,0,,0,
28795-M6500,real_hk_coarse,exists,Exhaust,Exhaust Manifold,"exhaust,manifold",Hyundai/Kia,M6,28795,combined,full,200,2.26,False,2,combined,"cache,prefix_inference",0.9975,Wiper Blade (Rear),Hyundai / KIA, / Wiper Blade,0,,0,0,0,false,0,,0,
99157-K0500,real_hk_unseeded,exists,Unknown,Unknown,,Hyundai/Kia,K0,99157,combined,full,200,0.51,False,0,hk_scope_rejected,,0,,,,0,,0,0,0,false,0,,1,This OEM format looks HK-shaped but the prefix is not in the Hyundai/Kia catalog.
11276-06161,real_hk_unseeded,exists,Unknown,Unknown,,Hyundai/Kia,06,11276,combined,full,200,0.77,False,0,hk_scope_rejected,,0,,,,0,,0,0,0,false,0,,1,This OEM format looks HK-shaped but the prefix is not in the Hyundai/Kia catalog.
42951-3D410,real_hk_unseeded,exists,Unknown,Unknown,,Hyundai/Kia,3D,42951,combined,full,200,0.76,False,0,hk_scope_rejected,,0,,,,0,,0,0,0,false,0,,1,This OEM format looks HK-shaped but the prefix is not in the Hyundai/Kia catalog.
99216-S9150,real_hk_unseeded,exists,Unknown,Unknown,,Hyundai/Kia,S9,99216,combined,full,200,0.75,False,0,hk_scope_rejected,,0,,,,0,,0,0,0,false,0,,1,This OEM format looks HK-shaped but the prefix is not in the Hyundai/Kia catalog.
99240-J5000,real_hk_unseeded,exists,Unknown,Unknown,,Hyundai/Kia,J5,99240,combined,full,200,0.74,False,0,hk_scope_rejected,,0,,,,0,,0,0,0,false,0,,1,This OEM format looks HK-shaped but the prefix is not in the Hyundai/Kia catalog.
80292-SDA-A01,non_hk,non_hk,,,,,,,combined,full,200,22.74,False,19,combined,"cross_brand,cross_reference",0.966,"Filter, interior air",HONDA,,0,,0,0,0,false,0,,0,
99150-L3100,real_hk_unseeded,exists,Unknown,Unknown,,Hyundai/Kia,L3,99150,combined,full,200,0.78,False,0,hk_scope_rejected,,0,,,,0,,0,0,0,false,0,,1,This OEM format looks HK-shaped but the prefix is not in the Hyundai/Kia catalog.
42952-4G080,real_hk_unseeded,exists,Unknown,Unknown,,Hyundai/Kia,4G,42952,combined,full,200,0.51,False,0,hk_scope_rejected,,0,,,,0,,0,0,0,false,0,,1,This OEM format looks HK-shaped but the prefix is not in the Hyundai/Kia catalog.
99145-K0500,real_hk_unseeded,exists,Unknown,Unknown,,Hyundai/Kia,K0,99145,combined,full,200,0.74,False,0,hk_scope_rejected,,0,,,,0,,0,0,0,false,0,,1,This OEM format looks HK-shaped but the prefix is not in the Hyundai/Kia catalog.
99140-K0500,real_hk_unseeded,exists,Unknown,Unknown,,Hyundai/Kia,K0,99140,combined,full,200,0.91,False,0,hk_scope_rejected,,0,,,,0,,0,0,0,false,0,,1,This OEM format looks HK-shaped but the prefix is not in the Hyundai/Kia catalog.
51621-S5A-J02,non_hk,non_hk,,,,,,,combined,full,200,13.06,False,0,combined,,0,,,,0,,0,0,0,false,0,,0,
99910-CH330,real_hk_unseeded,exists,Unknown,Unknown,,Hyundai/Kia,CH,99910,combined,full,200,0.5,False,0,hk_scope_rejected,,0,,,,0,,0,0,0,false,0,,1,This OEM format looks HK-shaped but the prefix is not in the Hyundai/Kia catalog.
20920-2SA02,real_hk_unseeded,exists,Unknown,Unknown,,Hyundai,2S,20920,combined,full,200,0.85,False,0,hk_scope_rejected,,0,,,,0,,0,0,0,false,0,,1,This OEM format looks HK-shaped but the prefix is not in the Hyundai/Kia catalog.
77003-R5011,real_hk_unseeded,exists,Unknown,Unknown,,Hyundai/Kia,R5,77003,combined,full,200,0.5,False,0,hk_scope_rejected,,0,,,,0,,0,0,0,false,0,,1,This OEM format looks HK-shaped but the prefix is not in the Hyundai/Kia catalog.
48619-30040,non_hk,non_hk,,,,,,,combined,full,200,13.37,False,1,combined,"cache,prefix_inference",0.9975,"Rolling Bearing, suspension strut support mounting (Rear Left)",Hyundai / KIA,Suspension / Shock Absorber / Strut,0,,0,0,0,false,0,,0,
77121-CV000,real_hk_unseeded,exists,Unknown,Unknown,,Hyundai,CV,77121,combined,full,200,0.48,False,0,hk_scope_rejected,,0,,,,0,,0,0,0,false,0,,1,This OEM format looks HK-shaped but the prefix is not in the Hyundai/Kia catalog.
09375-K4102,real_hk_unseeded,exists,Unknown,Unknown,,Hyundai/Kia,K4,09375,combined,full,200,0.53,False,0,hk_scope_rejected,,0,,,,0,,0,0,0,false,0,,1,This OEM format looks HK-shaped but the prefix is not in the Hyundai/Kia catalog.
09314-L1100,real_hk_unseeded,exists,Unknown,Unknown,,Hyundai,L1,09314,combined,full,200,0.47,False,0,hk_scope_rejected,,0,,,,0,,0,0,0,false,0,,1,This OEM format looks HK-shaped but the prefix is not in the Hyundai/Kia catalog.
15732-12003,real_hk_unseeded,exists,Unknown,Unknown,,Hyundai/Kia,12,15732,combined,full,200,0.58,False,0,hk_scope_rejected,,0,,,,0,,0,0,0,false,0,,1,This OEM format looks HK-shaped but the prefix is not in the Hyundai/Kia catalog.
77980-P1000,real_hk_unseeded,exists,Unknown,Unknown,,Kia,P1,77980,combined,full,200,0.75,False,0,hk_scope_rejected,,0,,,,0,,0,0,0,false,0,,1,This OEM format looks HK-shaped but the prefix is not in the Hyundai/Kia catalog.
51-13-6-799-953,non_hk,non_hk,,,,,,,combined,full,200,6.9,False,0,combined,,0,,,,0,,0,0,0,false,0,,0,
09474-4E300,real_hk_unseeded,exists,Unknown,Unknown,,Hyundai/Kia,4E,09474,combined,full,200,0.9,False,0,hk_scope_rejected,,0,,,,0,,0,0,0,false,0,,1,This OEM format looks HK-shaped but the prefix is not in the Hyundai/Kia catalog.
39-40-6-874-336,non_hk,non_hk,,,,,,,combined,full,200,7.7,False,0,combined,,0,,,,0,,0,0,0,false,0,,0,
09430-G2200,real_hk_unseeded,exists,Unknown,Unknown,,Hyundai/Kia,G2,09430,combined,full,200,0.73,False,0,hk_scope_rejected,,0,,,,0,,0,0,0,false,0,,1,This OEM format looks HK-shaped but the prefix is not in the Hyundai/Kia catalog.
35-11-8-853-131,non_hk,non_hk,,,,,,,combined,full,200,8.46,False,0,combined,,0,,,,0,,0,0,0,false,0,,0,
82460-2T010,real_hk_seeded,exists,Body,Power Window Motor - Front,"power,window,motor,front",Kia,2T,82460,combined,full,200,15.8,False,1,combined,"cache,prefix_inference",0.9975,"Electric Motor, window regulator (Front Right) for Kia Optima (2010-2015)",Kia," / Electric Motor, window regulator",0,,0,0,0,false,0,,0,
97134-AO010,real_hk_seeded,exists,HVAC,Cabin Air Filter,"cabin,air,filter",Hyundai/Kia,AO,97134,combined,full,200,4.14,False,1,combined,"cache,prefix_inference,exact_oem,legacy",1,HEATER &AMP; EVAPORATOR CASE,Hyundai / KIA,HVAC / Compressor A/C,0,,0,0,0,false,0,,0,
58101-P0A11,real_hk_seeded,exists,Brakes,Brake Pad Set - Front,"brake,pad,set,front",Hyundai/Kia,P0,58101,combined,full,200,2.52,False,2,combined,"cache,prefix_inference",0.9975,"Brake Pad Set, disc brake",Hyundai / KIA,Brakes / Brake Pad Set,0,,0,0,0,false,0,,0,
98610-CV600,real_hk_coarse,exists,Maintenance,Wiper System,"wiper,system",Hyundai,CV,98610,combined,full,200,2.28,False,2,combined,"cache,prefix_inference",0.9975,"Washer Fluid Tank, window cleaning (Passenger) for Hyundai Staria (2021+)",Hyundai," / Washer Fluid Tank, window cleaning",0,,0,0,0,false,0,,0,
80310-CV000,real_hk_unseeded,exists,Unknown,Unknown,,Hyundai,CV,80310,combined,full,200,0.44,False,0,hk_scope_rejected,,0,,,,0,,0,0,0,false,0,,1,This OEM format looks HK-shaped but the prefix is not in the Hyundai/Kia catalog.
17379-20834,real_hk_unseeded,exists,Unknown,Unknown,,Hyundai/Kia,20,17379,combined,full,200,0.55,False,0,hk_scope_rejected,,0,,,,0,,0,0,0,false,0,,1,This OEM format looks HK-shaped but the prefix is not in the Hyundai/Kia catalog.
35-11-6-762-969,non_hk,non_hk,,,,,,,combined,full,200,12.74,False,0,combined,,0,,,,0,,0,0,0,false,0,,0,
05203-R0420,real_hk_unseeded,exists,Unknown,Unknown,,Hyundai/Kia,R0,05203,combined,full,200,0.5,False,0,hk_scope_rejected,,0,,,,0,,0,0,0,false,0,,1,This OEM format looks HK-shaped but the prefix is not in the Hyundai/Kia catalog.
80292-SNA-A01,non_hk,non_hk,,,,,,,combined,full,200,12.74,False,0,combined,,0,,,,0,,0,0,0,false,0,,0,
99240-CV010,real_hk_unseeded,exists,Unknown,Unknown,,Hyundai,CV,99240,combined,full,200,0.69,False,0,hk_scope_rejected,,0,,,,0,,0,0,0,false,0,,1,This OEM format looks HK-shaped but the prefix is not in the Hyundai/Kia catalog.
80292-SDG-W41,non_hk,non_hk,,,,,,,combined,full,200,12.64,False,0,combined,,0,,,,0,,0,0,0,false,0,,0,
99150-P2000,real_hk_unseeded,exists,Unknown,Unknown,,Hyundai/Kia,P2,99150,combined,full,200,0.53,False,0,hk_scope_rejected,,0,,,,0,,0,0,0,false,0,,1,This OEM format looks HK-shaped but the prefix is not in the Hyundai/Kia catalog.
05203-H9210,real_hk_unseeded,exists,Unknown,Unknown,,Hyundai/Kia,H9,05203,combined,full,200,0.64,False,0,hk_scope_rejected,,0,,,,0,,0,0,0,false,0,,1,This OEM format looks HK-shaped but the prefix is not in the Hyundai/Kia catalog.
not-an-oem,non_hk,non_hk,,,,,,,combined,full,200,1.23,False,0,combined,,0,,,,0,,0,0,0,false,0,,0,
17925-04200,real_hk_unseeded,exists,Unknown,Unknown,,Hyundai/Kia,04,17925,combined,full,200,0.46,False,0,hk_scope_rejected,,0,,,,0,,0,0,0,false,0,,1,This OEM format looks HK-shaped but the prefix is not in the Hyundai/Kia catalog.
99240-P1200,real_hk_unseeded,exists,Unknown,Unknown,,Kia,P1,99240,combined,full,200,0.53,False,0,hk_scope_rejected,,0,,,,0,,0,0,0,false,0,,1,This OEM format looks HK-shaped but the prefix is not in the Hyundai/Kia catalog.
test,non_hk,non_hk,,,,,,,combined,full,200,3.41,False,0,combined,,0,,,,0,,0,0,0,false,0,,0,
09527-AL300,real_hk_unseeded,exists,Unknown,Unknown,,Hyundai/Kia,AL,09527,combined,full,200,0.89,False,0,hk_scope_rejected,,0,,,,0,,0,0,0,false,0,,1,This OEM format looks HK-shaped but the prefix is not in the Hyundai/Kia catalog.
05203-R5410,real_hk_unseeded,exists,Unknown,Unknown,,Hyundai/Kia,R5,05203,combined,full,200,1.79,False,0,hk_scope_rejected,,0,,,,0,,0,0,0,false,0,,1,This OEM format looks HK-shaped but the prefix is not in the Hyundai/Kia catalog.
null,non_hk,non_hk,,,,,,,combined,full,200,4.83,False,0,combined,,0,,,,0,,0,0,0,false,0,,0,
99140-L3000,real_hk_unseeded,exists,Unknown,Unknown,,Hyundai/Kia,L3,99140,combined,full,200,0.77,False,0,hk_scope_rejected,,0,,,,0,,0,0,0,false,0,,1,This OEM format looks HK-shaped but the prefix is not in the Hyundai/Kia catalog.
99120-CV100,real_hk_unseeded,exists,Unknown,Unknown,,Hyundai,CV,99120,combined,full,200,0.82,False,0,hk_scope_rejected,,0,,,,0,,0,0,0,false,0,,1,This OEM format looks HK-shaped but the prefix is not in the Hyundai/Kia catalog.
aaaaa-aaaaa,non_hk,non_hk,,,,,,,combined,full,200,0.71,False,0,combined,,0,,,,0,,0,0,0,false,0,,0,
99240-P1250,real_hk_unseeded,exists,Unknown,Unknown,,Kia,P1,99240,combined,full,200,0.7,False,0,hk_scope_rejected,,0,,,,0,,0,0,0,false,0,,1,This OEM format looks HK-shaped but the prefix is not in the Hyundai/Kia catalog.
20910-2SH02,real_hk_unseeded,exists,Unknown,Unknown,,Hyundai,2S,20910,combined,full,200,0.78,False,0,hk_scope_rejected,,0,,,,0,,0,0,0,false,0,,1,This OEM format looks HK-shaped but the prefix is not in the Hyundai/Kia catalog.
undefined,non_hk,non_hk,,,,,,,combined,full,200,2.4,False,0,combined,,0,,,,0,,0,0,0,false,0,,0,
20920-08S00,real_hk_unseeded,exists,Unknown,Unknown,,Hyundai/Kia,08,20920,combined,full,200,0.77,False,0,hk_scope_rejected,,0,,,,0,,0,0,0,false,0,,1,This OEM format looks HK-shaped but the prefix is not in the Hyundai/Kia catalog.
10144-06203,real_hk_unseeded,exists,Unknown,Unknown,,Hyundai/Kia,06,10144,combined,full,200,0.79,False,0,hk_scope_rejected,,0,,,,0,,0,0,0,false,0,,1,This OEM format looks HK-shaped but the prefix is not in the Hyundai/Kia catalog.
NULL,non_hk,non_hk,,,,,,,combined,full,200,0.51,False,0,combined,,0,,,,0,,0,0,0,false,0,,0,
99216-P2000,real_hk_unseeded,exists,Unknown,Unknown,,Hyundai/Kia,P2,99216,combined,full,200,0.66,False,0,hk_scope_rejected,,0,,,,0,,0,0,0,false,0,,1,This OEM format looks HK-shaped but the prefix is not in the Hyundai/Kia catalog.
77121-L2000,real_hk_unseeded,exists,Unknown,Unknown,,Kia,L2,77121,combined,full,200,0.79,False,0,hk_scope_rejected,,0,,,,0,,0,0,0,false,0,,1,This OEM format looks HK-shaped but the prefix is not in the Hyundai/Kia catalog.
None,non_hk,non_hk,,,,,,,combined,full,200,2.42,False,0,combined,,0,,,,0,,0,0,0,false,0,,0,
54650-Q5UD0,real_hk_seeded,exists,Suspension,Shock Absorber - Front,"shock,absorber,front",Hyundai/Kia,Q5,54650,combined,full,200,16.86,False,1,combined,"cache,prefix_inference",0.9975,Shock Absorber,Hyundai / KIA,Suspension / Shock Absorber / Strut,0,,0,0,0,false,0,,0,
80660-P1050,real_hk_unseeded,exists,Unknown,Unknown,,Kia,P1,80660,combined,full,200,0.54,False,0,hk_scope_rejected,,0,,,,0,,0,0,0,false,0,,1,This OEM format looks HK-shaped but the prefix is not in the Hyundai/Kia catalog.
77980-L2000,real_hk_unseeded,exists,Unknown,Unknown,,Kia,L2,77980,combined,full,200,1.07,False,0,hk_scope_rejected,,0,,,,0,,0,0,0,false,0,,1,This OEM format looks HK-shaped but the prefix is not in the Hyundai/Kia catalog.
99999-99999,non_hk,non_hk,,,,,,,combined,full,200,0.77,False,0,hk_scope_rejected,,0,,,,0,,0,0,0,false,0,,1,This OEM format looks HK-shaped but the prefix is not in the Hyundai/Kia catalog.
12291-05123,real_hk_unseeded,exists,Unknown,Unknown,,Hyundai/Kia,05,12291,combined,full,200,1.09,False,0,hk_scope_rejected,,0,,,,0,,0,0,0,false,0,,1,This OEM format looks HK-shaped but the prefix is not in the Hyundai/Kia catalog.
12345-ABCDE,non_hk,non_hk,,,,,,,combined,full,200,0.77,False,0,hk_scope_rejected,,0,,,,0,,0,0,0,false,0,,1,This OEM format looks HK-shaped but the prefix is not in the Hyundai/Kia catalog.
99220-CV010,real_hk_unseeded,exists,Unknown,Unknown,,Hyundai,CV,99220,combined,full,200,0.71,False,0,hk_scope_rejected,,0,,,,0,,0,0,0,false,0,,1,This OEM format looks HK-shaped but the prefix is not in the Hyundai/Kia catalog.
None,non_hk,non_hk,,,,,,,combined,full,200,2.41,False,0,combined,,0,,,,0,,0,0,0,false,0,,0,
09149-N9000,real_hk_unseeded,exists,Unknown,Unknown,,Hyundai,N9,09149,combined,full,200,0.73,False,0,hk_scope_rejected,,0,,,,0,,0,0,0,false,0,,1,This OEM format looks HK-shaped but the prefix is not in the Hyundai/Kia catalog.
0,non_hk,non_hk,,,,,,,combined,full,200,1.64,False,0,combined,,0,,,,0,,0,0,0,false,0,,0,
80610-P1550,real_hk_unseeded,exists,Unknown,Unknown,,Kia,P1,80610,combined,full,200,0.5,False,0,hk_scope_rejected,,0,,,,0,,0,0,0,false,0,,1,This OEM format looks HK-shaped but the prefix is not in the Hyundai/Kia catalog.
09110-J5000,real_hk_unseeded,exists,Unknown,Unknown,,Hyundai/Kia,J5,09110,combined,full,200,0.76,False,0,hk_scope_rejected,,0,,,,0,,0,0,0,false,0,,1,This OEM format looks HK-shaped but the prefix is not in the Hyundai/Kia catalog.
80610-AT950,real_hk_unseeded,exists,Unknown,Unknown,,Hyundai/Kia,AT,80610,combined,full,200,0.53,False,0,hk_scope_rejected,,0,,,,0,,0,0,0,false,0,,1,This OEM format looks HK-shaped but the prefix is not in the Hyundai/Kia catalog.
80100-K0600,real_hk_unseeded,exists,Unknown,Unknown,,Hyundai/Kia,K0,80100,combined,full,200,0.82,False,0,hk_scope_rejected,,0,,,,0,,0,0,0,false,0,,1,This OEM format looks HK-shaped but the prefix is not in the Hyundai/Kia catalog.
12345,non_hk,non_hk,,,,,,,combined,full,200,12.1,False,5,combined,cache,1,Engine Mounting,FEBI BILSTEIN,,0,,0,0,0,false,0,,0,
99240-L3000,real_hk_unseeded,exists,Unknown,Unknown,,Hyundai/Kia,L3,99240,combined,full,200,0.72,False,0,hk_scope_rejected,,0,,,,0,,0,0,0,false,0,,1,This OEM format looks HK-shaped but the prefix is not in the Hyundai/Kia catalog.
99120-AO000,real_hk_unseeded,exists,Unknown,Unknown,,Hyundai/Kia,AO,99120,combined,full,200,0.47,False,0,hk_scope_rejected,,0,,,,0,,0,0,0,false,0,,1,This OEM format looks HK-shaped but the prefix is not in the Hyundai/Kia catalog.
09501-C9100,real_hk_unseeded,exists,Unknown,Unknown,,Hyundai/Kia,C9,09501,combined,full,200,0.75,False,0,hk_scope_rejected,,0,,,,0,,0,0,0,false,0,,1,This OEM format looks HK-shaped but the prefix is not in the Hyundai/Kia catalog.
99157-J6000,real_hk_unseeded,exists,Unknown,Unknown,,Hyundai/Kia,J6,99157,combined,full,200,0.56,False,0,hk_scope_rejected,,0,,,,0,,0,0,0,false,0,,1,This OEM format looks HK-shaped but the prefix is not in the Hyundai/Kia catalog.
80420-CV000,real_hk_unseeded,exists,Unknown,Unknown,,Hyundai,CV,80420,combined,full,200,0.54,False,0,hk_scope_rejected,,0,,,,0,,0,0,0,false,0,,1,This OEM format looks HK-shaped but the prefix is not in the Hyundai/Kia catalog.
77003-H9100,real_hk_unseeded,exists,Unknown,Unknown,,Hyundai/Kia,H9,77003,combined,full,200,0.58,False,0,hk_scope_rejected,,0,,,,0,,0,0,0,false,0,,1,This OEM format looks HK-shaped but the prefix is not in the Hyundai/Kia catalog.
09200-L1200,real_hk_unseeded,exists,Unknown,Unknown,,Hyundai,L1,09200,combined,full,200,0.49,False,0,hk_scope_rejected,,0,,,,0,,0,0,0,false,0,,1,This OEM format looks HK-shaped but the prefix is not in the Hyundai/Kia catalog.
99120-S9050,real_hk_unseeded,exists,Unknown,Unknown,,Hyundai/Kia,S9,99120,combined,full,200,0.52,False,0,hk_scope_rejected,,0,,,,0,,0,0,0,false,0,,1,This OEM format looks HK-shaped but the prefix is not in the Hyundai/Kia catalog.
17925-04014,real_hk_unseeded,exists,Unknown,Unknown,,Hyundai/Kia,04,17925,combined,full,200,0.47,False,0,hk_scope_rejected,,0,,,,0,,0,0,0,false,0,,1,This OEM format looks HK-shaped but the prefix is not in the Hyundai/Kia catalog.
99110-J5600,real_hk_unseeded,exists,Unknown,Unknown,,Hyundai/Kia,J5,99110,combined,full,200,0.79,False,0,hk_scope_rejected,,0,,,,0,,0,0,0,false,0,,1,This OEM format looks HK-shaped but the prefix is not in the Hyundai/Kia catalog.
11403-10203,real_hk_unseeded,exists,Unknown,Unknown,,Hyundai/Kia,10,11403,combined,full,200,0.69,False,0,hk_scope_rejected,,0,,,,0,,0,0,0,false,0,,1,This OEM format looks HK-shaped but the prefix is not in the Hyundai/Kia catalog.
13-71-7-542-101,non_hk,non_hk,,,,,,,combined,full,200,4.18,False,0,combined,,0,,,,0,,0,0,0,false,0,,0,
12492-04089,real_hk_unseeded,exists,Unknown,Unknown,,Hyundai/Kia,04,12492,combined,full,200,1.01,False,0,hk_scope_rejected,,0,,,,0,,0,0,0,false,0,,1,This OEM format looks HK-shaped but the prefix is not in the Hyundai/Kia catalog.
42700-2N000,real_hk_unseeded,exists,Unknown,Unknown,,Hyundai/Kia,2N,42700,combined,full,200,0.53,False,0,hk_scope_rejected,,0,,,,0,,0,0,0,false,0,,1,This OEM format looks HK-shaped but the prefix is not in the Hyundai/Kia catalog.
09430-2C800,real_hk_unseeded,exists,Unknown,Unknown,,Hyundai/Kia,2C,09430,combined,full,200,0.91,False,0,hk_scope_rejected,,0,,,,0,,0,0,0,false,0,,1,This OEM format looks HK-shaped but the prefix is not in the Hyundai/Kia catalog.
77925-T1000,real_hk_unseeded,exists,Unknown,Unknown,,Hyundai/Kia,T1,77925,combined,full,200,0.54,False,0,hk_scope_rejected,,0,,,,0,,0,0,0,false,0,,1,This OEM format looks HK-shaped but the prefix is not in the Hyundai/Kia catalog.
99240-F6010,real_hk_unseeded,exists,Unknown,Unknown,,Hyundai/Kia,F6,99240,combined,full,200,0.56,False,0,hk_scope_rejected,,0,,,,0,,0,0,0,false,0,,1,This OEM format looks HK-shaped but the prefix is not in the Hyundai/Kia catalog.
99246-CV000,real_hk_unseeded,exists,Unknown,Unknown,,Hyundai,CV,99246,combined,full,200,0.58,False,0,hk_scope_rejected,,0,,,,0,,0,0,0,false,0,,1,This OEM format looks HK-shaped but the prefix is not in the Hyundai/Kia catalog.
77915-T1000,real_hk_unseeded,exists,Unknown,Unknown,,Hyundai/Kia,T1,77915,combined,full,200,0.62,False,0,hk_scope_rejected,,0,,,,0,,0,0,0,false,0,,1,This OEM format looks HK-shaped but the prefix is not in the Hyundai/Kia catalog.
09149-F6900,real_hk_unseeded,exists,Unknown,Unknown,,Hyundai/Kia,F6,09149,combined,full,200,0.57,False,0,hk_scope_rejected,,0,,,,0,,0,0,0,false,0,,1,This OEM format looks HK-shaped but the prefix is not in the Hyundai/Kia catalog.
77513-K0000,real_hk_unseeded,exists,Unknown,Unknown,,Hyundai/Kia,K0,77513,combined,full,200,0.55,False,0,hk_scope_rejected,,0,,,,0,,0,0,0,false,0,,1,This OEM format looks HK-shaped but the prefix is not in the Hyundai/Kia catalog.
99910-CV070,real_hk_unseeded,exists,Unknown,Unknown,,Hyundai,CV,99910,combined,full,200,0.9,False,0,hk_scope_rejected,,0,,,,0,,0,0,0,false,0,,1,This OEM format looks HK-shaped but the prefix is not in the Hyundai/Kia catalog.
09430-A5200,real_hk_unseeded,exists,Unknown,Unknown,,Hyundai,A5,09430,combined,full,200,0.75,False,0,hk_scope_rejected,,0,,,,0,,0,0,0,false,0,,1,This OEM format looks HK-shaped but the prefix is not in the Hyundai/Kia catalog.
13-71-8-604-825,non_hk,non_hk,,,,,,,combined,full,200,4.34,False,0,combined,,0,,,,0,,0,0,0,false,0,,0,
09474-4E100,real_hk_unseeded,exists,Unknown,Unknown,,Hyundai/Kia,4E,09474,combined,full,200,0.89,False,0,hk_scope_rejected,,0,,,,0,,0,0,0,false,0,,1,This OEM format looks HK-shaped but the prefix is not in the Hyundai/Kia catalog.
79230-F6000,real_hk_unseeded,exists,Unknown,Unknown,,Hyundai/Kia,F6,79230,combined,full,200,0.91,False,0,hk_scope_rejected,,0,,,,0,,0,0,0,false,0,,1,This OEM format looks HK-shaped but the prefix is not in the Hyundai/Kia catalog.
99140-R0010,real_hk_unseeded,exists,Unknown,Unknown,,Hyundai/Kia,R0,99140,combined,full,200,0.71,False,0,hk_scope_rejected,,0,,,,0,,0,0,0,false,0,,1,This OEM format looks HK-shaped but the prefix is not in the Hyundai/Kia catalog.
42620-4G601,real_hk_unseeded,exists,Unknown,Unknown,,Hyundai/Kia,4G,42620,combined,full,200,0.55,False,0,hk_scope_rejected,,0,,,,0,,0,0,0,false,0,,1,This OEM format looks HK-shaped but the prefix is not in the Hyundai/Kia catalog.
99110-P4000,real_hk_unseeded,exists,Unknown,Unknown,,Hyundai/Kia,P4,99110,combined,full,200,0.59,False,0,hk_scope_rejected,,0,,,,0,,0,0,0,false,0,,1,This OEM format looks HK-shaped but the prefix is not in the Hyundai/Kia catalog.
80420-K0000,real_hk_unseeded,exists,Unknown,Unknown,,Hyundai/Kia,K0,80420,combined,full,200,0.54,False,0,hk_scope_rejected,,0,,,,0,,0,0,0,false,0,,1,This OEM format looks HK-shaped but the prefix is not in the Hyundai/Kia catalog.
80620-P1000,real_hk_unseeded,exists,Unknown,Unknown,,Kia,P1,80620,combined,full,200,0.47,False,0,hk_scope_rejected,,0,,,,0,,0,0,0,false,0,,1,This OEM format looks HK-shaped but the prefix is not in the Hyundai/Kia catalog.
99150-R0010,real_hk_unseeded,exists,Unknown,Unknown,,Hyundai/Kia,R0,99150,combined,full,200,0.56,False,0,hk_scope_rejected,,0,,,,0,,0,0,0,false,0,,1,This OEM format looks HK-shaped but the prefix is not in the Hyundai/Kia catalog.
09171-R0000,real_hk_unseeded,exists,Unknown,Unknown,,Hyundai/Kia,R0,09171,combined,full,200,0.45,False,0,hk_scope_rejected,,0,,,,0,,0,0,0,false,0,,1,This OEM format looks HK-shaped but the prefix is not in the Hyundai/Kia catalog.
80410-DW000,real_hk_unseeded,exists,Unknown,Unknown,,Hyundai/Kia,DW,80410,combined,full,200,1.02,False,0,hk_scope_rejected,,0,,,,0,,0,0,0,false,0,,1,This OEM format looks HK-shaped but the prefix is not in the Hyundai/Kia catalog.
77910-T1000,real_hk_unseeded,exists,Unknown,Unknown,,Hyundai/Kia,T1,77910,combined,full,200,0.42,False,0,hk_scope_rejected,,0,,,,0,,0,0,0,false,0,,1,This OEM format looks HK-shaped but the prefix is not in the Hyundai/Kia catalog.
34-11-6-799-964,non_hk,non_hk,,,,,,,combined,full,200,10.99,False,15,combined,"cross_reference,cross_brand,legacy,exact_oem",1,"Brake Pad Set, disc brake",DELPHI,,1,DELPHI:LP2287,0,0,0,false,1,:,0,
99147-J6000,real_hk_unseeded,exists,Unknown,Unknown,,Hyundai/Kia,J6,99147,combined,full,200,1.07,False,0,hk_scope_rejected,,0,,,,0,,0,0,0,false,0,,1,This OEM format looks HK-shaped but the prefix is not in the Hyundai/Kia catalog.
05203-AT220,real_hk_unseeded,exists,Unknown,Unknown,,Hyundai/Kia,AT,05203,combined,full,200,0.97,False,0,hk_scope_rejected,,0,,,,0,,0,0,0,false,0,,1,This OEM format looks HK-shaped but the prefix is not in the Hyundai/Kia catalog.
80420-R0500,real_hk_unseeded,exists,Unknown,Unknown,,Hyundai/Kia,R0,80420,combined,full,200,0.76,False,0,hk_scope_rejected,,0,,,,0,,0,0,0,false,0,,1,This OEM format looks HK-shaped but the prefix is not in the Hyundai/Kia catalog.
99240-CV510,real_hk_unseeded,exists,Unknown,Unknown,,Hyundai,CV,99240,combined,full,200,0.53,False,0,hk_scope_rejected,,0,,,,0,,0,0,0,false,0,,1,This OEM format looks HK-shaped but the prefix is not in the Hyundai/Kia catalog.
00344-ADU01,real_hk_unseeded,exists,Unknown,Unknown,,Hyundai/Kia,AD,00344,combined,full,200,0.59,False,0,hk_scope_rejected,,0,,,,0,,0,0,0,false,0,,1,This OEM format looks HK-shaped but the prefix is not in the Hyundai/Kia catalog.
99211-J5000,real_hk_unseeded,exists,Unknown,Unknown,,Hyundai/Kia,J5,99211,combined,full,200,1.06,False,0,hk_scope_rejected,,0,,,,0,,0,0,0,false,0,,1,This OEM format looks HK-shaped but the prefix is not in the Hyundai/Kia catalog.
79283-H9010,real_hk_unseeded,exists,Unknown,Unknown,,Hyundai/Kia,H9,79283,combined,full,200,0.53,False,0,hk_scope_rejected,,0,,,,0,,0,0,0,false,0,,1,This OEM format looks HK-shaped but the prefix is not in the Hyundai/Kia catalog.
F2GZ-9601-A,non_hk,non_hk,,,,,,,combined,full,200,13.31,False,10,combined,legacy,0.75245625,"Filter, interior air",KAVO PARTS,,3,AMC Filter:SC-9601;HIFI FILTER:SC 8025 CA;TECNECO FILTERS:CK22023,1,0,0,false,1,:,0,
77111-R0000,real_hk_unseeded,exists,Unknown,Unknown,,Hyundai/Kia,R0,77111,combined,full,200,0.76,False,0,hk_scope_rejected,,0,,,,0,,0,0,0,false,0,,1,This OEM format looks HK-shaped but the prefix is not in the Hyundai/Kia catalog.
77990-CV000,real_hk_unseeded,exists,Unknown,Unknown,,Hyundai,CV,77990,combined,full,200,0.7,False,0,hk_scope_rejected,,0,,,,0,,0,0,0,false,0,,1,This OEM format looks HK-shaped but the prefix is not in the Hyundai/Kia catalog.
99220-P1100,real_hk_unseeded,exists,Unknown,Unknown,,Kia,P1,99220,combined,full,200,0.76,False,0,hk_scope_rejected,,0,,,,0,,0,0,0,false,0,,1,This OEM format looks HK-shaped but the prefix is not in the Hyundai/Kia catalog.
09501-C9230,real_hk_unseeded,exists,Unknown,Unknown,,Hyundai/Kia,C9,09501,combined,full,200,0.44,False,0,hk_scope_rejected,,0,,,,0,,0,0,0,false,0,,1,This OEM format looks HK-shaped but the prefix is not in the Hyundai/Kia catalog.
09127-4D100,real_hk_unseeded,exists,Unknown,Unknown,,Kia,4D,09127,combined,full,200,0.9,False,0,hk_scope_rejected,,0,,,,0,,0,0,0,false,0,,1,This OEM format looks HK-shaped but the prefix is not in the Hyundai/Kia catalog.
99250-CV020,real_hk_unseeded,exists,Unknown,Unknown,,Hyundai,CV,99250,combined,full,200,0.49,False,0,hk_scope_rejected,,0,,,,0,,0,0,0,false,0,,1,This OEM format looks HK-shaped but the prefix is not in the Hyundai/Kia catalog.
09351-C3700,real_hk_unseeded,exists,Unknown,Unknown,,Hyundai/Kia,C3,09351,combined,full,200,0.98,False,0,hk_scope_rejected,,0,,,,0,,0,0,0,false,0,,1,This OEM format looks HK-shaped but the prefix is not in the Hyundai/Kia catalog.
99910-DW100,real_hk_unseeded,exists,Unknown,Unknown,,Hyundai/Kia,DW,99910,combined,full,200,0.55,False,0,hk_scope_rejected,,0,,,,0,,0,0,0,false,0,,1,This OEM format looks HK-shaped but the prefix is not in the Hyundai/Kia catalog.
42951-4G190,real_hk_unseeded,exists,Unknown,Unknown,,Hyundai/Kia,4G,42951,combined,full,200,0.46,False,0,hk_scope_rejected,,0,,,,0,,0,0,0,false,0,,1,This OEM format looks HK-shaped but the prefix is not in the Hyundai/Kia catalog.
09149-P4100,real_hk_unseeded,exists,Unknown,Unknown,,Hyundai/Kia,P4,09149,combined,full,200,0.63,False,0,hk_scope_rejected,,0,,,,0,,0,0,0,false,0,,1,This OEM format looks HK-shaped but the prefix is not in the Hyundai/Kia catalog.
99150-K0600,real_hk_unseeded,exists,Unknown,Unknown,,Hyundai/Kia,K0,99150,combined,full,200,0.52,False,0,hk_scope_rejected,,0,,,,0,,0,0,0,false,0,,1,This OEM format looks HK-shaped but the prefix is not in the Hyundai/Kia catalog.
31-10-6-796-475,non_hk,non_hk,,,,,,,combined,full,200,4.44,False,0,combined,,0,,,,0,,0,0,0,false,0,,0,
87610-S9570,real_hk_seeded,exists,Body,Exterior Mirror,"exterior,mirror",Hyundai/Kia,S9,87610,combined,full,200,11.01,False,1,combined,"prefix_inference,cache",0.9975,Outside Mirror,Hyundai / KIA, / Outside Mirror,0,,0,0,0,false,0,,0,
92102-Q5130,real_hk_seeded,exists,Electrical,Headlight - Front Right,"headlight,front,right",Hyundai/Kia,Q5,92102,combined,full,0,0.4,False,0,,,0,,,,0,,0,0,0,false,0,,0,
31071-R0520,real_hk_coarse,exists,Drivetrain,Front Differential,"front,differential",Hyundai/Kia,R0,31071,combined,full,200,3.25,False,0,combined,,0,,,,0,,0,0,0,false,0,,0,
99250-L2100,real_hk_unseeded,exists,Unknown,Unknown,,Kia,L2,99250,combined,full,200,0.69,False,0,hk_scope_rejected,,0,,,,0,,0,0,0,false,0,,1,This OEM format looks HK-shaped but the prefix is not in the Hyundai/Kia catalog.
82460-DW010,real_hk_seeded,exists,Body,Power Window Motor - Front,"power,window,motor,front",Hyundai/Kia,DW,82460,combined,full,200,3.92,False,1,combined,"cache,prefix_inference,exact_oem,legacy",1,FRONT POWER WINDOW MOTOR ASSEMBLY,Hyundai / KIA,Body / Glass / Windshield,0,,0,0,0,false,0,,0,
54650-AT600,real_hk_seeded,exists,Suspension,Shock Absorber - Front,"shock,absorber,front",Hyundai/Kia,AT,54650,combined,full,200,5.22,False,1,combined,"prefix_inference,cache",0.9975,Shock Absorber (Passenger),Hyundai / KIA,Suspension / Shock Absorber / Strut,0,,0,0,0,false,0,,0,
92401-F6520,real_hk_seeded,exists,Electrical,Tail Light - Rear Left,"tail,light,rear,left",Hyundai/Kia,F6,92401,combined,full,200,4.66,False,1,combined,"cache,prefix_inference",0.9975,Combination Rearlight,Hyundai / KIA, / Combination Rearlight,0,,0,0,0,false,0,,0,
45637-4G118,real_hk_coarse,exists,Transmission,Manual Transmission,"manual,transmission",Hyundai/Kia,4G,45637,combined,full,200,2.18,False,1,combined,"cache,exact_oem,legacy",0.937125,PLATE - LOW &amp; REVERSE BRAKE,Hyundai / KIA,Transmission / Manual Transmission,0,,0,0,0,false,0,,0,
09127-2K000,real_hk_unseeded,exists,Unknown,Unknown,,Hyundai/Kia,2K,09127,combined,full,200,0.52,False,0,hk_scope_rejected,,0,,,,0,,0,0,0,false,0,,1,This OEM format looks HK-shaped but the prefix is not in the Hyundai/Kia catalog.
77920-T1000,real_hk_unseeded,exists,Unknown,Unknown,,Hyundai/Kia,T1,77920,combined,full,200,0.46,False,0,hk_scope_rejected,,0,,,,0,,0,0,0,false,0,,1,This OEM format looks HK-shaped but the prefix is not in the Hyundai/Kia catalog.
99240-F6500,real_hk_unseeded,exists,Unknown,Unknown,,Hyundai/Kia,F6,99240,combined,full,200,0.6,False,0,hk_scope_rejected,,0,,,,0,,0,0,0,false,0,,1,This OEM format looks HK-shaped but the prefix is not in the Hyundai/Kia catalog.
42952-2D040,real_hk_unseeded,exists,Unknown,Unknown,,Hyundai/Kia,2D,42952,combined,full,200,0.75,False,0,hk_scope_rejected,,0,,,,0,,0,0,0,false,0,,1,This OEM format looks HK-shaped but the prefix is not in the Hyundai/Kia catalog.
77523-K0000,real_hk_unseeded,exists,Unknown,Unknown,,Hyundai/Kia,K0,77523,combined,full,200,0.51,False,0,hk_scope_rejected,,0,,,,0,,0,0,0,false,0,,1,This OEM format looks HK-shaped but the prefix is not in the Hyundai/Kia catalog.
PE01-15-171,non_hk,non_hk,,,,,,,combined,full,200,12.53,False,0,combined,,0,,,,0,,0,0,0,false,0,,0,
80410-R0500,real_hk_unseeded,exists,Unknown,Unknown,,Hyundai/Kia,R0,80410,combined,full,200,0.55,False,0,hk_scope_rejected,,0,,,,0,,0,0,0,false,0,,1,This OEM format looks HK-shaped but the prefix is not in the Hyundai/Kia catalog.
KIA GENUINE,non_hk,non_hk,,,,,,,combined,full,200,0.76,False,0,combined,,0,,,,0,,0,0,0,false,0,,0,
99140-Q5500,real_hk_unseeded,exists,Unknown,Unknown,,Hyundai/Kia,Q5,99140,combined,full,200,0.48,False,0,hk_scope_rejected,,0,,,,0,,0,0,0,false,0,,1,This OEM format looks HK-shaped but the prefix is not in the Hyundai/Kia catalog.
MAHLE OC205,non_hk,non_hk,,,,,,,combined,full,200,15.76,False,2,combined,legacy,0.75245625,Oil Filter,MAHLE,,1,KNECHT:OC 205,0,0,0,false,1,:,0,
14168-0802B,real_hk_unseeded,exists,Unknown,Unknown,,Hyundai/Kia,08,14168,combined,full,200,0.57,False,0,hk_scope_rejected,,0,,,,0,,0,0,0,false,0,,1,This OEM format looks HK-shaped but the prefix is not in the Hyundai/Kia catalog.
MANN W811/80,non_hk,non_hk,,,,,,,combined,full,200,22.53,False,1,combined,legacy,0.75245625,Oil Filter,MANN-FILTER,,50,AKRON-MAL├Æ:1510201;AMC Filter:CO-101;AMC Filter:CO-102,0,0,0,false,1,:,0,
42952-2N050,real_hk_unseeded,exists,Unknown,Unknown,,Hyundai/Kia,2N,42952,combined,full,200,0.53,False,0,hk_scope_rejected,,0,,,,0,,0,0,0,false,0,,1,This OEM format looks HK-shaped but the prefix is not in the Hyundai/Kia catalog.
AIR FILTER,non_hk,non_hk,,,,,,,combined,full,200,12.45,False,10,combined,legacy,0.75245625,Fuel filter,MAHLE,,3,KNECHT:LIFE-TIME-FILTER;MANN-FILTER:Life-Time Filter;MEYLE:LIFE-TIME-FILTER,1,0,0,false,1,:,0,
99240-L3500,real_hk_unseeded,exists,Unknown,Unknown,,Hyundai/Kia,L3,99240,combined,full,200,0.59,False,0,hk_scope_rejected,,0,,,,0,,0,0,0,false,0,,1,This OEM format looks HK-shaped but the prefix is not in the Hyundai/Kia catalog.
05203-P1430,real_hk_unseeded,exists,Unknown,Unknown,,Kia,P1,05203,combined,full,200,0.49,False,0,hk_scope_rejected,,0,,,,0,,0,0,0,false,0,,1,This OEM format looks HK-shaped but the prefix is not in the Hyundai/Kia catalog.
77980-AT000,real_hk_unseeded,exists,Unknown,Unknown,,Hyundai/Kia,AT,77980,combined,full,200,0.77,False,0,hk_scope_rejected,,0,,,,0,,0,0,0,false,0,,1,This OEM format looks HK-shaped but the prefix is not in the Hyundai/Kia catalog.
00144-ADU01,real_hk_unseeded,exists,Unknown,Unknown,,Hyundai/Kia,AD,00144,combined,full,200,0.53,False,0,hk_scope_rejected,,0,,,,0,,0,0,0,false,0,,1,This OEM format looks HK-shaped but the prefix is not in the Hyundai/Kia catalog.
99110-P2000,real_hk_unseeded,exists,Unknown,Unknown,,Hyundai/Kia,P2,99110,combined,full,200,0.58,False,0,hk_scope_rejected,,0,,,,0,,0,0,0,false,0,,1,This OEM format looks HK-shaped but the prefix is not in the Hyundai/Kia catalog.
99230-F6500,real_hk_unseeded,exists,Unknown,Unknown,,Hyundai/Kia,F6,99230,combined,full,200,0.46,False,0,hk_scope_rejected,,0,,,,0,,0,0,0,false,0,,1,This OEM format looks HK-shaped but the prefix is not in the Hyundai/Kia catalog.
99220-L2000,real_hk_unseeded,exists,Unknown,Unknown,,Kia,L2,99220,combined,full,200,0.45,False,0,hk_scope_rejected,,0,,,,0,,0,0,0,false,0,,1,This OEM format looks HK-shaped but the prefix is not in the Hyundai/Kia catalog.
09110-P2000,real_hk_unseeded,exists,Unknown,Unknown,,Hyundai/Kia,P2,09110,combined,full,200,0.46,False,0,hk_scope_rejected,,0,,,,0,,0,0,0,false,0,,1,This OEM format looks HK-shaped but the prefix is not in the Hyundai/Kia catalog.
99211-K0100,real_hk_unseeded,exists,Unknown,Unknown,,Hyundai/Kia,K0,99211,combined,full,200,1,False,0,hk_scope_rejected,,0,,,,0,,0,0,0,false,0,,1,This OEM format looks HK-shaped but the prefix is not in the Hyundai/Kia catalog.
99211-J5500,real_hk_unseeded,exists,Unknown,Unknown,,Hyundai/Kia,J5,99211,combined,full,200,0.53,False,0,hk_scope_rejected,,0,,,,0,,0,0,0,false,0,,1,This OEM format looks HK-shaped but the prefix is not in the Hyundai/Kia catalog.
07-11-9-905-273,non_hk,non_hk,,,,,,,combined,full,200,0.78,False,0,hk_scope_rejected,,0,,,,0,,0,0,0,false,0,,2,This app searches Hyundai/Kia parts only. This OEM looks like a BMW part. | Try the parts distributor for BMW instead.
09130-CV000,real_hk_unseeded,exists,Unknown,Unknown,,Hyundai,CV,09130,combined,full,200,0.55,False,0,hk_scope_rejected,,0,,,,0,,0,0,0,false,0,,1,This OEM format looks HK-shaped but the prefix is not in the Hyundai/Kia catalog.
09214-L1100,real_hk_unseeded,exists,Unknown,Unknown,,Hyundai,L1,09214,combined,full,200,0.53,False,0,hk_scope_rejected,,0,,,,0,,0,0,0,false,0,,1,This OEM format looks HK-shaped but the prefix is not in the Hyundai/Kia catalog.
11408-08181,real_hk_unseeded,exists,Unknown,Unknown,,Hyundai/Kia,08,11408,combined,full,200,1.04,False,0,hk_scope_rejected,,0,,,,0,,0,0,0,false,0,,1,This OEM format looks HK-shaped but the prefix is not in the Hyundai/Kia catalog.
09430-C1230,real_hk_unseeded,exists,Unknown,Unknown,,Hyundai/Kia,C1,09430,combined,full,200,1.01,False,0,hk_scope_rejected,,0,,,,0,,0,0,0,false,0,,1,This OEM format looks HK-shaped but the prefix is not in the Hyundai/Kia catalog.
15716-17121,real_hk_unseeded,exists,Unknown,Unknown,,Hyundai/Kia,17,15716,combined,full,200,0.61,False,0,hk_scope_rejected,,0,,,,0,,0,0,0,false,0,,1,This OEM format looks HK-shaped but the prefix is not in the Hyundai/Kia catalog.
42910-4G500,real_hk_unseeded,exists,Unknown,Unknown,,Hyundai/Kia,4G,42910,combined,full,200,0.53,False,0,hk_scope_rejected,,0,,,,0,,0,0,0,false,0,,1,This OEM format looks HK-shaped but the prefix is not in the Hyundai/Kia catalog.
LF01-13-Z40,non_hk,non_hk,,,,,,,combined,full,200,6.82,False,0,combined,,0,,,,0,,0,0,0,false,0,,0,
80620-L3010,real_hk_unseeded,exists,Unknown,Unknown,,Hyundai/Kia,L3,80620,combined,full,200,0.49,False,0,hk_scope_rejected,,0,,,,0,,0,0,0,false,0,,1,This OEM format looks HK-shaped but the prefix is not in the Hyundai/Kia catalog.
BOSCH F026400119,non_hk,non_hk,,,,,,,combined,full,200,18.7,False,10,combined,legacy,0.75245625,Air Filter,BOSCH,,1,BOSCH:F 026 400 119,4,0,0,false,1,:,0,
OIL FILTER,non_hk,non_hk,,,,,,,combined,full,200,15.04,False,10,combined,legacy,0.75245625,Fuel filter,MAHLE,,3,KNECHT:LIFE-TIME-FILTER;MANN-FILTER:Life-Time Filter;MEYLE:LIFE-TIME-FILTER,0,0,0,false,1,:,0,
99240-AT300,real_hk_unseeded,exists,Unknown,Unknown,,Hyundai/Kia,AT,99240,combined,full,200,0.52,False,0,hk_scope_rejected,,0,,,,0,,0,0,0,false,0,,1,This OEM format looks HK-shaped but the prefix is not in the Hyundai/Kia catalog.
12345-6789,non_hk,non_hk,,,,,,,combined,full,200,12.92,False,10,combined,"cross_reference,cross_brand,legacy,exact_oem",1,Shock Absorber,KONI,,1,KONI:80-1904,7,0,0,false,1,:,0,
92401-K0610,real_hk_seeded,exists,Electrical,Tail Light - Rear Left,"tail,light,rear,left",Hyundai/Kia,K0,92401,combined,full,200,5.12,False,1,combined,"prefix_inference,cache,legacy,exact_oem",1,REAR COMBINATION LAMP ASSEMBLY,Hyundai / KIA,Electrical / Tail Light Assembly,0,,0,0,0,false,0,,0,
87610-P4111,real_hk_seeded,exists,Body,Exterior Mirror,"exterior,mirror",Hyundai/Kia,P4,87610,combined,full,200,8.32,False,1,combined,"cache,prefix_inference,exact_oem,legacy",1,PART,Hyundai / KIA,Body / Mouldings & Trim,0,,0,0,0,false,0,,0,
54650-D9250,real_hk_seeded,exists,Suspension,Shock Absorber - Front,"shock,absorber,front",Kia,D9,54650,combined,full,200,10.82,False,10,combined,"cross_reference,cross_brand,legacy,exact_oem",1,Shock Absorber,BILSTEIN,,1,BILSTEIN:22-265289,0,0,0,false,1,:,0,
58302-P2A30,real_hk_seeded,exists,Brakes,Brake Pad Set - Rear,"brake,pad,set,rear",Hyundai/Kia,P2,58302,combined,full,200,2.21,False,2,combined,"exact_oem,legacy",0.7875,PAD KIT - REAR DISC BRAKE,Hyundai / KIA,Brakes / Rear Brake / Drum,2,Mobis:58302P2A30;FEBEST:1201TMR,0,0,0,false,0,,0,
28600-CH550,real_hk_coarse,exists,Exhaust,Exhaust System,"exhaust,system",Hyundai/Kia,CH,28600,combined,full,200,3.17,False,1,combined,"cache,prefix_inference",0.9975,Exhaust Pipe,Hyundai / KIA, / Exhaust Pipe,0,,0,0,0,false,0,,0,
80200-P2100,real_hk_unseeded,exists,Unknown,Unknown,,Hyundai/Kia,P2,80200,combined,full,200,0.8,False,0,hk_scope_rejected,,0,,,,0,,0,0,0,false,0,,1,This OEM format looks HK-shaped but the prefix is not in the Hyundai/Kia catalog.
99250-S9600,real_hk_unseeded,exists,Unknown,Unknown,,Hyundai/Kia,S9,99250,combined,full,200,0.66,False,0,hk_scope_rejected,,0,,,,0,,0,0,0,false,0,,1,This OEM format looks HK-shaped but the prefix is not in the Hyundai/Kia catalog.
ABCDE,non_hk,non_hk,,,,,,,combined,full,200,1.54,False,0,combined,,0,,,,0,,0,0,0,false,0,,0,
79390-H8000,real_hk_unseeded,exists,Unknown,Unknown,,Kia,H8,79390,combined,full,200,0.66,False,0,hk_scope_rejected,,0,,,,0,,0,0,0,false,0,,1,This OEM format looks HK-shaped but the prefix is not in the Hyundai/Kia catalog.
09130-CH000,real_hk_unseeded,exists,Unknown,Unknown,,Hyundai/Kia,CH,09130,combined,full,200,0.81,False,0,hk_scope_rejected,,0,,,,0,,0,0,0,false,0,,1,This OEM format looks HK-shaped but the prefix is not in the Hyundai/Kia catalog.
09375-GI700,real_hk_unseeded,exists,Unknown,Unknown,,Hyundai/Kia,GI,09375,combined,full,200,0.77,False,0,hk_scope_rejected,,0,,,,0,,0,0,0,false,0,,1,This OEM format looks HK-shaped but the prefix is not in the Hyundai/Kia catalog.
05203-M7560,real_hk_unseeded,exists,Unknown,Unknown,,Hyundai/Kia,M7,05203,combined,full,200,0.6,False,0,hk_scope_rejected,,0,,,,0,,0,0,0,false,0,,1,This OEM format looks HK-shaped but the prefix is not in the Hyundai/Kia catalog.
05203-J5620,real_hk_unseeded,exists,Unknown,Unknown,,Hyundai/Kia,J5,05203,combined,full,200,0.44,False,0,hk_scope_rejected,,0,,,,0,,0,0,0,false,0,,1,This OEM format looks HK-shaped but the prefix is not in the Hyundai/Kia catalog.
80640-S9000,real_hk_unseeded,exists,Unknown,Unknown,,Hyundai/Kia,S9,80640,combined,full,200,0.5,False,0,hk_scope_rejected,,0,,,,0,,0,0,0,false,0,,1,This OEM format looks HK-shaped but the prefix is not in the Hyundai/Kia catalog.
99216-J5000,real_hk_unseeded,exists,Unknown,Unknown,,Hyundai/Kia,J5,99216,combined,full,200,0.45,False,0,hk_scope_rejected,,0,,,,0,,0,0,0,false,0,,1,This OEM format looks HK-shaped but the prefix is not in the Hyundai/Kia catalog.
79210-H9000,real_hk_unseeded,exists,Unknown,Unknown,,Hyundai/Kia,H9,79210,combined,full,200,0.57,False,0,hk_scope_rejected,,0,,,,0,,0,0,0,false,0,,1,This OEM format looks HK-shaped but the prefix is not in the Hyundai/Kia catalog.
06L-129-717-A,non_hk,non_hk,,,,,,,combined,full,200,12.53,False,0,combined,,0,,,,0,,0,0,0,false,0,,0,
99210-CV000,real_hk_unseeded,exists,Unknown,Unknown,,Hyundai,CV,99210,combined,full,200,0.49,False,0,hk_scope_rejected,,0,,,,0,,0,0,0,false,0,,1,This OEM format looks HK-shaped but the prefix is not in the Hyundai/Kia catalog.
06L-133-843-D,non_hk,non_hk,,,,,,,combined,full,200,12.47,False,0,combined,,0,,,,0,,0,0,0,false,0,,0,
05203-DW420,real_hk_unseeded,exists,Unknown,Unknown,,Hyundai/Kia,DW,05203,combined,full,200,0.61,False,0,hk_scope_rejected,,0,,,,0,,0,0,0,false,0,,1,This OEM format looks HK-shaped but the prefix is not in the Hyundai/Kia catalog.
06L-133-843-B,non_hk,non_hk,,,,,,,combined,full,200,12.64,False,0,combined,,0,,,,0,,0,0,0,false,0,,0,
99220-R0050,real_hk_unseeded,exists,Unknown,Unknown,,Hyundai/Kia,R0,99220,combined,full,200,0.54,False,0,hk_scope_rejected,,0,,,,0,,0,0,0,false,0,,1,This OEM format looks HK-shaped but the prefix is not in the Hyundai/Kia catalog.
06J-115-403-Q,non_hk,non_hk,,,,,,,combined,full,200,12.4,False,17,combined,"legacy,exact_oem",0.945,Oil Filter,SCT - MANNOL,,2,KYB:SM5086;SCT - MANNOL:SM 5086,0,0,0,false,1,:,0,
99130-AO000,real_hk_unseeded,exists,Unknown,Unknown,,Hyundai/Kia,AO,99130,combined,full,200,0.7,False,0,hk_scope_rejected,,0,,,,0,,0,0,0,false,0,,1,This OEM format looks HK-shaped but the prefix is not in the Hyundai/Kia catalog.
LF01-10-155A,non_hk,non_hk,,,,,,,combined,full,200,5.02,False,2,combined,legacy,0.6825,Clutch Kit,AISIN,,1,AISIN:KN-155,0,0,0,false,1,:,0,
05203-R5220,real_hk_unseeded,exists,Unknown,Unknown,,Hyundai/Kia,R5,05203,combined,full,200,0.78,False,0,hk_scope_rejected,,0,,,,0,,0,0,0,false,0,,1,This OEM format looks HK-shaped but the prefix is not in the Hyundai/Kia catalog.
06L-115-561-H,non_hk,non_hk,,,,,,,combined,full,200,12.71,False,0,combined,,0,,,,0,,0,0,0,false,0,,0,
99211-H8010,real_hk_unseeded,exists,Unknown,Unknown,,Kia,H8,99211,combined,full,200,0.49,False,0,hk_scope_rejected,,0,,,,0,,0,0,0,false,0,,1,This OEM format looks HK-shaped but the prefix is not in the Hyundai/Kia catalog.
PE02-15-100,non_hk,non_hk,,,,,,,combined,full,200,18.49,False,3,combined,legacy,0.6825,Clutch Release Bearing,ASHIKA,,1,ASHIKA:90-PE-PE02,0,0,0,false,1,:,0,
99211-P1010,real_hk_unseeded,exists,Unknown,Unknown,,Kia,P1,99211,combined,full,200,0.58,False,0,hk_scope_rejected,,0,,,,0,,0,0,0,false,0,,1,This OEM format looks HK-shaped but the prefix is not in the Hyundai/Kia catalog.
99216-K0500,real_hk_unseeded,exists,Unknown,Unknown,,Hyundai/Kia,K0,99216,combined,full,200,0.53,False,0,hk_scope_rejected,,0,,,,0,,0,0,0,false,0,,1,This OEM format looks HK-shaped but the prefix is not in the Hyundai/Kia catalog.
99810-AO000,real_hk_unseeded,exists,Unknown,Unknown,,Hyundai/Kia,AO,99810,combined,full,200,0.89,False,0,hk_scope_rejected,,0,,,,0,,0,0,0,false,0,,1,This OEM format looks HK-shaped but the prefix is not in the Hyundai/Kia catalog.
80100-Q5600,real_hk_unseeded,exists,Unknown,Unknown,,Hyundai/Kia,Q5,80100,combined,full,200,0.53,False,0,hk_scope_rejected,,0,,,,0,,0,0,0,false,0,,1,This OEM format looks HK-shaped but the prefix is not in the Hyundai/Kia catalog.
99240-P2100,real_hk_unseeded,exists,Unknown,Unknown,,Hyundai/Kia,P2,99240,combined,full,200,0.45,False,0,hk_scope_rejected,,0,,,,0,,0,0,0,false,0,,1,This OEM format looks HK-shaped but the prefix is not in the Hyundai/Kia catalog.
99211-Q4500,real_hk_unseeded,exists,Unknown,Unknown,,Hyundai/Kia,Q4,99211,combined,full,200,0.93,False,0,hk_scope_rejected,,0,,,,0,,0,0,0,false,0,,1,This OEM format looks HK-shaped but the prefix is not in the Hyundai/Kia catalog.
99140-P2100,real_hk_unseeded,exists,Unknown,Unknown,,Hyundai/Kia,P2,99140,combined,full,200,0.45,False,0,hk_scope_rejected,,0,,,,0,,0,0,0,false,0,,1,This OEM format looks HK-shaped but the prefix is not in the Hyundai/Kia catalog.
07-11-9-905-284,non_hk,non_hk,,,,,,,combined,full,200,0.88,False,0,hk_scope_rejected,,0,,,,0,,0,0,0,false,0,,2,This app searches Hyundai/Kia parts only. This OEM looks like a BMW part. | Try the parts distributor for BMW instead.
25620-3D100,real_hk_seeded,exists,Cooling,Thermostat,thermostat,Hyundai/Kia,3D,25620,combined,full,200,3.77,False,1,combined,"cache,prefix_inference,legacy,exact_oem",1,WARMER-A.T.F,Hyundai / KIA,Engine / Fuel System,0,,0,0,0,false,0,,0,
97134-H9100,real_hk_seeded,exists,HVAC,Cabin Air Filter,"cabin,air,filter",Hyundai/Kia,H9,97134,combined,full,200,3.45,False,1,combined,"cache,prefix_inference,exact_oem,legacy",1,CASE-HEATER &AMP; EVAPORATOR LEFT HAND,Hyundai / KIA,HVAC / Compressor A/C,0,,0,0,0,false,0,,0,
58411-L0100,real_hk_seeded,exists,Brakes,Brake Disc - Rear,"brake,disc,rear",Hyundai/Kia,L0,58411,combined,full,200,4.41,False,1,combined,"prefix_inference,cache",0.9975,Brake Disc,Hyundai / KIA,Brakes / Brake Disc,0,,0,0,0,false,0,,0,
92102-P4100,real_hk_seeded,exists,Electrical,Headlight - Front Right,"headlight,front,right",Hyundai/Kia,P4,92102,combined,full,200,3.14,False,1,combined,"cache,prefix_inference",0.9975,Headlight,Hyundai / KIA,Electrical / Headlight Assembly,0,,0,0,0,false,0,,0,
87385-R0000,real_hk_coarse,exists,Body,Mouldings & Trim,"mouldings,trim",Hyundai/Kia,R0,87385,combined,full,200,2.32,False,1,combined,"cache,exact_oem,legacy",0.937125,BOLT - INSERT,Hyundai / KIA,Body / Mouldings & Trim,0,,0,0,0,false,0,,0,
09130-S9000,real_hk_unseeded,exists,Unknown,Unknown,,Hyundai/Kia,S9,09130,combined,full,200,0.47,False,0,hk_scope_rejected,,0,,,,0,,0,0,0,false,0,,1,This OEM format looks HK-shaped but the prefix is not in the Hyundai/Kia catalog.
77004-CV000,real_hk_unseeded,exists,Unknown,Unknown,,Hyundai,CV,77004,combined,full,200,0.76,False,0,hk_scope_rejected,,0,,,,0,,0,0,0,false,0,,1,This OEM format looks HK-shaped but the prefix is not in the Hyundai/Kia catalog.
09127-H8000,real_hk_unseeded,exists,Unknown,Unknown,,Kia,H8,09127,combined,full,200,0.53,False,0,hk_scope_rejected,,0,,,,0,,0,0,0,false,0,,1,This OEM format looks HK-shaped but the prefix is not in the Hyundai/Kia catalog.
99120-AO100,real_hk_unseeded,exists,Unknown,Unknown,,Hyundai/Kia,AO,99120,combined,full,200,0.47,False,0,hk_scope_rejected,,0,,,,0,,0,0,0,false,0,,1,This OEM format looks HK-shaped but the prefix is not in the Hyundai/Kia catalog.
79220-D6000,real_hk_unseeded,exists,Unknown,Unknown,,Hyundai/Kia,D6,79220,combined,full,200,0.71,False,0,hk_scope_rejected,,0,,,,0,,0,0,0,false,0,,1,This OEM format looks HK-shaped but the prefix is not in the Hyundai/Kia catalog.
54501-3TA0A,non_hk,non_hk,,,,,,,combined,full,200,14.23,False,7,combined,"cache,prefix_inference",0.9975,Track Control Arm,Hyundai / KIA, / Track Control Arm,1,FEBEST:0220-J32,5,0,0,false,2,:;:,0,
99910-R5100,real_hk_unseeded,exists,Unknown,Unknown,,Hyundai/Kia,R5,99910,combined,full,200,1.06,False,0,hk_scope_rejected,,0,,,,0,,0,0,0,false,0,,1,This OEM format looks HK-shaped but the prefix is not in the Hyundai/Kia catalog.
LF01-14-302,non_hk,non_hk,,,,,,,combined,full,200,2.85,False,0,combined,,0,,,,0,,0,0,0,false,0,,0,
77111-L2000,real_hk_unseeded,exists,Unknown,Unknown,,Kia,L2,77111,combined,full,200,1.06,False,0,hk_scope_rejected,,0,,,,0,,0,0,0,false,0,,1,This OEM format looks HK-shaped but the prefix is not in the Hyundai/Kia catalog.
BR3Z-9601-A,non_hk,non_hk,,,,,,,combined,full,200,18.26,False,10,combined,keyword_gated,0.6825,"Filter, interior air",KAVO PARTS,,3,AMC Filter:SC-9601;HIFI FILTER:SC 8025 CA;TECNECO FILTERS:CK22023,1,0,0,false,0,,0,
99150-CV100,real_hk_unseeded,exists,Unknown,Unknown,,Hyundai,CV,99150,combined,full,200,0.68,False,0,hk_scope_rejected,,0,,,,0,,0,0,0,false,0,,1,This OEM format looks HK-shaped but the prefix is not in the Hyundai/Kia catalog.
AL3Z-9601-A,non_hk,non_hk,,,,,,,combined,full,200,22.49,False,10,combined,keyword_gated,0.6825,"Filter, interior air",KAVO PARTS,,0,,0,0,0,false,0,,0,
05203-AT320,real_hk_unseeded,exists,Unknown,Unknown,,Hyundai/Kia,AT,05203,combined,full,200,0.74,False,0,hk_scope_rejected,,0,,,,0,,0,0,0,false,0,,1,This OEM format looks HK-shaped but the prefix is not in the Hyundai/Kia catalog.
F2GZ-9F485-A,non_hk,non_hk,,,,,,,combined,full,200,2,False,0,combined,,0,,,,0,,0,0,0,false,0,,0,
77004-H9100,real_hk_unseeded,exists,Unknown,Unknown,,Hyundai/Kia,H9,77004,combined,full,200,0.98,False,0,hk_scope_rejected,,0,,,,0,,0,0,0,false,0,,1,This OEM format looks HK-shaped but the prefix is not in the Hyundai/Kia catalog.
F1FZ-9601-A,non_hk,non_hk,,,,,,,combined,full,200,12.59,False,10,combined,legacy,0.75245625,"Filter, interior air",KAVO PARTS,,3,AMC Filter:SC-9601;HIFI FILTER:SC 8025 CA;TECNECO FILTERS:CK22023,0,0,0,false,1,:,0,
99145-M6600,real_hk_unseeded,exists,Unknown,Unknown,,Hyundai/Kia,M6,99145,combined,full,200,0.72,False,0,hk_scope_rejected,,0,,,,0,,0,0,0,false,0,,1,This OEM format looks HK-shaped but the prefix is not in the Hyundai/Kia catalog.
FL3Z-6731-A,non_hk,non_hk,,,,,,,combined,full,200,15.02,False,10,combined,legacy,0.75245625,"Bearing Bush, stabiliser",OPTIMAL,,1,OPTIMAL:F8-6731,4,0,0,false,1,:,0,
99150-P2110,real_hk_unseeded,exists,Unknown,Unknown,,Hyundai/Kia,P2,99150,combined,full,200,0.53,False,0,hk_scope_rejected,,0,,,,0,,0,0,0,false,0,,1,This OEM format looks HK-shaped but the prefix is not in the Hyundai/Kia catalog.
F2GZ-6731-A,non_hk,non_hk,,,,,,,combined,full,200,11.44,False,10,combined,legacy,0.75245625,"Bearing Bush, stabiliser",OPTIMAL,,1,OPTIMAL:F8-6731,0,0,0,false,1,:,0,
80702-J6000,real_hk_unseeded,exists,Unknown,Unknown,,Hyundai/Kia,J6,80702,combined,full,200,0.57,False,0,hk_scope_rejected,,0,,,,0,,0,0,0,false,0,,1,This OEM format looks HK-shaped but the prefix is not in the Hyundai/Kia catalog.
99150-J5000,real_hk_unseeded,exists,Unknown,Unknown,,Hyundai/Kia,J5,99150,combined,full,200,0.57,False,0,hk_scope_rejected,,0,,,,0,,0,0,0,false,0,,1,This OEM format looks HK-shaped but the prefix is not in the Hyundai/Kia catalog.
05203-P1400,real_hk_unseeded,exists,Unknown,Unknown,,Kia,P1,05203,combined,full,200,0.54,False,0,hk_scope_rejected,,0,,,,0,,0,0,0,false,0,,1,This OEM format looks HK-shaped but the prefix is not in the Hyundai/Kia catalog.
09527-AL400,real_hk_unseeded,exists,Unknown,Unknown,,Hyundai/Kia,AL,09527,combined,full,200,0.93,False,0,hk_scope_rejected,,0,,,,0,,0,0,0,false,0,,1,This OEM format looks HK-shaped but the prefix is not in the Hyundai/Kia catalog.
11-42-7-635-557,non_hk,non_hk,,,,,,,combined,full,200,0.54,False,0,hk_scope_rejected,,0,,,,0,,0,0,0,false,0,,2,This app searches Hyundai/Kia parts only. This OEM looks like a BMW part. | Try the parts distributor for BMW instead.
20920-2GL01,real_hk_unseeded,exists,Unknown,Unknown,,Kia,2G,20920,combined,full,200,0.52,False,0,hk_scope_rejected,,0,,,,0,,0,0,0,false,0,,1,This OEM format looks HK-shaped but the prefix is not in the Hyundai/Kia catalog.
BR3Z-6731-A,non_hk,non_hk,,,,,,,combined,full,200,16.08,False,10,combined,legacy,0.75245625,"Bearing Bush, stabiliser",OPTIMAL,,1,OPTIMAL:F8-6731,0,0,0,false,1,:,0,
55311-D4300,real_hk_seeded,exists,Suspension,Shock Absorber - Rear,"shock,absorber,rear",Hyundai/Kia,D4,55311,combined,full,200,3.1,False,2,combined,legacy,0.75,SHOCK ABSORBER ASSY - REAR,Hyundai / KIA,Suspension / Shock Absorber (Rear),0,,0,0,0,false,0,,0,
39350-2M400,real_hk_seeded,exists,Electrical,MAF Sensor,"maf,sensor",Hyundai/Kia,2M,39350,combined,full,200,2.8,False,1,combined,"cache,prefix_inference,exact_oem,legacy",1,SENSOR-CAMSHAFT POSITION,Hyundai / KIA,Electrical / Sensors & Control,0,,0,0,0,false,0,,0,
87610-J5ZA0,real_hk_seeded,exists,Body,Exterior Mirror,"exterior,mirror",Hyundai/Kia,J5,87610,combined,full,200,4.17,False,1,combined,"cache,prefix_inference",0.9975,Outside Mirror,Hyundai / KIA, / Outside Mirror,0,,0,0,0,false,0,,0,
26320-3N000,real_hk_seeded,exists,Engine,Oil Filter Element,"oil,filter,element",Hyundai/Kia,3N,26320,combined,full,200,4.65,False,2,combined,"cache,prefix_inference",0.9975,Oil Filter,Hyundai / KIA,Engine / Oil Filter,0,,0,0,0,false,0,,0,
97162-N7000,real_hk_coarse,exists,HVAC,Compressor A/C,compressor,Hyundai/Kia,N7,97162,combined,full,200,2.09,False,1,combined,"cache,exact_oem,legacy",0.937125,DOOR ASSY - MIX,Hyundai / KIA,HVAC / Compressor A/C,0,,0,0,0,false,0,,0,
99110-F6100,real_hk_unseeded,exists,Unknown,Unknown,,Hyundai/Kia,F6,99110,combined,full,200,0.64,False,0,hk_scope_rejected,,0,,,,0,,0,0,0,false,0,,1,This OEM format looks HK-shaped but the prefix is not in the Hyundai/Kia catalog.
09231-93100,real_hk_unseeded,exists,Unknown,Unknown,,Hyundai/Kia,93,09231,combined,full,200,0.49,False,0,hk_scope_rejected,,0,,,,0,,0,0,0,false,0,,1,This OEM format looks HK-shaped but the prefix is not in the Hyundai/Kia catalog.
AL3Z-6584-A,non_hk,non_hk,,,,,,,combined,full,200,13.27,False,10,combined,legacy,0.75245625,Wheel Bearing Kit,MASTER-SPORT GERMANY,,1,MASTER-SPORT GERMANY:6584-SET-MS,0,0,0,false,1,:,0,
80610-P1050,real_hk_unseeded,exists,Unknown,Unknown,,Kia,P1,80610,combined,full,200,0.45,False,0,hk_scope_rejected,,0,,,,0,,0,0,0,false,0,,1,This OEM format looks HK-shaped but the prefix is not in the Hyundai/Kia catalog.
54524-CG00A,non_hk,non_hk,,,,,,,combined,full,200,16.67,False,1,combined,"prefix_inference,cache",0.9975,Track Control Arm,Hyundai / KIA, / Track Control Arm,0,,0,0,0,false,0,,0,
99220-P2000,real_hk_unseeded,exists,Unknown,Unknown,,Hyundai/Kia,P2,99220,combined,full,200,0.53,False,0,hk_scope_rejected,,0,,,,0,,0,0,0,false,0,,1,This OEM format looks HK-shaped but the prefix is not in the Hyundai/Kia catalog.
AL3Z-6731-C,non_hk,non_hk,,,,,,,combined,full,200,11.2,False,10,combined,legacy,0.75245625,"Bearing Bush, stabiliser",OPTIMAL,,1,OPTIMAL:F8-6731,4,0,0,false,1,:,0,
14303-04100,real_hk_unseeded,exists,Unknown,Unknown,,Hyundai/Kia,04,14303,combined,full,200,0.52,False,0,hk_scope_rejected,,0,,,,0,,0,0,0,false,0,,1,This OEM format looks HK-shaped but the prefix is not in the Hyundai/Kia catalog.
48633-CD00B,non_hk,non_hk,,,,,,,combined,full,200,12.5,False,0,combined,,0,,,,0,,0,0,0,false,0,,0,
99110-L2100,real_hk_unseeded,exists,Unknown,Unknown,,Kia,L2,99110,combined,full,200,0.5,False,0,hk_scope_rejected,,0,,,,0,,0,0,0,false,0,,1,This OEM format looks HK-shaped but the prefix is not in the Hyundai/Kia catalog.
48630-CD00A,non_hk,non_hk,,,,,,,combined,full,200,13.91,False,1,combined,"prefix_inference,cache",0.9975,Track Control Arm,Hyundai / KIA, / Track Control Arm,0,,0,0,0,false,0,,0,
12493-05169,real_hk_unseeded,exists,Unknown,Unknown,,Hyundai/Kia,05,12493,combined,full,200,0.54,False,0,hk_scope_rejected,,0,,,,0,,0,0,0,false,0,,1,This OEM format looks HK-shaped but the prefix is not in the Hyundai/Kia catalog.
43206-JA10A,non_hk,non_hk,,,,,,,combined,full,200,13.82,False,1,combined,"cache,prefix_inference",0.9975,Brake Disc,Hyundai / KIA,Brakes / Brake Disc,0,,0,0,0,false,0,,0,
00018-ADU80,real_hk_unseeded,exists,Unknown,Unknown,,Hyundai/Kia,AD,00018,combined,full,200,1.02,False,0,hk_scope_rejected,,0,,,,0,,0,0,0,false,0,,1,This OEM format looks HK-shaped but the prefix is not in the Hyundai/Kia catalog.
99230-P1100,real_hk_unseeded,exists,Unknown,Unknown,,Kia,P1,99230,combined,full,200,0.5,False,0,hk_scope_rejected,,0,,,,0,,0,0,0,false,0,,1,This OEM format looks HK-shaped but the prefix is not in the Hyundai/Kia catalog.
15208-9F600,non_hk,non_hk,,,,,,,combined,full,200,1.03,False,0,hk_scope_rejected,,0,,,,0,,0,0,0,false,0,,2,This app searches Hyundai/Kia parts only. This OEM prefix belongs to Nissan. | Try the parts distributor for Nissan instead.
09365-G8100,real_hk_unseeded,exists,Unknown,Unknown,,Hyundai/Kia,G8,09365,combined,full,200,0.98,False,0,hk_scope_rejected,,0,,,,0,,0,0,0,false,0,,1,This OEM format looks HK-shaped but the prefix is not in the Hyundai/Kia catalog.
24225-JA00A,non_hk,non_hk,,,,,,,combined,full,200,12.48,False,0,combined,,0,,,,0,,0,0,0,false,0,,0,
09375-CN300,real_hk_unseeded,exists,Unknown,Unknown,,Hyundai/Kia,CN,09375,combined,full,200,0.57,False,0,hk_scope_rejected,,0,,,,0,,0,0,0,false,0,,1,This OEM format looks HK-shaped but the prefix is not in the Hyundai/Kia catalog.
22448-8H310,non_hk,non_hk,,,,,,,combined,full,200,21.95,False,20,combined,"cross_brand,cross_reference,exact_oem,legacy",1,Ignition Coil,HELLA,,1,HELLA:5DA 749 475-951,3,0,0,false,1,:,0,
11685-06883,real_hk_unseeded,exists,Unknown,Unknown,,Hyundai/Kia,06,11685,combined,full,200,0.5,False,0,hk_scope_rejected,,0,,,,0,,0,0,0,false,0,,1,This OEM format looks HK-shaped but the prefix is not in the Hyundai/Kia catalog.
22448-1KT0A,non_hk,non_hk,,,,,,,combined,full,200,11.02,False,20,combined,"cache,prefix_inference",0.9975,Ignition Coil,Hyundai / KIA,Engine / Ignition Coil,0,,0,0,0,false,0,,0,
39210-2S210,real_hk_seeded,exists,Electrical,Oxygen Sensor,"oxygen,sensor",Hyundai,2S,39210,combined,full,200,1.95,False,1,combined,"prefix_inference,cache,legacy,exact_oem",1,OXYGEN SENSOR ASSEMBLY,Hyundai / KIA,Electrical / Oxygen Sensor,0,,0,0,0,false,0,,0,
54650-P4550,real_hk_seeded,exists,Suspension,Shock Absorber - Front,"shock,absorber,front",Hyundai/Kia,P4,54650,combined,full,200,4.49,False,1,combined,"cache,prefix_inference,legacy,exact_oem",1,FRONT STRUT ASSEMBLY LEFT HAND,Hyundai / KIA,Suspension / Shock Absorber (Front),0,,0,0,0,false,0,,0,
97134-CW010,real_hk_seeded,exists,HVAC,Cabin Air Filter,"cabin,air,filter",Hyundai/Kia,CW,97134,combined,full,200,4.25,False,1,combined,"prefix_inference,cache",0.9975,"Filter, interior air (Front Right)",Hyundai / KIA,HVAC / Cabin Air Filter,0,,0,0,0,false,0,,0,
92402-DW100,real_hk_seeded,exists,Electrical,Tail Light - Rear Right,"tail,light,rear,right",Hyundai/Kia,DW,92402,combined,full,200,6.65,False,1,combined,"cache,prefix_inference",0.9975,Combination Rearlight,Hyundai / KIA, / Combination Rearlight,0,,0,0,0,false,0,,0,
86591-K0AA0,real_hk_coarse,exists,Body,Mirrors,mirrors,Hyundai/Kia,K0,86591,combined,full,200,2.24,False,2,combined,"exact_oem,legacy",0.7875,LIP - FR BUMPER,Hyundai / KIA,Body / Mirrors,0,,0,0,0,false,0,,0,
79120-H8000,real_hk_unseeded,exists,Unknown,Unknown,,Kia,H8,79120,combined,full,200,0.5,False,0,hk_scope_rejected,,0,,,,0,,0,0,0,false,0,,1,This OEM format looks HK-shaped but the prefix is not in the Hyundai/Kia catalog.
99211-P1030,real_hk_unseeded,exists,Unknown,Unknown,,Kia,P1,99211,combined,full,200,0.46,False,0,hk_scope_rejected,,0,,,,0,,0,0,0,false,0,,1,This OEM format looks HK-shaped but the prefix is not in the Hyundai/Kia catalog.
15208-65F0A,non_hk,non_hk,,,,,,,combined,full,200,0.75,False,0,hk_scope_rejected,,0,,,,0,,0,0,0,false,0,,2,This app searches Hyundai/Kia parts only. This OEM prefix belongs to Nissan. | Try the parts distributor for Nissan instead.
09149-L0950,real_hk_unseeded,exists,Unknown,Unknown,,Hyundai/Kia,L0,09149,combined,full,200,0.51,False,0,hk_scope_rejected,,0,,,,0,,0,0,0,false,0,,1,This OEM format looks HK-shaped but the prefix is not in the Hyundai/Kia catalog.
63287-2S104,plausible_hk,not_hk_format,Body,Rear Structure,,Hyundai/Kia,2S,63287,combined,full,200,6.6,False,0,combined,,0,,,,0,,0,0,0,false,0,,0,
17220-R41-L00,non_hk,non_hk,,,,,,,combined,full,200,0.5,False,0,hk_scope_rejected,,0,,,,0,,0,0,0,false,0,,2,This app searches Hyundai/Kia parts only. This OEM looks like a Honda part. | Try the parts distributor for Honda instead.
77990-P2000,real_hk_unseeded,exists,Unknown,Unknown,,Hyundai/Kia,P2,77990,combined,full,200,0.52,False,0,hk_scope_rejected,,0,,,,0,,0,0,0,false,0,,1,This OEM format looks HK-shaped but the prefix is not in the Hyundai/Kia catalog.
92953-CV595,plausible_hk,not_hk_format,Electrical,Lighting - Headlights,,Hyundai/Kia,CV,92953,combined,full,200,6.46,False,0,combined,,0,,,,0,,0,0,0,false,0,,0,
17220-58J-A00,non_hk,non_hk,,,,,,,combined,full,200,0.73,False,0,hk_scope_rejected,,0,,,,0,,0,0,0,false,0,,2,This app searches Hyundai/Kia parts only. This OEM looks like a Honda part. | Try the parts distributor for Honda instead.
09430-C1130,real_hk_unseeded,exists,Unknown,Unknown,,Hyundai/Kia,C1,09430,combined,full,200,0.54,False,0,hk_scope_rejected,,0,,,,0,,0,0,0,false,0,,1,This OEM format looks HK-shaped but the prefix is not in the Hyundai/Kia catalog.
86378-CV757,plausible_hk,not_hk_format,Body,Mirrors,,Hyundai/Kia,CV,86378,combined,full,200,4.7,False,0,combined,,0,,,,0,,0,0,0,false,0,,0,
38810-58J-A01,non_hk,non_hk,,,,,,,combined,full,200,4.42,False,0,combined,,0,,,,0,,0,0,0,false,0,,0,
30112-B1923,plausible_hk,not_hk_format,Drivetrain,Propeller Shaft,,Hyundai/Kia,B1,30112,combined,full,200,4.03,False,0,combined,,0,,,,0,,0,0,0,false,0,,0,
10312-E4217,plausible_hk,not_hk_format,Unknown,Unknown,,Hyundai/Kia,E4,10312,combined,full,200,0.43,False,0,hk_scope_rejected,,0,,,,0,,0,0,0,false,0,,1,This OEM format looks HK-shaped but the prefix is not in the Hyundai/Kia catalog.
56110-P0A-A00,non_hk,non_hk,,,,,,,combined,full,200,3.84,False,0,combined,,0,,,,0,,0,0,0,false,0,,0,
97874-C2482,plausible_hk,not_hk_format,HVAC,Air Conditioning & Heating,,Hyundai/Kia,C2,97874,combined,full,200,6.77,False,0,combined,,0,,,,0,,0,0,0,false,0,,0,
64821-F2634,plausible_hk,not_hk_format,Body,Front Body / Hood,,Hyundai/Kia,F2,64821,combined,full,200,5.23,False,0,combined,,0,,,,0,,0,0,0,false,0,,0,
56110-RNA-A01,non_hk,non_hk,,,,,,,combined,full,200,8.28,False,1,combined,"cross_reference,cross_brand,legacy,exact_oem",1,"Hydraulic Pump, steering system",ZZVF,,1,ZZVF:ZVRNA01,1,0,0,true,1,:,0,
92225-D3009,plausible_hk,not_hk_format,Electrical,Fog Light,,Hyundai/Kia,D3,92225,combined,full,200,6.54,False,0,combined,,0,,,,0,,0,0,0,false,0,,0,
70142-G9519,plausible_hk,not_hk_format,Body,Tailgate / Liftgate,,Hyundai/Kia,G9,70142,combined,full,200,4.76,False,1,combined,"cache,prefix_inference",0.9975,Steering Gear for Genesis G80 (2020+),Genesis, / Steering Gear,0,,0,0,0,false,0,,0,
56110-R41-L01,non_hk,non_hk,,,,,,,combined,full,200,3.66,False,0,combined,,0,,,,0,,0,0,0,false,0,,0,
51178-P1366,plausible_hk,not_hk_format,Suspension,Front Axle,,Hyundai/Kia,P1,51178,combined,full,200,6.92,False,0,combined,,0,,,,0,,0,0,0,false,0,,0,
51-71-7-186-731,non_hk,non_hk,,,,,,,combined,full,200,3.6,False,0,combined,,0,,,,0,,0,0,0,false,0,,0,
82571-1W408,plausible_hk,not_hk_format,Body,Glass / Windshield,,Hyundai/Kia,1W,82571,combined,full,200,3.8,False,0,combined,,0,,,,0,,0,0,0,false,0,,0,
78960-SNA-A61,non_hk,non_hk,,,,,,,combined,full,200,3.28,False,0,combined,,0,,,,0,,0,0,0,false,0,,0,
49133-C6202,plausible_hk,not_hk_format,Drivetrain,Transfer Case / 4WD,,Hyundai/Kia,C6,49133,combined,full,200,3.03,False,0,combined,,0,,,,0,,0,0,0,false,0,,0,
11-42-7-509-125,non_hk,non_hk,,,,,,,combined,full,200,0.96,False,0,hk_scope_rejected,,0,,,,0,,0,0,0,false,0,,2,This app searches Hyundai/Kia parts only. This OEM looks like a BMW part. | Try the parts distributor for BMW instead.
39350-08HA0,real_hk_seeded,exists,Electrical,MAF Sensor,"maf,sensor",Hyundai/Kia,08,39350,combined,full,200,4.6,False,1,combined,"prefix_inference,cache,exact_oem,legacy",1,SENSOR-CAMSHAFT POSI,Hyundai / KIA,Electrical / Sensors & Control,0,,0,0,0,false,0,,0,
54650-AT400,real_hk_seeded,exists,Suspension,Shock Absorber - Front,"shock,absorber,front",Hyundai/Kia,AT,54650,combined,full,200,4.2,False,1,combined,"prefix_inference,cache",0.9975,Shock Absorber,Hyundai / KIA,Suspension / Shock Absorber / Strut,0,,0,0,0,false,0,,0,
54650-S9KB0,real_hk_seeded,exists,Suspension,Shock Absorber - Front,"shock,absorber,front",Hyundai/Kia,S9,54650,combined,full,0,0.1,False,0,,,0,,,,0,,0,0,0,false,0,,0,
22341-2T000,real_hk_coarse,exists,Engine,Engine Mounting,"engine,mounting",Kia,2T,22341,combined,full,200,2.28,False,1,combined,"cache,exact_oem,legacy",0.937125,"HANGER - ENGINE,FRONT",Hyundai / KIA,Engine / Engine Mounting,0,,0,0,0,false,0,,0,
13253-06001,real_hk_unseeded,exists,Unknown,Unknown,,Hyundai/Kia,06,13253,combined,full,200,0.58,False,0,hk_scope_rejected,,0,,,,0,,0,0,0,false,0,,1,This OEM format looks HK-shaped but the prefix is not in the Hyundai/Kia catalog.
90032-26317,plausible_hk,not_hk_format,Unknown,Unknown,,Hyundai/Kia,26,90032,combined,full,200,0.72,False,0,hk_scope_rejected,,0,,,,0,,0,0,0,false,0,,1,This OEM format looks HK-shaped but the prefix is not in the Hyundai/Kia catalog.
11-42-7-521-353,non_hk,non_hk,,,,,,,combined,full,200,1.02,False,0,hk_scope_rejected,,0,,,,0,,0,0,0,false,0,,2,This app searches Hyundai/Kia parts only. This OEM looks like a BMW part. | Try the parts distributor for BMW instead.
41584-1G295,plausible_hk,not_hk_format,Drivetrain,Clutch,,Hyundai/Kia,1G,41584,combined,full,200,4.73,False,0,combined,,0,,,,0,,0,0,0,false,0,,0,
84500-SNA-A61,non_hk,non_hk,,,,,,,combined,full,200,4.31,False,0,combined,,0,,,,0,,0,0,0,false,0,,0,
92981-A9075,plausible_hk,not_hk_format,Electrical,Lighting - Headlights,,Hyundai/Kia,A9,92981,combined,full,200,3.27,False,0,combined,,0,,,,0,,0,0,0,false,0,,0,
10813-26029,plausible_hk,not_hk_format,Unknown,Unknown,,Hyundai/Kia,26,10813,combined,full,200,0.52,False,0,hk_scope_rejected,,0,,,,0,,0,0,0,false,0,,1,This OEM format looks HK-shaped but the prefix is not in the Hyundai/Kia catalog.
40180-3X212,plausible_hk,not_hk_format,Unknown,Unknown,,Hyundai/Kia,3X,40180,combined,full,200,0.44,False,0,hk_scope_rejected,,0,,,,0,,0,0,0,false,0,,1,This OEM format looks HK-shaped but the prefix is not in the Hyundai/Kia catalog.
62260-1M629,plausible_hk,not_hk_format,Body,Front Structure,,Hyundai/Kia,1M,62260,combined,full,200,4.28,False,0,combined,,0,,,,0,,0,0,0,false,0,,0,
23300-31170,non_hk,non_hk,,,,,,,combined,full,200,10.8,False,2,combined,"cross_brand,cross_reference,legacy,exact_oem",1,Fuel filter,OSSCA,,1,SPIDAN:23284,0,0,0,true,1,:,0,
66779-P1799,plausible_hk,not_hk_format,Body,Rear Body / Trunk,,Hyundai/Kia,P1,66779,combined,full,200,4.32,False,0,combined,,0,,,,0,,0,0,0,false,0,,0,
23430-C6637,plausible_hk,not_hk_format,Engine,Cylinder Head & Valvetrain,,Hyundai/Kia,C6,23430,combined,full,200,3.16,False,1,combined,"cache,prefix_inference",0.9975,Piston Ring Kit for Kia Sorento (2015-2020),Kia, / Piston Ring Kit,0,,0,0,0,false,0,,0,
15862-2U516,plausible_hk,not_hk_format,Unknown,Unknown,,Hyundai/Kia,2U,15862,combined,full,200,0.74,False,0,hk_scope_rejected,,0,,,,0,,0,0,0,false,0,,1,This OEM format looks HK-shaped but the prefix is not in the Hyundai/Kia catalog.
57870-2U466,plausible_hk,not_hk_format,Suspension,Wheel & Hub,,Hyundai/Kia,2U,57870,combined,full,200,4.2,False,0,combined,,0,,,,0,,0,0,0,false,0,,0,
46534-1G409,plausible_hk,not_hk_format,Transmission,Auto Transmission Control,,Hyundai/Kia,1G,46534,combined,full,200,3.4,False,0,combined,,0,,,,0,,0,0,0,false,0,,0,
74976-A9098,plausible_hk,not_hk_format,Body,Back Door / Hatch,,Hyundai/Kia,A9,74976,combined,full,200,4.78,False,0,combined,,0,,,,0,,0,0,0,false,0,,0,
76919-2S505,plausible_hk,not_hk_format,Body,Window Regulator,,Hyundai/Kia,2S,76919,combined,full,200,4.02,False,1,combined,"cache,prefix_inference",0.9975,"Hydraulic Pump, steering system for Hyundai Tucson (2010-2015)",Hyundai," / Hydraulic Pump, steering system",0,,0,0,0,false,0,,0,
39373-A6679,plausible_hk,not_hk_format,Electrical,Sensors & Control,,Hyundai/Kia,A6,39373,combined,full,200,4.27,False,0,combined,,0,,,,0,,0,0,0,false,0,,0,
13206-3W668,plausible_hk,not_hk_format,Unknown,Unknown,,Hyundai/Kia,3W,13206,combined,full,200,0.78,False,0,hk_scope_rejected,,0,,,,0,,0,0,0,false,0,,1,This OEM format looks HK-shaped but the prefix is not in the Hyundai/Kia catalog.
90915-YZZE1,non_hk,non_hk,,,,,,,combined,full,200,0.79,False,0,hk_scope_rejected,,0,,,,0,,0,0,0,false,0,,2,This app searches Hyundai/Kia parts only. This OEM prefix belongs to Toyota. | Try the parts distributor for Toyota instead.
20389-1G952,plausible_hk,not_hk_format,Unknown,Unknown,,Hyundai/Kia,1G,20389,combined,full,200,0.46,False,0,hk_scope_rejected,,0,,,,0,,0,0,0,false,0,,1,This OEM format looks HK-shaped but the prefix is not in the Hyundai/Kia catalog.
57054-H8695,plausible_hk,not_hk_format,Suspension,Wheel & Hub,,Hyundai/Kia,H8,57054,combined,full,200,3.19,False,0,combined,,0,,,,0,,0,0,0,false,0,,0,
37067-B1846,plausible_hk,not_hk_format,Electrical,Ignition System,,Hyundai/Kia,B1,37067,combined,full,200,7.16,False,0,combined,,0,,,,0,,0,0,0,false,0,,0,
73858-4D889,plausible_hk,not_hk_format,Body,Rear Door,,Hyundai/Kia,4D,73858,combined,full,200,4.21,False,0,combined,,0,,,,0,,0,0,0,false,0,,0,
55727-1G038,plausible_hk,not_hk_format,Suspension,Rear Suspension,,Hyundai/Kia,1G,55727,combined,full,200,3.28,False,0,combined,,0,,,,0,,0,0,0,false,0,,0,
90915-10009,non_hk,non_hk,,,,,,,combined,full,200,0.79,False,0,hk_scope_rejected,,0,,,,0,,0,0,0,false,0,,2,This app searches Hyundai/Kia parts only. This OEM prefix belongs to Toyota. | Try the parts distributor for Toyota instead.
67033-A9679,plausible_hk,not_hk_format,Body,Floor & Underbody,,Hyundai/Kia,A9,67033,combined,full,200,3.26,False,1,combined,"cache,prefix_inference",0.9975,Tie Rod for Kia Carnival (2014-2020),Kia, / Tie Rod,0,,0,0,0,false,0,,0,
65795-3E076,plausible_hk,not_hk_format,Body,Fender & Side Body,,Hyundai/Kia,3E,65795,combined,full,200,5.14,False,0,combined,,0,,,,0,,0,0,0,false,0,,0,
18156-2G646,plausible_hk,not_hk_format,Engine,Ignition System,,Hyundai/Kia,2G,18156,combined,full,200,5.25,False,0,combined,,0,,,,0,,0,0,0,false,0,,0,
48057-3S709,plausible_hk,not_hk_format,Drivetrain,Transaxle,,Hyundai/Kia,3S,48057,combined,full,200,4.23,False,0,combined,,0,,,,0,,0,0,0,false,0,,0,
90915-YZZF1,non_hk,non_hk,,,,,,,combined,full,200,0.8,False,0,hk_scope_rejected,,0,,,,0,,0,0,0,false,0,,2,This app searches Hyundai/Kia parts only. This OEM prefix belongs to Toyota. | Try the parts distributor for Toyota instead.
70226-1R422,plausible_hk,not_hk_format,Body,Tailgate / Liftgate,,Hyundai/Kia,1R,70226,combined,full,200,4.4,False,0,combined,,0,,,,0,,0,0,0,false,0,,0,
27888-2U637,plausible_hk,not_hk_format,Engine,EGR & Emissions,,Hyundai/Kia,2U,27888,combined,full,200,4.09,False,0,combined,,0,,,,0,,0,0,0,false,0,,0,
76953-A6461,plausible_hk,not_hk_format,Body,Window Regulator,,Hyundai/Kia,A6,76953,combined,full,200,3.79,False,0,combined,,0,,,,0,,0,0,0,false,0,,0,
36369-A6566,plausible_hk,not_hk_format,Electrical,Starter & Charging,,Hyundai/Kia,A6,36369,combined,full,200,4.18,False,0,combined,,0,,,,0,,0,0,0,false,0,,0,
90915-YZZD3,non_hk,non_hk,,,,,,,combined,full,200,0.74,False,0,hk_scope_rejected,,0,,,,0,,0,0,0,false,0,,2,This app searches Hyundai/Kia parts only. This OEM prefix belongs to Toyota. | Try the parts distributor for Toyota instead.
54525-N9751,plausible_hk,not_hk_format,Suspension,Front Suspension,,Hyundai/Kia,N9,54525,combined,full,200,3.24,False,1,combined,"cache,prefix_inference",0.9975,Track Control Arm for Hyundai Tucson (2020+),Hyundai, / Track Control Arm,0,,0,0,0,false,0,,0,
85873-1W153,plausible_hk,not_hk_format,Interior,Seats,,Hyundai/Kia,1W,85873,combined,full,200,3.15,False,0,combined,,0,,,,0,,0,0,0,false,0,,0,
96086-N9376,plausible_hk,not_hk_format,Electrical,Battery & Charging,,Hyundai/Kia,N9,96086,combined,full,200,4.38,False,1,combined,"cache,prefix_inference",0.9975,Oil Filter for Hyundai Tucson (2020+),Hyundai,Engine / Oil Filter,0,,0,0,0,false,0,,0,
42431-08040,non_hk,non_hk,,,,,,,combined,full,200,0.77,False,0,hk_scope_rejected,,0,,,,0,,0,0,0,false,0,,1,This OEM format looks HK-shaped but the prefix is not in the Hyundai/Kia catalog.
21145-3E271,plausible_hk,not_hk_format,Engine,Cylinder Block,,Hyundai/Kia,3E,21145,combined,full,200,3.88,False,0,combined,,0,,,,0,,0,0,0,false,0,,0,
17220-RNA-A00,non_hk,non_hk,,,,,,,combined,full,200,0.43,False,0,hk_scope_rejected,,0,,,,0,,0,0,0,false,0,,2,This app searches Hyundai/Kia parts only. This OEM looks like a Honda part. | Try the parts distributor for Honda instead.
92401-S9600,real_hk_seeded,exists,Electrical,Tail Light - Rear Left,"tail,light,rear,left",Hyundai/Kia,S9,92401,combined,full,200,4.46,False,1,combined,"cache,prefix_inference,legacy,exact_oem",1,REAR COMBINATION LAMP ASSEMBLY,Hyundai / KIA,Electrical / Tail Light Assembly,0,,0,0,0,false,0,,0,
92101-R5200,real_hk_seeded,exists,Electrical,Headlight - Front Left,"headlight,front,left",Hyundai/Kia,R5,92101,combined,full,200,3.25,False,2,combined,"cache,prefix_inference",0.9975,Headlight,Hyundai / KIA,Electrical / Headlight Assembly,0,,0,0,0,false,0,,0,
39210-3C510,real_hk_seeded,exists,Electrical,Oxygen Sensor,"oxygen,sensor",Hyundai/Kia,3C,39210,combined,full,0,0.08,False,0,,,0,,,,0,,0,0,0,false,0,,0,
41430-2N500,real_hk_coarse,exists,Drivetrain,Clutch,clutch,Hyundai/Kia,2N,41430,combined,full,200,3.19,False,1,combined,"cache,exact_oem,legacy",0.937125,SEAL RING,Hyundai / KIA,Drivetrain / Clutch,0,,0,0,0,false,0,,0,
99130-CV000,real_hk_unseeded,exists,Unknown,Unknown,,Hyundai,CV,99130,combined,full,200,0.57,False,0,hk_scope_rejected,,0,,,,0,,0,0,0,false,0,,1,This OEM format looks HK-shaped but the prefix is not in the Hyundai/Kia catalog.
53178-A9562,plausible_hk,not_hk_format,Suspension,Power Steering,,Hyundai/Kia,A9,53178,combined,full,200,4.24,False,0,combined,,0,,,,0,,0,0,0,false,0,,0,
15400-PLM-A02,non_hk,non_hk,,,,,,,combined,full,200,0.6,False,0,hk_scope_rejected,,0,,,,0,,0,0,0,false,0,,2,This app searches Hyundai/Kia parts only. This OEM looks like a Honda part. | Try the parts distributor for Honda instead.
37362-4H323,plausible_hk,not_hk_format,Electrical,Alternator,,Hyundai/Kia,4H,37362,combined,full,200,4.23,False,0,combined,,0,,,,0,,0,0,0,false,0,,0,
84540-08010,non_hk,non_hk,,,,,,,combined,full,200,3.93,False,1,combined,"cache,prefix_inference",0.9975,"Switch, reverse light (Front Right)",Hyundai / KIA," / Switch, reverse light",0,,0,0,0,false,0,,0,
28779-P1466,plausible_hk,not_hk_format,Exhaust,Exhaust Manifold,,Hyundai/Kia,P1,28779,combined,full,200,3.26,False,0,combined,,0,,,,0,,0,0,0,false,0,,0,
83220-33110,non_hk,non_hk,,,,,,,combined,full,200,4.42,False,0,combined,,0,,,,0,,0,0,0,false,0,,0,
96145-2E278,plausible_hk,not_hk_format,Electrical,Battery,,Hyundai/Kia,2E,96145,combined,full,200,6.07,False,0,combined,,0,,,,0,,0,0,0,false,0,,0,
36630-C2228,plausible_hk,not_hk_format,Electrical,Starter & Charging,,Hyundai/Kia,C2,36630,combined,full,200,5.23,False,0,combined,,0,,,,0,,0,0,0,false,0,,0,
60399-2W629,plausible_hk,not_hk_format,Body,Frame & Cross Members,,Hyundai/Kia,2W,60399,combined,full,200,4.33,False,1,combined,"cache,prefix_inference",0.9975,"Bolt Kit, cylinder head for Hyundai Santa Fe (2012-2018)",Hyundai," / Bolt Kit, cylinder head",0,,0,0,0,false,0,,0,
11566-H5614,plausible_hk,not_hk_format,Unknown,Unknown,,Hyundai/Kia,H5,11566,combined,full,200,0.76,False,0,hk_scope_rejected,,0,,,,0,,0,0,0,false,0,,1,This OEM format looks HK-shaped but the prefix is not in the Hyundai/Kia catalog.
62534-C6712,plausible_hk,not_hk_format,Body,Front Structure,,Hyundai/Kia,C6,62534,combined,full,200,6.16,False,0,combined,,0,,,,0,,0,0,0,false,0,,0,
50201-33141,non_hk,non_hk,,,,,,,combined,full,200,0.74,False,0,hk_scope_rejected,,0,,,,0,,0,0,0,false,0,,1,This OEM format looks HK-shaped but the prefix is not in the Hyundai/Kia catalog.
90286-D3369,plausible_hk,not_hk_format,Unknown,Unknown,,Hyundai/Kia,D3,90286,combined,full,200,0.75,False,0,hk_scope_rejected,,0,,,,0,,0,0,0,false,0,,1,This OEM format looks HK-shaped but the prefix is not in the Hyundai/Kia catalog.
81429-2W434,plausible_hk,not_hk_format,Body,Weatherstrip & Seal,,Hyundai/Kia,2W,81429,combined,full,200,4.26,False,0,combined,,0,,,,0,,0,0,0,false,0,,0,
33247-1G904,plausible_hk,not_hk_format,Drivetrain,Rear Axle & Differential,,Hyundai/Kia,1G,33247,combined,full,200,3.66,False,0,combined,,0,,,,0,,0,0,0,false,0,,0,
11377-CV456,plausible_hk,not_hk_format,Unknown,Unknown,,Hyundai/Kia,CV,11377,combined,full,200,0.57,False,0,hk_scope_rejected,,0,,,,0,,0,0,0,false,0,,1,This OEM format looks HK-shaped but the prefix is not in the Hyundai/Kia catalog.
48974-B2317,plausible_hk,not_hk_format,Drivetrain,Transaxle,,Hyundai/Kia,B2,48974,combined,full,200,3.66,False,0,combined,,0,,,,0,,0,0,0,false,0,,0,
48609-06070,non_hk,non_hk,,,,,,,combined,full,200,10.83,False,6,combined,"cache,prefix_inference",0.9975,Top Strut Mounting,Hyundai / KIA,Suspension / Shock Absorber / Strut,2,TENACITY:ASMTO1047;WXQP:51140,1,0,0,true,2,:;:,0,
58294-2G168,plausible_hk,not_hk_format,Brakes,Front Brake Caliper,,Hyundai/Kia,2G,58294,combined,full,200,5.2,False,0,combined,,0,,,,0,,0,0,0,false,0,,0,
44001-06110,non_hk,non_hk,,,,,,,combined,full,200,4.36,False,1,combined,"cache,prefix_inference",0.9975,Brake Caliper,Hyundai / KIA, / Brake Caliper,0,,0,0,0,false,0,,0,
23737-G9234,plausible_hk,not_hk_format,Engine,Cylinder Head & Valvetrain,,Hyundai/Kia,G9,23737,combined,full,200,4.22,False,0,combined,,0,,,,0,,0,0,0,false,0,,0,
43512-08010,non_hk,non_hk,,,,,,,combined,full,200,4.88,False,1,combined,"cache,prefix_inference",0.9975,Brake Disc (Front Right),Hyundai / KIA,Brakes / Brake Disc,0,,0,0,0,false,0,,0,
12700-L2044,plausible_hk,not_hk_format,Unknown,Unknown,,Hyundai/Kia,L2,12700,combined,full,200,0.49,False,0,hk_scope_rejected,,0,,,,0,,0,0,0,false,0,,1,This OEM format looks HK-shaped but the prefix is not in the Hyundai/Kia catalog.
47947-P1626,plausible_hk,not_hk_format,Drivetrain,Transfer Case,,Hyundai/Kia,P1,47947,combined,full,200,4.16,False,0,combined,,0,,,,0,,0,0,0,false,0,,0,
17801-YZZ25,non_hk,non_hk,,,,,,,combined,full,200,0.78,False,0,hk_scope_rejected,,0,,,,0,,0,0,0,false,0,,1,This OEM format looks HK-shaped but the prefix is not in the Hyundai/Kia catalog.
82460-P1000,real_hk_seeded,exists,Body,Power Window Motor - Front,"power,window,motor,front",Kia,P1,82460,combined,full,200,4.31,False,1,combined,"cache,prefix_inference,legacy",1,FRONT POWER WINDOW MOTOR ASSEMBLY,Hyundai / KIA,Body / Glass / Windshield,0,,0,0,0,false,0,,0,
92102-D9310,real_hk_seeded,exists,Electrical,Headlight - Front Right,"headlight,front,right",Kia,D9,92102,combined,full,200,4.19,False,1,combined,"cache,prefix_inference",0.9975,Headlight for Kia Sportage (2015-2021),Kia,Electrical / Headlight Assembly,0,,0,0,0,false,0,,0,
54650-CV400,real_hk_seeded,exists,Suspension,Shock Absorber - Front,"shock,absorber,front",Hyundai,CV,54650,combined,full,200,6.72,False,1,combined,"prefix_inference,cache",0.9975,Shock Absorber for Hyundai Staria (2021+),Hyundai,Suspension / Shock Absorber / Strut,0,,0,0,0,false,0,,0,
56400-K0001,real_hk_coarse,exists,Suspension,Steering Column & Gear,"steering,column,gear",Hyundai/Kia,K0,56400,combined,full,200,2.2,False,2,combined,"cache,prefix_inference",0.9975,"Joint, steering column",Hyundai / KIA," / Joint, steering column",0,,0,0,0,false,0,,0,
05203-R5420,real_hk_unseeded,exists,Unknown,Unknown,,Hyundai/Kia,R5,05203,combined,full,200,0.45,False,0,hk_scope_rejected,,0,,,,0,,0,0,0,false,0,,1,This OEM format looks HK-shaped but the prefix is not in the Hyundai/Kia catalog.
44622-D3959,plausible_hk,not_hk_format,Transmission,Transmission Control,,Hyundai/Kia,D3,44622,combined,full,200,3.3,False,0,combined,,0,,,,0,,0,0,0,false,0,,0,
17801-38050,non_hk,non_hk,,,,,,,combined,full,200,0.79,False,0,hk_scope_rejected,,0,,,,0,,0,0,0,false,0,,1,This OEM format looks HK-shaped but the prefix is not in the Hyundai/Kia catalog.
29856-C5133,plausible_hk,not_hk_format,Engine,Turbo / Supercharger,,Hyundai/Kia,C5,29856,combined,full,200,3.94,False,0,combined,,0,,,,0,,0,0,0,false,0,,0,
17801-31170,non_hk,non_hk,,,,,,,combined,full,200,0.78,False,0,hk_scope_rejected,,0,,,,0,,0,0,0,false,0,,1,This OEM format looks HK-shaped but the prefix is not in the Hyundai/Kia catalog.
71222-N9569,plausible_hk,not_hk_format,Body,Bumper,,Hyundai/Kia,N9,71222,combined,full,200,3.28,False,0,combined,,0,,,,0,,0,0,0,false,0,,0,
44162-2G668,plausible_hk,not_hk_format,Transmission,Transmission Control,,Hyundai/Kia,2G,44162,combined,full,200,4.01,False,0,combined,,0,,,,0,,0,0,0,false,0,,0,
87167-2T659,plausible_hk,not_hk_format,Body,Mouldings & Trim,,Hyundai/Kia,2T,87167,combined,full,200,3.31,False,0,combined,,0,,,,0,,0,0,0,false,0,,0,
33105-3E856,plausible_hk,not_hk_format,Drivetrain,Rear Axle & Differential,,Hyundai/Kia,3E,33105,combined,full,200,4.24,False,1,combined,"cache,prefix_inference",0.9975,Injection Pump for Kia Sorento (2009-2015),Kia, / Injection Pump,0,,0,0,0,false,0,,0,
60687-26513,plausible_hk,not_hk_format,Body,Frame & Cross Members,,Hyundai/Kia,26,60687,combined,full,200,4.22,False,0,combined,,0,,,,0,,0,0,0,false,0,,0,
31401-2E505,plausible_hk,not_hk_format,Drivetrain,Front Differential,,Hyundai/Kia,2E,31401,combined,full,200,3.36,False,1,combined,"cache,prefix_inference",0.9975,"Master Cylinder, clutch for Hyundai Tucson (2004-2010)",Hyundai," / Master Cylinder, clutch",0,,0,0,0,false,0,,0,
11829-A9470,plausible_hk,not_hk_format,Unknown,Unknown,,Hyundai/Kia,A9,11829,combined,full,200,0.94,False,0,hk_scope_rejected,,0,,,,0,,0,0,0,false,0,,1,This OEM format looks HK-shaped but the prefix is not in the Hyundai/Kia catalog.
16742-3S169,plausible_hk,not_hk_format,Unknown,Unknown,,Hyundai/Kia,3S,16742,combined,full,200,0.83,False,0,hk_scope_rejected,,0,,,,0,,0,0,0,false,0,,1,This OEM format looks HK-shaped but the prefix is not in the Hyundai/Kia catalog.
22494-26062,plausible_hk,not_hk_format,Engine,Engine Mounting,,Hyundai/Kia,26,22494,combined,full,200,4.14,False,0,combined,,0,,,,0,,0,0,0,false,0,,0,
14418-L2548,plausible_hk,not_hk_format,Unknown,Unknown,,Hyundai/Kia,L2,14418,combined,full,200,0.51,False,0,hk_scope_rejected,,0,,,,0,,0,0,0,false,0,,1,This OEM format looks HK-shaped but the prefix is not in the Hyundai/Kia catalog.
40112-2U275,plausible_hk,not_hk_format,Unknown,Unknown,,Hyundai/Kia,2U,40112,combined,full,200,0.41,False,0,hk_scope_rejected,,0,,,,0,,0,0,0,false,0,,1,This OEM format looks HK-shaped but the prefix is not in the Hyundai/Kia catalog.
40743-1W273,plausible_hk,not_hk_format,Unknown,Unknown,,Hyundai/Kia,1W,40743,combined,full,200,0.5,False,0,hk_scope_rejected,,0,,,,0,,0,0,0,false,0,,1,This OEM format looks HK-shaped but the prefix is not in the Hyundai/Kia catalog.
45275-A7404,plausible_hk,not_hk_format,Transmission,Manual Transmission,,Hyundai/Kia,A7,45275,combined,full,200,3.74,False,0,combined,,0,,,,0,,0,0,0,false,0,,0,
60700-3W938,plausible_hk,not_hk_format,Body,Frame & Cross Members,,Hyundai/Kia,3W,60700,combined,full,200,3.29,False,1,combined,"prefix_inference,cache",0.9975,Crankshaft Bearing Set for Kia Sportage (2010-2015),Kia, / Crankshaft Bearing Set,0,,0,0,0,false,0,,0,
51501-2U725,plausible_hk,not_hk_format,Suspension,Front Axle,,Hyundai/Kia,2U,51501,combined,full,200,3.21,False,1,combined,"cache,prefix_inference",0.9975,Track Control Arm for Kia Optima (2015-2020),Kia, / Track Control Arm,0,,0,0,0,false,0,,0,
48888-A5904,plausible_hk,not_hk_format,Drivetrain,Transaxle,,Hyundai/Kia,A5,48888,combined,full,200,4.07,False,0,combined,,0,,,,0,,0,0,0,false,0,,0,
99002-D9921,plausible_hk,not_hk_format,Unknown,Unknown,,Hyundai/Kia,D9,99002,combined,full,200,0.72,False,0,hk_scope_rejected,,0,,,,0,,0,0,0,false,0,,1,This OEM format looks HK-shaped but the prefix is not in the Hyundai/Kia catalog.
91891-1R529,plausible_hk,not_hk_format,Electrical,Wiring Harness,,Hyundai/Kia,1R,91891,combined,full,200,3.32,False,0,combined,,0,,,,0,,0,0,0,false,0,,0,
71789-2T263,plausible_hk,not_hk_format,Body,Bumper,,Hyundai/Kia,2T,71789,combined,full,200,4.28,False,0,combined,,0,,,,0,,0,0,0,false,0,,0,
18155-2E035,plausible_hk,not_hk_format,Engine,Ignition System,,Hyundai/Kia,2E,18155,combined,full,200,4.02,False,0,combined,,0,,,,0,,0,0,0,false,0,,0,
23986-A9811,plausible_hk,not_hk_format,Engine,Cylinder Head & Valvetrain,,Hyundai/Kia,A9,23986,combined,full,200,3.34,False,0,combined,,0,,,,0,,0,0,0,false,0,,0,
68330-B1445,plausible_hk,not_hk_format,Body,Roof Panel,,Hyundai/Kia,B1,68330,combined,full,200,4.26,False,0,combined,,0,,,,0,,0,0,0,false,0,,0,
70059-A9823,plausible_hk,not_hk_format,Body,Tailgate / Liftgate,,Hyundai/Kia,A9,70059,combined,full,200,3.06,False,0,combined,,0,,,,0,,0,0,0,false,0,,0,
98395-D3047,plausible_hk,not_hk_format,Maintenance,Wiper Blades,,Hyundai/Kia,D3,98395,combined,full,200,4.32,False,0,combined,,0,,,,0,,0,0,0,false,0,,0,
78387-H5350,plausible_hk,not_hk_format,Unknown,Unknown,,Hyundai/Kia,H5,78387,combined,full,200,0.77,False,0,hk_scope_rejected,,0,,,,0,,0,0,0,false,0,,1,This OEM format looks HK-shaped but the prefix is not in the Hyundai/Kia catalog.
53007-2T012,plausible_hk,not_hk_format,Suspension,Power Steering,,Hyundai/Kia,2T,53007,combined,full,200,4.21,False,1,combined,"cache,prefix_inference",0.9975,Wheel Bearing Kit for Kia Optima (2010-2015),Kia, / Wheel Bearing Kit,0,,0,0,0,false,0,,0,
80004-CV566,plausible_hk,not_hk_format,Unknown,Unknown,,Hyundai/Kia,CV,80004,combined,full,200,1.07,False,0,hk_scope_rejected,,0,,,,0,,0,0,0,false,0,,1,This OEM format looks HK-shaped but the prefix is not in the Hyundai/Kia catalog.
96230-A7345,plausible_hk,not_hk_format,Electrical,Battery & Charging,,Hyundai/Kia,A7,96230,combined,full,200,4.19,False,1,combined,"cache,prefix_inference",0.9975,"Gasket, cylinder head for Kia Forte (2013-2018)",Kia," / Gasket, cylinder head",0,,0,0,0,false,0,,0,
75442-2U197,plausible_hk,not_hk_format,Body,Door Lock & Handle,,Hyundai/Kia,2U,75442,combined,full,200,4.5,False,0,combined,,0,,,,0,,0,0,0,false,0,,0,
39327-1R243,plausible_hk,not_hk_format,Electrical,Sensors & Control,,Hyundai/Kia,1R,39327,combined,full,200,4.31,False,0,combined,,0,,,,0,,0,0,0,false,0,,0,
21042-2T040,plausible_hk,not_hk_format,Engine,Engine Block & Internals,,Hyundai/Kia,2T,21042,combined,full,200,3.51,False,1,combined,"cache,prefix_inference",0.9975,Brake Disc (Rear Left) for Kia Optima (2010-2015),Kia,Brakes / Brake Disc,0,,0,0,0,false,0,,0,
48409-2T585,plausible_hk,not_hk_format,Drivetrain,Transaxle,,Hyundai/Kia,2T,48409,combined,full,200,5.25,False,1,combined,"cache,prefix_inference",0.9975,"Caster Shim, axle beam for Kia Optima (2010-2015)",Kia," / Caster Shim, axle beam",0,,0,0,0,false,0,,0,
62355-A6412,plausible_hk,not_hk_format,Body,Front Structure,,Hyundai/Kia,A6,62355,combined,full,200,4.51,False,0,combined,,0,,,,0,,0,0,0,false,0,,0,
24591-D9555,plausible_hk,not_hk_format,Engine,Intake & Exhaust Manifold,,Hyundai/Kia,D9,24591,combined,full,200,5.26,False,0,combined,,0,,,,0,,0,0,0,false,0,,0,
70403-H8799,plausible_hk,not_hk_format,Body,Tailgate / Liftgate,,Hyundai/Kia,H8,70403,combined,full,200,3.23,False,0,combined,,0,,,,0,,0,0,0,false,0,,0,
17915-3S298,plausible_hk,not_hk_format,Unknown,Unknown,,Hyundai/Kia,3S,17915,combined,full,200,1.22,False,0,hk_scope_rejected,,0,,,,0,,0,0,0,false,0,,1,This OEM format looks HK-shaped but the prefix is not in the Hyundai/Kia catalog.
15034-B2800,plausible_hk,not_hk_format,Unknown,Unknown,,Hyundai/Kia,B2,15034,combined,full,200,0.85,False,0,hk_scope_rejected,,0,,,,0,,0,0,0,false,0,,1,This OEM format looks HK-shaped but the prefix is not in the Hyundai/Kia catalog.
20465-F2531,plausible_hk,not_hk_format,Unknown,Unknown,,Hyundai/Kia,F2,20465,combined,full,200,0.73,False,0,hk_scope_rejected,,0,,,,0,,0,0,0,false,0,,1,This OEM format looks HK-shaped but the prefix is not in the Hyundai/Kia catalog.
11155-2U083,plausible_hk,not_hk_format,Unknown,Unknown,,Hyundai/Kia,2U,11155,combined,full,200,0.85,False,0,hk_scope_rejected,,0,,,,0,,0,0,0,false,0,,1,This OEM format looks HK-shaped but the prefix is not in the Hyundai/Kia catalog.
83336-L2298,plausible_hk,not_hk_format,Body,Sunroof,,Hyundai/Kia,L2,83336,combined,full,200,3.73,False,0,combined,,0,,,,0,,0,0,0,false,0,,0,
90687-D3350,plausible_hk,not_hk_format,Unknown,Unknown,,Hyundai/Kia,D3,90687,combined,full,200,0.58,False,0,hk_scope_rejected,,0,,,,0,,0,0,0,false,0,,1,This OEM format looks HK-shaped but the prefix is not in the Hyundai/Kia catalog.
28838-1R457,plausible_hk,not_hk_format,Cooling,Cooling System,,Hyundai/Kia,1R,28838,combined,full,200,3.29,False,0,combined,,0,,,,0,,0,0,0,false,0,,0,
98675-26486,plausible_hk,not_hk_format,Maintenance,Wiper System,,Hyundai/Kia,26,98675,combined,full,200,4.22,False,0,combined,,0,,,,0,,0,0,0,false,0,,0,
24118-A9735,plausible_hk,not_hk_format,Engine,Intake & Exhaust Manifold,,Hyundai/Kia,A9,24118,combined,full,200,3.87,False,0,combined,,0,,,,0,,0,0,0,false,0,,0,
88114-L1084,plausible_hk,not_hk_format,Interior,Instrument Panel / Dashboard,,Hyundai/Kia,L1,88114,combined,full,200,5.38,False,0,combined,,0,,,,0,,0,0,0,false,0,,0,
19020-26663,plausible_hk,not_hk_format,Unknown,Unknown,,Hyundai/Kia,26,19020,combined,full,200,0.76,False,0,hk_scope_rejected,,0,,,,0,,0,0,0,false,0,,1,This OEM format looks HK-shaped but the prefix is not in the Hyundai/Kia catalog.
94839-2S926,plausible_hk,not_hk_format,Electrical,Audio & Display,,Hyundai/Kia,2S,94839,combined,full,200,4.63,False,0,combined,,0,,,,0,,0,0,0,false,0,,0,
70028-2E141,plausible_hk,not_hk_format,Body,Tailgate / Liftgate,,Hyundai/Kia,2E,70028,combined,full,200,4.18,False,0,combined,,0,,,,0,,0,0,0,false,0,,0,
41095-2S890,plausible_hk,not_hk_format,Drivetrain,Clutch,,Hyundai/Kia,2S,41095,combined,full,200,4.16,False,0,combined,,0,,,,0,,0,0,0,false,0,,0,
83621-G9651,plausible_hk,not_hk_format,Body,Sunroof,,Hyundai/Kia,G9,83621,combined,full,200,4.18,False,0,combined,,0,,,,0,,0,0,0,false,0,,0,
99679-3X052,plausible_hk,not_hk_format,Unknown,Unknown,,Hyundai/Kia,3X,99679,combined,full,200,0.82,False,0,hk_scope_rejected,,0,,,,0,,0,0,0,false,0,,1,This OEM format looks HK-shaped but the prefix is not in the Hyundai/Kia catalog.
27158-B2670,plausible_hk,not_hk_format,Engine,EGR & Emissions,,Hyundai/Kia,B2,27158,combined,full,200,4.19,False,0,combined,,0,,,,0,,0,0,0,false,0,,0,
56975-F2168,plausible_hk,not_hk_format,Suspension,Steering Column & Gear,,Hyundai/Kia,F2,56975,combined,full,200,4.16,False,0,combined,,0,,,,0,,0,0,0,false,0,,0,
87610-M7031,real_hk_seeded,exists,Body,Exterior Mirror,"exterior,mirror",Hyundai/Kia,M7,87610,combined,full,200,3.73,False,1,combined,"cache,prefix_inference,legacy",1,OUTSIDE MIRROR ASSEMBLY,Hyundai / KIA,Body / Mouldings & Trim,0,,0,0,0,false,0,,0,
54650-CV500,real_hk_seeded,exists,Suspension,Shock Absorber - Front,"shock,absorber,front",Hyundai,CV,54650,combined,full,200,4.37,False,1,combined,"cache,prefix_inference",0.9975,Shock Absorber (Rear) for Hyundai Staria (2021+),Hyundai,Suspension / Shock Absorber / Strut,0,,0,0,0,false,0,,0,
64900-F6110,real_hk_coarse,exists,Body,Front Body / Hood,"front,body,hood",Hyundai/Kia,F6,64900,combined,full,200,4.12,False,1,combined,"cache,prefix_inference",0.9975,"Support, bumper",Hyundai / KIA," / Support, bumper",0,,0,0,0,false,0,,0,
99240-AT200,real_hk_unseeded,exists,Unknown,Unknown,,Hyundai/Kia,AT,99240,combined,full,200,0.47,False,0,hk_scope_rejected,,0,,,,0,,0,0,0,false,0,,1,This OEM format looks HK-shaped but the prefix is not in the Hyundai/Kia catalog.
83764-D9694,plausible_hk,not_hk_format,Body,Sunroof,,Hyundai/Kia,D9,83764,combined,full,200,6.32,False,0,combined,,0,,,,0,,0,0,0,false,0,,0,
35339-26107,plausible_hk,not_hk_format,Drivetrain,Drive Shaft / CV Joint,,Hyundai/Kia,26,35339,combined,full,200,3.24,False,0,combined,,0,,,,0,,0,0,0,false,0,,0,
37390-C6017,plausible_hk,not_hk_format,Electrical,Alternator,,Hyundai/Kia,C6,37390,combined,full,200,4.24,False,1,combined,"cache,prefix_inference",0.9975,Alternator for Kia Sorento (2015-2020),Kia, / Alternator,0,,0,0,0,false,0,,0,
38938-2E257,plausible_hk,not_hk_format,Engine,Engine Control Unit (ECU),,Hyundai/Kia,2E,38938,combined,full,200,5.37,False,0,combined,,0,,,,0,,0,0,0,false,0,,0,
28579-C2564,plausible_hk,not_hk_format,Cooling,Coolant Hose,,Hyundai/Kia,C2,28579,combined,full,200,3.24,False,0,combined,,0,,,,0,,0,0,0,false,0,,0,
89045-CV222,plausible_hk,not_hk_format,Safety,Air Bag System,,Hyundai/Kia,CV,89045,combined,full,200,4.24,False,0,combined,,0,,,,0,,0,0,0,false,0,,0,
68304-F2941,plausible_hk,not_hk_format,Body,Roof Panel,,Hyundai/Kia,F2,68304,combined,full,200,3.72,False,0,combined,,0,,,,0,,0,0,0,false,0,,0,
62331-2H606,plausible_hk,not_hk_format,Body,Front Structure,,Hyundai/Kia,2H,62331,combined,full,200,3.28,False,0,combined,,0,,,,0,,0,0,0,false,0,,0,
51493-L2554,plausible_hk,not_hk_format,Suspension,Front Axle,,Hyundai/Kia,L2,51493,combined,full,200,4.34,False,0,combined,,0,,,,0,,0,0,0,false,0,,0,
16325-4D138,plausible_hk,not_hk_format,Unknown,Unknown,,Hyundai/Kia,4D,16325,combined,full,200,0.59,False,0,hk_scope_rejected,,0,,,,0,,0,0,0,false,0,,1,This OEM format looks HK-shaped but the prefix is not in the Hyundai/Kia catalog.
64303-3E929,plausible_hk,not_hk_format,Body,Front Body / Hood,,Hyundai/Kia,3E,64303,combined,full,200,4.19,False,1,combined,"cache,prefix_inference",0.9975,Cable Connector for Kia Sorento (2009-2015),Kia, / Cable Connector,0,,0,0,0,false,0,,0,
86175-D9338,plausible_hk,not_hk_format,Body,Mirrors,,Hyundai/Kia,D9,86175,combined,full,200,4.22,False,0,combined,,0,,,,0,,0,0,0,false,0,,0,
70300-A6909,plausible_hk,not_hk_format,Body,Tailgate / Liftgate,,Hyundai/Kia,A6,70300,combined,full,200,4.03,False,0,combined,,0,,,,0,,0,0,0,false,0,,0,
88753-2G851,plausible_hk,not_hk_format,Interior,Instrument Panel / Dashboard,,Hyundai/Kia,2G,88753,combined,full,200,3.17,False,0,combined,,0,,,,0,,0,0,0,false,0,,0,
59166-2G181,plausible_hk,not_hk_format,Brakes,ABS / ESC,,Hyundai/Kia,2G,59166,combined,full,200,4.24,False,0,combined,,0,,,,0,,0,0,0,false,0,,0,
28489-3E260,plausible_hk,not_hk_format,Engine,Water Pump,,Hyundai/Kia,3E,28489,combined,full,200,4.25,False,0,combined,,0,,,,0,,0,0,0,false,0,,0,
55211-F2200,plausible_hk,not_hk_format,Suspension,Rear Suspension,,Hyundai/Kia,F2,55211,combined,full,200,4.17,False,1,combined,"cache,prefix_inference",0.9975,Brake Disc for Hyundai Elantra (2015-2020),Hyundai,Brakes / Brake Disc,0,,0,0,0,false,0,,0,
71173-4H249,plausible_hk,not_hk_format,Body,Bumper,,Hyundai/Kia,4H,71173,combined,full,200,3.25,False,0,combined,,0,,,,0,,0,0,0,false,0,,0,
56257-C5050,plausible_hk,not_hk_format,Suspension,Steering Column & Gear,,Hyundai/Kia,C5,56257,combined,full,200,3.89,False,0,combined,,0,,,,0,,0,0,0,false,0,,0,
25391-4H442,plausible_hk,not_hk_format,Engine,Fuel Injector,,Hyundai/Kia,4H,25391,combined,full,200,4.18,False,0,combined,,0,,,,0,,0,0,0,false,0,,0,
12368-2H128,plausible_hk,not_hk_format,Unknown,Unknown,,Hyundai/Kia,2H,12368,combined,full,200,0.53,False,0,hk_scope_rejected,,0,,,,0,,0,0,0,false,0,,1,This OEM format looks HK-shaped but the prefix is not in the Hyundai/Kia catalog.
80310-Q5600,real_hk_unseeded,exists,Unknown,Unknown,,Hyundai/Kia,Q5,80310,combined,full,200,0.54,False,0,hk_scope_rejected,,0,,,,0,,0,0,0,false,0,,1,This OEM format looks HK-shaped but the prefix is not in the Hyundai/Kia catalog.
92102-D9120,real_hk_seeded,exists,Electrical,Headlight - Front Right,"headlight,front,right",Kia,D9,92102,combined,full,200,3.76,False,1,combined,"cache,prefix_inference",0.9975,Headlight for Kia Sportage (2015-2021),Kia,Electrical / Headlight Assembly,0,,0,0,0,false,0,,0,
82650-CV000,real_hk_seeded,exists,Body,Window Regulator - Front,"window,regulator,front",Hyundai,CV,82650,combined,full,200,2.26,False,2,combined,"cache,prefix_inference",0.9975,Door Handle for Hyundai Staria (2021+),Hyundai, / Door Handle,0,,0,0,0,false,0,,0,
58101-ATA00,real_hk_seeded,exists,Brakes,Brake Pad Set - Front,"brake,pad,set,front",Hyundai/Kia,AT,58101,combined,full,200,14.95,False,2,combined,"exact_oem,legacy",0.7875,PAD KIT - FRONT DISC BRAKE,Hyundai / KIA,Brakes / Front Brake Pad / Disc,0,,0,0,0,false,0,,0,
92402-Q5010,real_hk_seeded,exists,Electrical,Tail Light - Rear Right,"tail,light,rear,right",Hyundai/Kia,Q5,92402,combined,full,200,3.98,False,1,combined,"cache,prefix_inference",0.9975,Combination Rearlight (Front Right),Hyundai / KIA, / Combination Rearlight,0,,0,0,0,false,0,,0,
26300-2MHA0,real_hk_seeded,exists,Engine,Oil Filter,"oil,filter",Hyundai/Kia,2M,26300,combined,full,0,2.28,False,0,,,0,,,,0,,0,0,0,false,0,,0,
97127-N9000,real_hk_coarse,exists,HVAC,Compressor A/C,compressor,Hyundai,N9,97127,combined,full,200,3.21,False,0,combined,,0,,,,0,,0,0,0,false,0,,0,
77003-CV000,real_hk_unseeded,exists,Unknown,Unknown,,Hyundai,CV,77003,combined,full,200,1.1,False,0,hk_scope_rejected,,0,,,,0,,0,0,0,false,0,,1,This OEM format looks HK-shaped but the prefix is not in the Hyundai/Kia catalog.
86487-L2855,plausible_hk,not_hk_format,Body,Mirrors,,Hyundai/Kia,L2,86487,combined,full,200,4.23,False,0,combined,,0,,,,0,,0,0,0,false,0,,0,
48789-L1437,plausible_hk,not_hk_format,Drivetrain,Transaxle,,Hyundai/Kia,L1,48789,combined,full,200,3.27,False,0,combined,,0,,,,0,,0,0,0,false,0,,0,
25027-CV161,plausible_hk,not_hk_format,Engine,Fuel System,,Hyundai/Kia,CV,25027,combined,full,200,3.18,False,0,combined,,0,,,,0,,0,0,0,false,0,,0,
56774-H5111,plausible_hk,not_hk_format,Suspension,Steering Column & Gear,,Hyundai/Kia,H5,56774,combined,full,200,3.16,False,0,combined,,0,,,,0,,0,0,0,false,0,,0,
83108-3E760,plausible_hk,not_hk_format,Body,Sunroof,,Hyundai/Kia,3E,83108,combined,full,200,3.37,False,0,combined,,0,,,,0,,0,0,0,false,0,,0,
93728-CV150,plausible_hk,not_hk_format,Electrical,Lighting - Interior,,Hyundai/Kia,CV,93728,combined,full,200,4.36,False,0,combined,,0,,,,0,,0,0,0,false,0,,0,
64098-2E451,plausible_hk,not_hk_format,Body,Front Body / Hood,,Hyundai/Kia,2E,64098,combined,full,200,3.82,False,0,combined,,0,,,,0,,0,0,0,false,0,,0,
96477-3W906,plausible_hk,not_hk_format,Electrical,Battery & Charging,,Hyundai/Kia,3W,96477,combined,full,200,4.3,False,1,combined,"cache,prefix_inference",0.9975,Steering Column Switch for Kia Sportage (2010-2015),Kia, / Steering Column Switch,0,,0,0,0,false,0,,0,
65315-N9102,plausible_hk,not_hk_format,Body,Fender & Side Body,,Hyundai/Kia,N9,65315,combined,full,200,3.21,False,0,combined,,0,,,,0,,0,0,0,false,0,,0,
99599-A7086,plausible_hk,not_hk_format,Unknown,Unknown,,Hyundai/Kia,A7,99599,combined,full,200,0.79,False,0,hk_scope_rejected,,0,,,,0,,0,0,0,false,0,,1,This OEM format looks HK-shaped but the prefix is not in the Hyundai/Kia catalog.
41006-3S251,plausible_hk,not_hk_format,Drivetrain,Clutch,,Hyundai/Kia,3S,41006,combined,full,200,3.48,False,1,combined,"cache,prefix_inference",0.9975,"Accessory Kit, brake shoes for Hyundai Sonata (2010-2014)",Hyundai," / Accessory Kit, brake shoes",0,,0,0,0,false,0,,0,
50136-1R379,plausible_hk,not_hk_format,Unknown,Unknown,,Hyundai/Kia,1R,50136,combined,full,200,0.55,False,0,hk_scope_rejected,,0,,,,0,,0,0,0,false,0,,1,This OEM format looks HK-shaped but the prefix is not in the Hyundai/Kia catalog.
25068-P1503,plausible_hk,not_hk_format,Engine,Fuel System,,Hyundai/Kia,P1,25068,combined,full,200,5.2,False,1,combined,"cache,prefix_inference",0.9975,Flasher Unit for Kia Sportage (2021+),Kia, / Flasher Unit,0,,0,0,0,false,0,,0,
22111-A6084,plausible_hk,not_hk_format,Engine,Engine Mounting,,Hyundai/Kia,A6,22111,combined,full,200,3.29,False,1,combined,"cache,prefix_inference",0.9975,Lid for Hyundai i30 (2011-2016),Hyundai, / Lid,0,,0,0,0,false,0,,0,
88799-L1743,plausible_hk,not_hk_format,Interior,Instrument Panel / Dashboard,,Hyundai/Kia,L1,88799,combined,full,200,5.28,False,0,combined,,0,,,,0,,0,0,0,false,0,,0,
68665-N9177,plausible_hk,not_hk_format,Body,Roof Panel,,Hyundai/Kia,N9,68665,combined,full,200,4.01,False,0,combined,,0,,,,0,,0,0,0,false,0,,0,
65333-CV494,plausible_hk,not_hk_format,Body,Fender & Side Body,,Hyundai/Kia,CV,65333,combined,full,200,3.21,False,0,combined,,0,,,,0,,0,0,0,false,0,,0,
64730-H8654,plausible_hk,not_hk_format,Body,Front Body / Hood,,Hyundai/Kia,H8,64730,combined,full,200,4.15,False,0,combined,,0,,,,0,,0,0,0,false,0,,0,
95487-1M744,plausible_hk,not_hk_format,Electrical,Sensors & Modules,,Hyundai/Kia,1M,95487,combined,full,200,3.29,False,0,combined,,0,,,,0,,0,0,0,false,0,,0,
13523-C2754,plausible_hk,not_hk_format,Unknown,Unknown,,Hyundai/Kia,C2,13523,combined,full,200,0.51,False,0,hk_scope_rejected,,0,,,,0,,0,0,0,false,0,,1,This OEM format looks HK-shaped but the prefix is not in the Hyundai/Kia catalog.
23809-A7108,plausible_hk,not_hk_format,Engine,Cylinder Head & Valvetrain,,Hyundai/Kia,A7,23809,combined,full,200,5.29,False,0,combined,,0,,,,0,,0,0,0,false,0,,0,
85462-D9227,plausible_hk,not_hk_format,Interior,Seats,,Hyundai/Kia,D9,85462,combined,full,200,4.29,False,0,combined,,0,,,,0,,0,0,0,false,0,,0,
85685-P1953,plausible_hk,not_hk_format,Interior,Seats,,Hyundai/Kia,P1,85685,combined,full,200,5.23,False,0,combined,,0,,,,0,,0,0,0,false,0,,0,
86030-2H350,plausible_hk,not_hk_format,Body,Mirrors,,Hyundai/Kia,2H,86030,combined,full,200,4.34,False,0,combined,,0,,,,0,,0,0,0,false,0,,0,
95453-B1456,plausible_hk,not_hk_format,Electrical,Sensors & Modules,,Hyundai/Kia,B1,95453,combined,full,200,4.23,False,0,combined,,0,,,,0,,0,0,0,false,0,,0,
26981-4H612,plausible_hk,not_hk_format,Engine,Oil System / Filters,,Hyundai/Kia,4H,26981,combined,full,200,4.34,False,0,combined,,0,,,,0,,0,0,0,false,0,,0,
29138-26332,plausible_hk,not_hk_format,Engine,Turbo / Supercharger,,Hyundai/Kia,26,29138,combined,full,200,3.26,False,0,combined,,0,,,,0,,0,0,0,false,0,,0,
94429-3E963,plausible_hk,not_hk_format,Electrical,Audio & Display,,Hyundai/Kia,3E,94429,combined,full,200,5.27,False,0,combined,,0,,,,0,,0,0,0,false,0,,0,
86618-2E889,plausible_hk,not_hk_format,Body,Mirrors,,Hyundai/Kia,2E,86618,combined,full,200,3.23,False,0,combined,,0,,,,0,,0,0,0,false,0,,0,
95377-1M158,plausible_hk,not_hk_format,Electrical,Sensors & Modules,,Hyundai/Kia,1M,95377,combined,full,200,3.69,False,0,combined,,0,,,,0,,0,0,0,false,0,,0,
67755-3X938,plausible_hk,not_hk_format,Body,Floor & Underbody,,Hyundai/Kia,3X,67755,combined,full,200,5.32,False,0,combined,,0,,,,0,,0,0,0,false,0,,0,
22585-3S038,plausible_hk,not_hk_format,Engine,Engine Mounting,,Hyundai/Kia,3S,22585,combined,full,200,3.13,False,0,combined,,0,,,,0,,0,0,0,false,0,,0,
18098-1M444,plausible_hk,not_hk_format,Engine,Ignition System,,Hyundai/Kia,1M,18098,combined,full,200,4.26,False,0,combined,,0,,,,0,,0,0,0,false,0,,0,
10308-E4835,plausible_hk,not_hk_format,Unknown,Unknown,,Hyundai/Kia,E4,10308,combined,full,200,0.75,False,0,hk_scope_rejected,,0,,,,0,,0,0,0,false,0,,1,This OEM format looks HK-shaped but the prefix is not in the Hyundai/Kia catalog.
93082-D3630,plausible_hk,not_hk_format,Electrical,Lighting - Interior,,Hyundai/Kia,D3,93082,combined,full,200,5.28,False,0,combined,,0,,,,0,,0,0,0,false,0,,0,
14459-3E101,plausible_hk,not_hk_format,Unknown,Unknown,,Hyundai/Kia,3E,14459,combined,full,200,0.7,False,0,hk_scope_rejected,,0,,,,0,,0,0,0,false,0,,1,This OEM format looks HK-shaped but the prefix is not in the Hyundai/Kia catalog.
28609-L2875,plausible_hk,not_hk_format,Exhaust,Exhaust System,,Hyundai/Kia,L2,28609,combined,full,200,3.17,False,0,combined,,0,,,,0,,0,0,0,false,0,,0,
48810-2E067,plausible_hk,not_hk_format,Drivetrain,Transaxle,,Hyundai/Kia,2E,48810,combined,full,200,4.5,False,1,combined,"cache,prefix_inference",0.9975,Steering Column for Hyundai Tucson (2004-2010),Hyundai, / Steering Column,0,,0,0,0,false,0,,0,
14171-D9553,plausible_hk,not_hk_format,Unknown,Unknown,,Hyundai/Kia,D9,14171,combined,full,200,0.57,False,0,hk_scope_rejected,,0,,,,0,,0,0,0,false,0,,1,This OEM format looks HK-shaped but the prefix is not in the Hyundai/Kia catalog.
82317-3E931,plausible_hk,not_hk_format,Body,Glass / Windshield,,Hyundai/Kia,3E,82317,combined,full,200,4.2,False,0,combined,,0,,,,0,,0,0,0,false,0,,0,
69011-D3152,plausible_hk,not_hk_format,Body,Quarter Panel,,Hyundai/Kia,D3,69011,combined,full,200,4.23,False,0,combined,,0,,,,0,,0,0,0,false,0,,0,
92101-Q5130,real_hk_seeded,exists,Electrical,Headlight - Front Left,"headlight,front,left",Hyundai/Kia,Q5,92101,combined,full,200,3.99,False,1,combined,"cache,prefix_inference",0.9975,Headlight,Hyundai / KIA,Electrical / Headlight Assembly,0,,0,0,0,false,0,,0,
54650-AO100,real_hk_seeded,exists,Suspension,Shock Absorber - Front,"shock,absorber,front",Hyundai/Kia,AO,54650,combined,full,200,4.14,False,1,combined,"cache,prefix_inference",0.9975,Shock Absorber,Hyundai / KIA,Suspension / Shock Absorber / Strut,0,,0,0,0,false,0,,0,
54650-M7CA0,real_hk_seeded,exists,Suspension,Shock Absorber - Front,"shock,absorber,front",Hyundai/Kia,M7,54650,combined,full,200,8.66,False,1,combined,"cache,prefix_inference",0.9975,Shock Absorber,Hyundai / KIA,Suspension / Shock Absorber / Strut,0,,0,0,0,false,0,,0,
25310-1R010,real_hk_seeded,exists,Cooling,Radiator,radiator,Hyundai,1R,25310,combined,full,200,11.22,False,8,combined,"cross_reference,cross_brand,exact_oem,legacy",1,"Radiator, engine cooling",VAN WEZEL,,1,VAN WEZEL:82002277,0,0,0,false,1,:,0,
26310-2S002,real_hk_seeded,exists,Engine,Oil Pan,"oil,pan",Hyundai,2S,26310,combined,full,0,0.09,False,0,,,0,,,,0,,0,0,0,false,0,,0,
71110-L3A00,real_hk_coarse,exists,Body,Bumper,bumper,Hyundai/Kia,L3,71110,combined,full,200,3.25,False,0,combined,,0,,,,0,,0,0,0,false,0,,0,
80610-K0000,real_hk_unseeded,exists,Unknown,Unknown,,Hyundai/Kia,K0,80610,combined,full,200,0.56,False,0,hk_scope_rejected,,0,,,,0,,0,0,0,false,0,,1,This OEM format looks HK-shaped but the prefix is not in the Hyundai/Kia catalog.
84022-A6030,plausible_hk,not_hk_format,Interior,Interior Trim,,Hyundai/Kia,A6,84022,combined,full,200,3.8,False,0,combined,,0,,,,0,,0,0,0,false,0,,0,
59282-1G932,plausible_hk,not_hk_format,Brakes,ABS / ESC,,Hyundai/Kia,1G,59282,combined,full,200,4.27,False,0,combined,,0,,,,0,,0,0,0,false,0,,0,
42676-2W556,plausible_hk,not_hk_format,Unknown,Unknown,,Hyundai/Kia,2W,42676,combined,full,200,0.75,False,0,hk_scope_rejected,,0,,,,0,,0,0,0,false,0,,1,This OEM format looks HK-shaped but the prefix is not in the Hyundai/Kia catalog.
16988-1R867,plausible_hk,not_hk_format,Unknown,Unknown,,Hyundai/Kia,1R,16988,combined,full,200,0.51,False,0,hk_scope_rejected,,0,,,,0,,0,0,0,false,0,,1,This OEM format looks HK-shaped but the prefix is not in the Hyundai/Kia catalog.
25792-3S251,plausible_hk,not_hk_format,Engine,Fuel System,,Hyundai/Kia,3S,25792,combined,full,200,3.28,False,0,combined,,0,,,,0,,0,0,0,false,0,,0,
71053-3S406,plausible_hk,not_hk_format,Body,Bumper,,Hyundai/Kia,3S,71053,combined,full,200,4.37,False,0,combined,,0,,,,0,,0,0,0,false,0,,0,
63811-2E419,plausible_hk,not_hk_format,Body,Rear Structure,,Hyundai/Kia,2E,63811,combined,full,200,4.25,False,1,combined,"cache,prefix_inference",0.9975,"Flaring, wing for Hyundai Tucson (2004-2010)",Hyundai," / Flaring, wing",0,,0,0,0,false,0,,0,
25827-H5214,plausible_hk,not_hk_format,Engine,Fuel System,,Hyundai/Kia,H5,25827,combined,full,200,5.14,False,0,combined,,0,,,,0,,0,0,0,false,0,,0,
99076-B2871,plausible_hk,not_hk_format,Unknown,Unknown,,Hyundai/Kia,B2,99076,combined,full,200,0.63,False,0,hk_scope_rejected,,0,,,,0,,0,0,0,false,0,,1,This OEM format looks HK-shaped but the prefix is not in the Hyundai/Kia catalog.
36310-D3613,plausible_hk,not_hk_format,Electrical,Starter & Charging,,Hyundai/Kia,D3,36310,combined,full,200,4.24,False,1,combined,"cache,prefix_inference",0.9975,Brake Disc for Hyundai Tucson (2015-2020),Hyundai,Brakes / Brake Disc,0,,0,0,0,false,0,,0,
94686-G9727,plausible_hk,not_hk_format,Electrical,Audio & Display,,Hyundai/Kia,G9,94686,combined,full,200,5.19,False,0,combined,,0,,,,0,,0,0,0,false,0,,0,
66230-A6557,plausible_hk,not_hk_format,Body,Rear Body / Trunk,,Hyundai/Kia,A6,66230,combined,full,200,4.23,False,0,combined,,0,,,,0,,0,0,0,false,0,,0,
57375-H8000,plausible_hk,not_hk_format,Suspension,Wheel & Hub,,Hyundai/Kia,H8,57375,combined,full,200,3.34,False,0,combined,,0,,,,0,,0,0,0,false,0,,0,
54447-4H124,plausible_hk,not_hk_format,Suspension,Front Suspension,,Hyundai/Kia,4H,54447,combined,full,200,5.12,False,0,combined,,0,,,,0,,0,0,0,false,0,,0,
42204-F2447,plausible_hk,not_hk_format,Unknown,Unknown,,Hyundai/Kia,F2,42204,combined,full,200,0.7,False,0,hk_scope_rejected,,0,,,,0,,0,0,0,false,0,,1,This OEM format looks HK-shaped but the prefix is not in the Hyundai/Kia catalog.
96194-2E952,plausible_hk,not_hk_format,Electrical,Battery,,Hyundai/Kia,2E,96194,combined,full,200,4.15,False,1,combined,"cache,prefix_inference",0.9975,Brake Light Switch for Hyundai Tucson (2004-2010),Hyundai, / Brake Light Switch,0,,0,0,0,false,0,,0,
58220-C5042,plausible_hk,not_hk_format,Brakes,Front Brake Caliper,,Hyundai/Kia,C5,58220,combined,full,200,5.16,False,1,combined,"cache,prefix_inference",0.9975,Wheel Brake Cylinder for Hyundai Santa Fe (2018+),Hyundai, / Wheel Brake Cylinder,0,,0,0,0,false,0,,0,
61076-D9602,plausible_hk,not_hk_format,Body,Sub-Frame,,Hyundai/Kia,D9,61076,combined,full,200,4.21,False,1,combined,"cache,prefix_inference",0.9975,Conrod Bearing Set for Kia Sportage (2015-2021),Kia, / Conrod Bearing Set,0,,0,0,0,false,0,,0,
87610-H9660,real_hk_seeded,exists,Body,Exterior Mirror,"exterior,mirror",Hyundai/Kia,H9,87610,combined,full,200,3.97,False,1,combined,"cache,prefix_inference",0.9975,Outside Mirror,Hyundai / KIA, / Outside Mirror,0,,0,0,0,false,0,,0,
92102-DW000,real_hk_seeded,exists,Electrical,Headlight - Front Right,"headlight,front,right",Hyundai/Kia,DW,92102,combined,full,200,6.6,False,1,combined,"prefix_inference,cache",0.9975,Headlight,Hyundai / KIA,Electrical / Headlight Assembly,0,,0,0,0,false,0,,0,
82460-3T110,real_hk_seeded,exists,Body,Power Window Motor - Front,"power,window,motor,front",Hyundai/Kia,3T,82460,combined,full,200,13.04,False,1,combined,"prefix_inference,cache",0.9975,"Electric Motor, window regulator",Hyundai / KIA," / Electric Motor, window regulator",0,,0,0,0,false,0,,0,
97134-AT010,real_hk_seeded,exists,HVAC,Cabin Air Filter,"cabin,air,filter",Hyundai/Kia,AT,97134,combined,full,200,3.29,False,2,combined,"cache,prefix_inference",0.9975,"Filter, interior air (Front Right)",Hyundai / KIA,HVAC / Cabin Air Filter,0,,0,0,0,false,0,,0,
31038-M6500,real_hk_coarse,exists,Drivetrain,Front Differential,"front,differential",Hyundai/Kia,M6,31038,combined,full,200,3.34,False,0,combined,,0,,,,0,,0,0,0,false,0,,0,
79380-J5000,real_hk_unseeded,exists,Unknown,Unknown,,Hyundai/Kia,J5,79380,combined,full,200,0.65,False,0,hk_scope_rejected,,0,,,,0,,0,0,0,false,0,,1,This OEM format looks HK-shaped but the prefix is not in the Hyundai/Kia catalog.
37557-N9506,plausible_hk,not_hk_format,Electrical,Ignition System,,Hyundai/Kia,N9,37557,combined,full,200,4.15,False,0,combined,,0,,,,0,,0,0,0,false,0,,0,
75371-1G025,plausible_hk,not_hk_format,Body,Door Lock & Handle,,Hyundai/Kia,1G,75371,combined,full,200,4.16,False,0,combined,,0,,,,0,,0,0,0,false,0,,0,
33188-C5092,plausible_hk,not_hk_format,Drivetrain,Rear Axle & Differential,,Hyundai/Kia,C5,33188,combined,full,200,4.34,False,0,combined,,0,,,,0,,0,0,0,false,0,,0,
12561-3X442,plausible_hk,not_hk_format,Unknown,Unknown,,Hyundai/Kia,3X,12561,combined,full,200,0.47,False,0,hk_scope_rejected,,0,,,,0,,0,0,0,false,0,,1,This OEM format looks HK-shaped but the prefix is not in the Hyundai/Kia catalog.
87610-AT400,real_hk_seeded,exists,Body,Exterior Mirror,"exterior,mirror",Hyundai/Kia,AT,87610,combined,full,200,3.99,False,1,combined,"cache,prefix_inference",0.9975,Outside Mirror,Hyundai / KIA, / Outside Mirror,0,,0,0,0,false,0,,0,
39350-08200,real_hk_seeded,exists,Electrical,MAF Sensor,"maf,sensor",Hyundai/Kia,08,39350,combined,full,200,3.03,False,2,combined,"cache,prefix_inference",0.9975,"Sensor, camshaft position",Hyundai / KIA," / Sensor, camshaft position",0,,0,0,0,false,0,,0,
39210-2T060,real_hk_seeded,exists,Electrical,Oxygen Sensor,"oxygen,sensor",Kia,2T,39210,combined,full,200,11.97,False,1,combined,"prefix_inference,cache",0.9975,Lambda Sensor for Kia Optima (2010-2015),Kia,Electrical / Oxygen Sensor,0,,0,0,0,false,0,,0,
87610-F6130,real_hk_seeded,exists,Body,Exterior Mirror,"exterior,mirror",Hyundai/Kia,F6,87610,combined,full,200,4.75,False,1,combined,"prefix_inference,cache",0.9975,Outside Mirror,Hyundai / KIA, / Outside Mirror,0,,0,0,0,false,0,,0,
92401-R0010,real_hk_seeded,exists,Electrical,Tail Light - Rear Left,"tail,light,rear,left",Hyundai/Kia,R0,92401,combined,full,200,4.37,False,1,combined,"prefix_inference,cache",0.9975,Combination Rearlight (Front Right),Hyundai / KIA, / Combination Rearlight,0,,0,0,0,false,0,,0,
54630-3V01B,real_hk_coarse,exists,Suspension,Shock Absorber (Front),"shock,absorber,(front)",Hyundai/Kia,3V,54630,combined,full,200,2.34,False,2,combined,"exact_oem,legacy",0.7875,SPRING - FR,Hyundai / KIA,Suspension / Shock Absorber (Front),0,,0,0,0,false,0,,0,
09149-J5200,real_hk_unseeded,exists,Unknown,Unknown,,Hyundai/Kia,J5,09149,combined,full,200,0.58,False,0,hk_scope_rejected,,0,,,,0,,0,0,0,false,0,,1,This OEM format looks HK-shaped but the prefix is not in the Hyundai/Kia catalog.
87610-R5061,real_hk_seeded,exists,Body,Exterior Mirror,"exterior,mirror",Hyundai/Kia,R5,87610,combined,full,200,4.23,False,1,combined,"cache,prefix_inference",0.9975,Outside Mirror,Hyundai / KIA, / Outside Mirror,0,,0,0,0,false,0,,0,
28113-J5350,real_hk_seeded,exists,Engine,Air Filter,"air,filter",Hyundai/Kia,J5,28113,combined,full,200,10.77,False,10,combined,"cache,prefix_inference",0.9975,Air Filter,Hyundai / KIA,Engine / Air Filter,0,,0,0,0,false,0,,0,
58302-GIA00,real_hk_seeded,exists,Brakes,Brake Pad Set - Rear,"brake,pad,set,rear",Hyundai/Kia,GI,58302,combined,full,200,6.15,False,2,combined,"exact_oem,legacy",0.7875,PAD KIT - REAR DISC BRAKE,Hyundai / KIA,Brakes / Rear Brake / Drum,0,,0,0,0,false,0,,0,
87610-P4051,real_hk_seeded,exists,Body,Exterior Mirror,"exterior,mirror",Hyundai/Kia,P4,87610,combined,full,0,0.4,False,0,,,0,,,,0,,0,0,0,false,0,,0,
45637-4G425,real_hk_coarse,exists,Transmission,Manual Transmission,"manual,transmission",Hyundai/Kia,4G,45637,combined,full,200,3.28,False,1,combined,"cache,exact_oem,legacy",0.937125,PLATE - LOW &amp; REVERSE BRAKE,Hyundai / KIA,Transmission / Manual Transmission,0,,0,0,0,false,0,,0,
99147-K0500,real_hk_unseeded,exists,Unknown,Unknown,,Hyundai/Kia,K0,99147,combined,full,200,0.7,False,0,hk_scope_rejected,,0,,,,0,,0,0,0,false,0,,1,This OEM format looks HK-shaped but the prefix is not in the Hyundai/Kia catalog.
58101-GIA00,real_hk_seeded,exists,Brakes,Brake Pad Set - Front,"brake,pad,set,front",Hyundai/Kia,GI,58101,combined,full,200,3.17,False,2,combined,"exact_oem,legacy",0.7875,PAD KIT - FRONT DISC BRAKE,Hyundai / KIA,Brakes / Front Brake Pad / Disc,0,,0,0,0,false,0,,0,
87610-R0580,real_hk_seeded,exists,Body,Exterior Mirror,"exterior,mirror",Hyundai/Kia,R0,87610,combined,full,200,14.95,False,1,combined,"prefix_inference,cache",0.9975,Outside Mirror,Hyundai / KIA, / Outside Mirror,0,,0,0,0,false,0,,0,
92101-DW100,real_hk_seeded,exists,Electrical,Headlight - Front Left,"headlight,front,left",Hyundai/Kia,DW,92101,combined,full,200,3.97,False,1,combined,"cache,prefix_inference",0.9975,Headlight,Hyundai / KIA,Electrical / Headlight Assembly,0,,0,0,0,false,0,,0,
39350-3N900,real_hk_seeded,exists,Electrical,MAF Sensor,"maf,sensor",Hyundai/Kia,3N,39350,combined,full,0,1.35,False,0,,,0,,,,0,,0,0,0,false,0,,0,
92102-P1181,real_hk_seeded,exists,Electrical,Headlight - Front Right,"headlight,front,right",Kia,P1,92102,combined,full,200,5.42,False,1,combined,"prefix_inference,cache",0.9975,Headlight for Kia Sportage (2021+),Kia,Electrical / Headlight Assembly,0,,0,0,0,false,0,,0,
92402-H9000,real_hk_seeded,exists,Electrical,Tail Light - Rear Right,"tail,light,rear,right",Hyundai/Kia,H9,92402,combined,full,0,0.1,False,0,,,0,,,,0,,0,0,0,false,0,,0,
82655-P2000,real_hk_coarse,exists,Body,Glass / Windshield,"glass,windshield",Hyundai/Kia,P2,82655,combined,full,200,2.25,False,1,combined,"cache,exact_oem,legacy",0.937125,BASE ASSY - FR DR O/S HANDLE LH,Hyundai / KIA,Body / Glass / Windshield,0,,0,0,0,false,0,,0,
77980-P2000,real_hk_unseeded,exists,Unknown,Unknown,,Hyundai/Kia,P2,77980,combined,full,200,0.49,False,0,hk_scope_rejected,,0,,,,0,,0,0,0,false,0,,1,This OEM format looks HK-shaped but the prefix is not in the Hyundai/Kia catalog.
54650-M7730,real_hk_seeded,exists,Suspension,Shock Absorber - Front,"shock,absorber,front",Hyundai/Kia,M7,54650,combined,full,200,5.44,False,1,combined,"prefix_inference,cache",0.9975,Shock Absorber,Hyundai / KIA,Suspension / Shock Absorber / Strut,0,,0,0,0,false,0,,0,
92401-Q5510,real_hk_seeded,exists,Electrical,Tail Light - Rear Left,"tail,light,rear,left",Hyundai/Kia,Q5,92401,combined,full,0,0.1,False,0,,,0,,,,0,,0,0,0,false,0,,0,
89150-CH100,real_hk_coarse,exists,Safety,Air Bag System,"air,bag,system",Hyundai/Kia,CH,89150,combined,full,200,3.17,False,1,combined,"cache,prefix_inference",0.9975,Piston Ring Kit,Hyundai / KIA, / Piston Ring Kit,0,,0,0,0,false,0,,0,
99230-R0050,real_hk_unseeded,exists,Unknown,Unknown,,Hyundai/Kia,R0,99230,combined,full,200,0.71,False,0,hk_scope_rejected,,0,,,,0,,0,0,0,false,0,,1,This OEM format looks HK-shaped but the prefix is not in the Hyundai/Kia catalog.
51712-R5000,real_hk_seeded,exists,Brakes,Brake Disc - Front,"brake,disc,front",Hyundai/Kia,R5,51712,combined,full,200,3.39,False,2,combined,"cache,prefix_inference",0.9975,Brake Disc,Hyundai / KIA,Brakes / Brake Disc,0,,0,0,0,false,0,,0,
97133-C0000,real_hk_seeded,exists,HVAC,Cabin Air Filter,"cabin,air,filter",Hyundai/Kia,C0,97133,combined,full,0,0.06,False,0,,,0,,,,0,,0,0,0,false,0,,0,
21310-3CJA2,real_hk_coarse,exists,Engine,Crankshaft & Bearings,"crankshaft,bearings",Hyundai/Kia,3C,21310,combined,full,200,2.25,False,2,combined,"exact_oem,legacy",0.7875,PUMP ASSY - OIL,Hyundai / KIA,Engine / Crankshaft & Bearings,1,Mobis:213103CJA2,0,0,0,false,0,,0,
05203-AT300,real_hk_unseeded,exists,Unknown,Unknown,,Hyundai/Kia,AT,05203,combined,full,200,0.71,False,0,hk_scope_rejected,,0,,,,0,,0,0,0,false,0,,1,This OEM format looks HK-shaped but the prefix is not in the Hyundai/Kia catalog.
58411-J5250,real_hk_seeded,exists,Brakes,Brake Disc - Rear,"brake,disc,rear",Hyundai/Kia,J5,58411,combined,full,200,10.46,False,11,combined,"cross_brand,cross_reference,legacy,exact_oem",1,Brake Disc,BLUE PRINT,,1,BLUE PRINT:ADG043240,0,0,0,false,1,:,0,
25310-P2100,real_hk_seeded,exists,Cooling,Radiator,radiator,Hyundai/Kia,P2,25310,combined,full,0,0.07,False,0,,,0,,,,0,,0,0,0,false,0,,0,
45230-4G102,real_hk_coarse,exists,Transmission,Manual Transmission,"manual,transmission",Hyundai/Kia,4G,45230,combined,full,200,3.15,False,2,combined,"cache,prefix_inference",0.9975,"Brake Pad Set, disc brake",Hyundai / KIA,Brakes / Brake Pad Set,0,,0,0,0,false,0,,0,
07100-J2B20,real_hk_unseeded,exists,Unknown,Unknown,,Hyundai/Kia,J2,07100,combined,full,200,0.85,False,0,hk_scope_rejected,,0,,,,0,,0,0,0,false,0,,1,This OEM format looks HK-shaped but the prefix is not in the Hyundai/Kia catalog.
92401-P1020,real_hk_seeded,exists,Electrical,Tail Light - Rear Left,"tail,light,rear,left",Kia,P1,92401,combined,full,200,8.66,False,1,combined,"cache,prefix_inference",0.9975,Combination Rearlight (Front Left) for Kia Sportage (2021+),Kia, / Combination Rearlight,0,,0,0,0,false,0,,0,
92101-R0520,real_hk_seeded,exists,Electrical,Headlight - Front Left,"headlight,front,left",Hyundai/Kia,R0,92101,combined,full,200,14.12,False,1,combined,"cache,prefix_inference",0.9975,Headlight,Hyundai / KIA,Electrical / Headlight Assembly,0,,0,0,0,false,0,,0,
25620-2GGB0,real_hk_seeded,exists,Cooling,Thermostat,thermostat,Kia,2G,25620,combined,full,0,0.1,False,0,,,0,,,,0,,0,0,0,false,0,,0,
21020-3N521,real_hk_coarse,exists,Engine,Engine Block & Internals,"engine,block,internals",Hyundai/Kia,3N,21020,combined,full,200,2.21,False,2,combined,"cache,prefix_inference",0.9975,Crankshaft Bearing Set,Hyundai / KIA, / Crankshaft Bearing Set,0,,0,0,0,false,0,,0,
77990-AT000,real_hk_unseeded,exists,Unknown,Unknown,,Hyundai/Kia,AT,77990,combined,full,200,0.56,False,0,hk_scope_rejected,,0,,,,0,,0,0,0,false,0,,1,This OEM format looks HK-shaped but the prefix is not in the Hyundai/Kia catalog.
54650-P1830,real_hk_seeded,exists,Suspension,Shock Absorber - Front,"shock,absorber,front",Kia,P1,54650,combined,full,200,10.27,False,1,combined,"cache,prefix_inference",0.9975,Shock Absorber for Kia Sportage (2021+),Kia,Suspension / Shock Absorber / Strut,0,,0,0,0,false,0,,0,
87610-R5111,real_hk_seeded,exists,Body,Exterior Mirror,"exterior,mirror",Hyundai/Kia,R5,87610,combined,full,0,0.07,False,0,,,0,,,,0,,0,0,0,false,0,,0,
28710-P1340,real_hk_coarse,exists,Exhaust,Exhaust Manifold,"exhaust,manifold",Kia,P1,28710,combined,full,200,4.11,False,1,combined,"cache,prefix_inference",0.9975,End Silencer for Kia Sportage (2021+),Kia, / End Silencer,0,,0,0,0,false,0,,0,
80410-R5000,real_hk_unseeded,exists,Unknown,Unknown,,Hyundai/Kia,R5,80410,combined,full,200,0.75,False,0,hk_scope_rejected,,0,,,,0,,0,0,0,false,0,,1,This OEM format looks HK-shaped but the prefix is not in the Hyundai/Kia catalog.
58101-H9A60,real_hk_seeded,exists,Brakes,Brake Pad Set - Front,"brake,pad,set,front",Hyundai/Kia,H9,58101,combined,full,200,10.56,False,20,combined,"cache,prefix_inference",0.9975,"Brake Pad Set, disc brake",Hyundai / KIA,Brakes / Brake Pad Set,3,JAPANPARTS:PA-K24AF;NK:223469;ROADHOUSE:21488.02,9,0,0,false,3,:;:;:,0,
97134-R5000,real_hk_seeded,exists,HVAC,Cabin Air Filter,"cabin,air,filter",Hyundai/Kia,R5,97134,combined,full,0,0.08,False,0,,,0,,,,0,,0,0,0,false,0,,0,
97113-L1100,real_hk_coarse,exists,HVAC,Compressor A/C,compressor,Hyundai,L1,97113,combined,full,200,2.24,False,2,combined,"exact_oem,legacy",0.7875,MOTOR &amp; FAN ASSY - A/C BLOWER,Hyundai / KIA,HVAC / Compressor A/C,0,,0,0,0,false,0,,0,
99155-L3000,real_hk_unseeded,exists,Unknown,Unknown,,Hyundai/Kia,L3,99155,combined,full,200,0.54,False,0,hk_scope_rejected,,0,,,,0,,0,0,0,false,0,,1,This OEM format looks HK-shaped but the prefix is not in the Hyundai/Kia catalog.
92101-M7500,real_hk_seeded,exists,Electrical,Headlight - Front Left,"headlight,front,left",Hyundai/Kia,M7,92101,combined,full,200,5.02,False,1,combined,"cache,prefix_inference",0.9975,Headlight (Rear),Hyundai / KIA,Electrical / Headlight Assembly,0,,0,0,0,false,0,,0,
39210-3L000,real_hk_seeded,exists,Electrical,Oxygen Sensor,"oxygen,sensor",Hyundai/Kia,3L,39210,combined,full,0,0.19,False,0,,,0,,,,0,,0,0,0,false,0,,0,
93581-F6060,real_hk_coarse,exists,Electrical,Lighting - Interior,"lighting,interior",Hyundai/Kia,F6,93581,combined,full,200,2.24,False,1,combined,"cache,exact_oem,legacy",0.937125,UNIT ASSY - POWER WINDOW SUB,Hyundai / KIA,Electrical / Lighting - Interior,0,,0,0,0,false,0,,0,
09430-C1170,real_hk_unseeded,exists,Unknown,Unknown,,Hyundai/Kia,C1,09430,combined,full,200,0.51,False,0,hk_scope_rejected,,0,,,,0,,0,0,0,false,0,,1,This OEM format looks HK-shaped but the prefix is not in the Hyundai/Kia catalog.
54660-D4580,real_hk_seeded,exists,Suspension,Shock Absorber - Front,"shock,absorber,front",Hyundai/Kia,D4,54660,combined,full,200,12.21,False,2,combined,"cache,prefix_inference",0.9975,Shock Absorber,Hyundai / KIA,Suspension / Shock Absorber / Strut,0,,0,0,0,false,0,,0,
25100-2MHA0,real_hk_seeded,exists,Cooling,Water Pump,"water,pump",Hyundai/Kia,2M,25100,combined,full,0,0.15,False,0,,,0,,,,0,,0,0,0,false,0,,0,
64575-H8000,real_hk_coarse,exists,Body,Front Body / Hood,"front,body,hood",Kia,H8,64575,combined,full,200,2.21,False,1,combined,"cache,exact_oem,legacy",0.937125,BRACKET ASSY - FENDER,Hyundai / KIA,Body / Front Body / Hood,0,,0,0,0,false,0,,0,
99240-S9600,real_hk_unseeded,exists,Unknown,Unknown,,Hyundai/Kia,S9,99240,combined,full,200,0.52,False,0,hk_scope_rejected,,0,,,,0,,0,0,0,false,0,,1,This OEM format looks HK-shaped but the prefix is not in the Hyundai/Kia catalog.
92102-P1191,real_hk_seeded,exists,Electrical,Headlight - Front Right,"headlight,front,right",Kia,P1,92102,combined,full,200,4.78,False,1,combined,"cache,prefix_inference",0.9975,Headlight for Kia Sportage (2021+),Kia,Electrical / Headlight Assembly,0,,0,0,0,false,0,,0,
92101-P4000,real_hk_seeded,exists,Electrical,Headlight - Front Left,"headlight,front,left",Hyundai/Kia,P4,92101,combined,full,200,4.37,False,1,combined,"cache,prefix_inference",0.9975,Headlight,Hyundai / KIA,Electrical / Headlight Assembly,0,,0,0,0,false,0,,0,
58101-P2A01,real_hk_seeded,exists,Brakes,Brake Pad Set - Front,"brake,pad,set,front",Hyundai/Kia,P2,58101,combined,full,200,3.22,False,2,combined,"cache,prefix_inference",0.9975,"Brake Pad Set, disc brake",Hyundai / KIA,Brakes / Brake Pad Set,0,,0,0,0,false,0,,0,
83550-R0000,real_hk_coarse,exists,Body,Sunroof,sunroof,Hyundai/Kia,R0,83550,combined,full,200,2.25,False,1,combined,"cache,exact_oem,legacy",0.937125,"CHANNEL ASSY - REAR DOOR REAR,LH",Hyundai / KIA,Body / Sunroof,0,,0,0,0,false,0,,0,
09533-C1120,real_hk_unseeded,exists,Unknown,Unknown,,Hyundai/Kia,C1,09533,combined,full,200,0.84,False,0,hk_scope_rejected,,0,,,,0,,0,0,0,false,0,,1,This OEM format looks HK-shaped but the prefix is not in the Hyundai/Kia catalog.
92102-P1080,real_hk_seeded,exists,Electrical,Headlight - Front Right,"headlight,front,right",Kia,P1,92102,combined,full,200,4.86,False,1,combined,"cache,prefix_inference",0.9975,Headlight for Kia Sportage (2021+),Kia,Electrical / Headlight Assembly,0,,0,0,0,false,0,,0,
28113-J5100,real_hk_seeded,exists,Engine,Air Filter,"air,filter",Hyundai/Kia,J5,28113,combined,full,200,11.04,False,7,combined,"cache,prefix_inference",0.9975,Air Filter,Hyundai / KIA,Engine / Air Filter,0,,0,0,0,false,0,,0,
26300-2M805,real_hk_seeded,exists,Engine,Oil Filter,"oil,filter",Hyundai/Kia,2M,26300,combined,full,200,3.26,False,2,combined,"cache,prefix_inference",0.9975,Oil Filter,Hyundai / KIA,Engine / Oil Filter,0,,0,0,0,false,0,,0,
32450-08050,real_hk_coarse,exists,Drivetrain,Front Drive Shaft,"front,drive,shaft",Hyundai/Kia,08,32450,combined,full,200,3.27,False,1,combined,"prefix_inference,cache",0.8925,Ignition Switch Key,Hyundai / KIA,Engine / Ignition Switch,0,,0,0,0,false,0,,0,
14160-05273,real_hk_unseeded,exists,Unknown,Unknown,,Hyundai/Kia,05,14160,combined,full,200,0.83,False,0,hk_scope_rejected,,0,,,,0,,0,0,0,false,0,,1,This OEM format looks HK-shaped but the prefix is not in the Hyundai/Kia catalog.
92102-G5220,real_hk_seeded,exists,Electrical,Headlight - Front Right,"headlight,front,right",Hyundai/Kia,G5,92102,combined,full,200,4.81,False,1,combined,"prefix_inference,cache",0.9975,Headlight,Hyundai / KIA,Electrical / Headlight Assembly,0,,0,0,0,false,0,,0,
87610-R5081,real_hk_seeded,exists,Body,Exterior Mirror,"exterior,mirror",Hyundai/Kia,R5,87610,combined,full,200,4.31,False,1,combined,"cache,prefix_inference",0.9975,Outside Mirror,Hyundai / KIA, / Outside Mirror,0,,0,0,0,false,0,,0,
26300-2M000,real_hk_seeded,exists,Engine,Oil Filter,"oil,filter",Hyundai/Kia,2M,26300,combined,full,200,3.21,False,2,combined,"cache,prefix_inference",0.9975,Oil Filter,Hyundai / KIA,Engine / Oil Filter,0,,0,0,0,false,0,,0,
86696-Q5700,real_hk_coarse,exists,Body,Mirrors,mirrors,Hyundai/Kia,Q5,86696,combined,full,200,4.18,False,0,combined,,0,,,,0,,0,0,0,false,0,,0,
09430-G2300,real_hk_unseeded,exists,Unknown,Unknown,,Hyundai/Kia,G2,09430,combined,full,200,0.58,False,0,hk_scope_rejected,,0,,,,0,,0,0,0,false,0,,1,This OEM format looks HK-shaped but the prefix is not in the Hyundai/Kia catalog.
92101-2T500,real_hk_seeded,exists,Electrical,Headlight - Front Left,"headlight,front,left",Kia,2T,92101,combined,full,200,3.15,False,2,combined,"cache,prefix_inference",0.9975,Headlight (Rear) for Kia Optima (2010-2015),Kia,Electrical / Headlight Assembly,0,,0,0,0,false,0,,0,
54650-Q5UC0,real_hk_seeded,exists,Suspension,Shock Absorber - Front,"shock,absorber,front",Hyundai/Kia,Q5,54650,combined,full,200,3.57,False,1,combined,"cache,prefix_inference",0.9975,Shock Absorber,Hyundai / KIA,Suspension / Shock Absorber / Strut,0,,0,0,0,false,0,,0,
92101-DW110,real_hk_seeded,exists,Electrical,Headlight - Front Left,"headlight,front,left",Hyundai/Kia,DW,92101,combined,full,200,5.39,False,1,combined,"prefix_inference,cache",0.9975,Headlight,Hyundai / KIA,Electrical / Headlight Assembly,0,,0,0,0,false,0,,0,
92101-R0620,real_hk_seeded,exists,Electrical,Headlight - Front Left,"headlight,front,left",Hyundai/Kia,R0,92101,combined,full,200,3.18,False,1,combined,"cache,prefix_inference",0.9975,Headlight,Hyundai / KIA,Electrical / Headlight Assembly,0,,0,0,0,false,0,,0,
26350-2T000,real_hk_seeded,exists,Engine,Oil Filter,"oil,filter",Kia,2T,26350,combined,full,200,2.57,False,2,combined,"cache,prefix_inference",0.9975,Engine Oil Filter (V6) for Kia Optima (2010-2015),Kia,Engine / Oil Filter,0,,0,0,0,false,0,,0,
92402-F6520,real_hk_seeded,exists,Electrical,Tail Light - Rear Right,"tail,light,rear,right",Hyundai/Kia,F6,92402,combined,full,200,4.67,False,1,combined,"prefix_inference,cache",0.9975,Combination Rearlight,Hyundai / KIA, / Combination Rearlight,0,,0,0,0,false,0,,0,
85433-R0000,real_hk_coarse,exists,Interior,Seats,seats,Hyundai/Kia,R0,85433,combined,full,200,2.23,False,1,combined,"cache,exact_oem,legacy",0.937125,BRACKET ASSY - ASSIST HANDLE RR,Hyundai / KIA,Interior / Seats,0,,0,0,0,false,0,,0,
99910-F6000,real_hk_unseeded,exists,Unknown,Unknown,,Hyundai/Kia,F6,99910,combined,full,200,0.49,False,0,hk_scope_rejected,,0,,,,0,,0,0,0,false,0,,1,This OEM format looks HK-shaped but the prefix is not in the Hyundai/Kia catalog.
46700-H9110,real_hk_coarse,exists,Transmission,Auto Transmission Control,"auto,transmission,control",Hyundai/Kia,H9,46700,combined,full,200,3.29,False,1,combined,"cache,exact_oem,legacy",0.937125,LEVER ASSY - ATM,Hyundai / KIA,Transmission / Auto Transmission Control,0,,0,0,0,false,0,,0,
14331-08160,real_hk_unseeded,exists,Unknown,Unknown,,Hyundai/Kia,08,14331,combined,full,200,0.54,False,0,hk_scope_rejected,,0,,,,0,,0,0,0,false,0,,1,This OEM format looks HK-shaped but the prefix is not in the Hyundai/Kia catalog.
39210-08HB0,real_hk_seeded,exists,Electrical,Oxygen Sensor,"oxygen,sensor",Hyundai/Kia,08,39210,combined,full,200,3.44,False,2,combined,"cache,prefix_inference",0.9975,Lambda Sensor,Hyundai / KIA,Electrical / Oxygen Sensor,0,,0,0,0,false,0,,0,
87610-H9790,real_hk_seeded,exists,Body,Exterior Mirror,"exterior,mirror",Hyundai/Kia,H9,87610,combined,full,200,4.2,False,1,combined,"cache,prefix_inference",0.9975,Outside Mirror,Hyundai / KIA, / Outside Mirror,0,,0,0,0,false,0,,0,
87610-Q5840,real_hk_seeded,exists,Body,Exterior Mirror,"exterior,mirror",Hyundai/Kia,Q5,87610,combined,full,200,4.21,False,1,combined,"prefix_inference,cache",0.9975,Outside Mirror,Hyundai / KIA, / Outside Mirror,0,,0,0,0,false,0,,0,
81676-P1000,real_hk_coarse,exists,Body,Weatherstrip & Seal,"weatherstrip,seal",Kia,P1,81676,combined,full,200,5.1,False,0,combined,,0,,,,0,,0,0,0,false,0,,0,
99216-CG000,real_hk_unseeded,exists,Unknown,Unknown,,Hyundai/Kia,CG,99216,combined,full,200,0.79,False,0,hk_scope_rejected,,0,,,,0,,0,0,0,false,0,,1,This OEM format looks HK-shaped but the prefix is not in the Hyundai/Kia catalog.
58101-P0A10,real_hk_seeded,exists,Brakes,Brake Pad Set - Front,"brake,pad,set,front",Hyundai/Kia,P0,58101,combined,full,200,3.37,False,1,combined,"cache,prefix_inference",0.9975,"Brake Pad Set, disc brake",Hyundai / KIA,Brakes / Brake Pad Set,0,,0,0,0,false,0,,0,
87610-AT360,real_hk_seeded,exists,Body,Exterior Mirror,"exterior,mirror",Hyundai/Kia,AT,87610,combined,full,200,5.25,False,1,combined,"prefix_inference,cache",0.9975,Outside Mirror,Hyundai / KIA, / Outside Mirror,0,,0,0,0,false,0,,0,
92101-Q5220,real_hk_seeded,exists,Electrical,Headlight - Front Left,"headlight,front,left",Hyundai/Kia,Q5,92101,combined,full,200,3.2,False,1,combined,"cache,prefix_inference",0.9975,Headlight,Hyundai / KIA,Electrical / Headlight Assembly,0,,0,0,0,false,0,,0,
91610-F6021,real_hk_coarse,exists,Electrical,Wiring Harness,"wiring,harness",Hyundai/Kia,F6,91610,combined,full,200,4.1,False,1,combined,"cache,prefix_inference",0.8925,Wire Harness (engine bay),Hyundai / KIA,Electrical / Wiring Harness,0,,0,0,0,false,0,,0,
09501-C9120,real_hk_unseeded,exists,Unknown,Unknown,,Hyundai/Kia,C9,09501,combined,full,200,0.72,False,0,hk_scope_rejected,,0,,,,0,,0,0,0,false,0,,1,This OEM format looks HK-shaped but the prefix is not in the Hyundai/Kia catalog.
92402-S9600,real_hk_seeded,exists,Electrical,Tail Light - Rear Right,"tail,light,rear,right",Hyundai/Kia,S9,92402,combined,full,200,4.61,False,1,combined,"prefix_inference,cache",0.9975,Combination Rearlight (Passenger),Hyundai / KIA, / Combination Rearlight,0,,0,0,0,false,0,,0,
97134-Q4000,real_hk_seeded,exists,HVAC,Cabin Air Filter,"cabin,air,filter",Hyundai/Kia,Q4,97134,combined,full,200,3.46,False,2,combined,"exact_oem,legacy",0.7875,"CASE - HEATER,LH",Hyundai / KIA,HVAC / Compressor A/C,0,,0,0,0,false,0,,0,
86391-AO000,real_hk_coarse,exists,Body,Mirrors,mirrors,Hyundai/Kia,AO,86391,combined,full,200,2.16,False,2,combined,"cache,prefix_inference",0.9975,"Trim/Protective Strip, door",Hyundai / KIA," / Trim/Protective Strip, door",0,,0,0,0,false,0,,0,
77111-P1000,real_hk_unseeded,exists,Unknown,Unknown,,Kia,P1,77111,combined,full,200,0.59,False,0,hk_scope_rejected,,0,,,,0,,0,0,0,false,0,,1,This OEM format looks HK-shaped but the prefix is not in the Hyundai/Kia catalog.
92402-H9200,real_hk_seeded,exists,Electrical,Tail Light - Rear Right,"tail,light,rear,right",Hyundai/Kia,H9,92402,combined,full,200,3.58,False,1,combined,"prefix_inference,cache",0.9975,Combination Rearlight,Hyundai / KIA, / Combination Rearlight,0,,0,0,0,false,0,,0,
92102-S9030,real_hk_seeded,exists,Electrical,Headlight - Front Right,"headlight,front,right",Hyundai/Kia,S9,92102,combined,full,200,3.14,False,1,combined,"prefix_inference,cache",0.9975,Headlight (Rear Right),Hyundai / KIA,Electrical / Headlight Assembly,0,,0,0,0,false,0,,0,
97134-N9000,real_hk_seeded,exists,HVAC,Cabin Air Filter,"cabin,air,filter",Hyundai,N9,97134,combined,full,200,2.17,False,2,combined,"exact_oem,legacy",0.7875,"CASE - HEATER,LH",Hyundai / KIA,HVAC / Compressor A/C,0,,0,0,0,false,0,,0,
62405-C5CB0,real_hk_coarse,exists,Body,Front Structure,"front,structure",Hyundai,C5,62405,combined,full,200,3.1,False,1,combined,"prefix_inference,cache",0.9975,Support Frame/Engine Carrier for Hyundai Santa Fe (2018+),Hyundai, / Support Frame/Engine Carrier,0,,0,0,0,false,0,,0,
12900-06180,real_hk_unseeded,exists,Unknown,Unknown,,Hyundai/Kia,06,12900,combined,full,200,0.73,False,0,hk_scope_rejected,,0,,,,0,,0,0,0,false,0,,1,This OEM format looks HK-shaped but the prefix is not in the Hyundai/Kia catalog.
58101-N9A10,real_hk_seeded,exists,Brakes,Brake Pad Set - Front,"brake,pad,set,front",Hyundai,N9,58101,combined,full,200,2.27,False,2,combined,"cache,prefix_inference",0.9975,"Brake Pad Set, disc brake for Hyundai Tucson (2020+)",Hyundai,Brakes / Brake Pad Set,0,,0,0,0,false,0,,0,
92102-R0620,real_hk_seeded,exists,Electrical,Headlight - Front Right,"headlight,front,right",Hyundai/Kia,R0,92102,combined,full,200,4.43,False,1,combined,"prefix_inference,cache",0.9975,Headlight,Hyundai / KIA,Electrical / Headlight Assembly,0,,0,0,0,false,0,,0,
18980-09920,real_hk_coarse,exists,Engine,Ignition System,"ignition,system",Hyundai/Kia,09,18980,combined,full,200,3.19,False,2,combined,"cache,prefix_inference",0.9975,Fuse,Hyundai / KIA, / Fuse,0,,0,0,0,false,0,,0,
77990-K0000,real_hk_unseeded,exists,Unknown,Unknown,,Hyundai/Kia,K0,77990,combined,full,200,0.49,False,0,hk_scope_rejected,,0,,,,0,,0,0,0,false,0,,1,This OEM format looks HK-shaped but the prefix is not in the Hyundai/Kia catalog.
97134-P4200,real_hk_seeded,exists,HVAC,Cabin Air Filter,"cabin,air,filter",Hyundai/Kia,P4,97134,combined,full,200,2.22,False,2,combined,"exact_oem,legacy",0.7875,"CASE - HEATER,LH",Hyundai / KIA,HVAC / Compressor A/C,0,,0,0,0,false,0,,0,
92101-S9130,real_hk_seeded,exists,Electrical,Headlight - Front Left,"headlight,front,left",Hyundai/Kia,S9,92101,combined,full,200,2.55,False,2,combined,"cache,prefix_inference",0.9975,Headlight,Hyundai / KIA,Electrical / Headlight Assembly,0,,0,0,0,false,0,,0,
97761-P2030,real_hk_coarse,exists,HVAC,A/C Hose & Pipe,"hose,pipe",Hyundai/Kia,P2,97761,combined,full,200,3.18,False,1,combined,"cache,exact_oem,legacy",0.937125,PIPE &amp; TUBE ASSY,Hyundai / KIA,HVAC / A/C Hose & Pipe,0,,0,0,0,false,0,,0,
79220-H9000,real_hk_unseeded,exists,Unknown,Unknown,,Hyundai/Kia,H9,79220,combined,full,200,0.76,False,0,hk_scope_rejected,,0,,,,0,,0,0,0,false,0,,1,This OEM format looks HK-shaped but the prefix is not in the Hyundai/Kia catalog.
97134-AT310,real_hk_seeded,exists,HVAC,Cabin Air Filter,"cabin,air,filter",Hyundai/Kia,AT,97134,combined,full,200,3.18,False,2,combined,"cache,prefix_inference",0.9975,"Filter, interior air",Hyundai / KIA,HVAC / Cabin Air Filter,0,,0,0,0,false,0,,0,
26310-2S000,real_hk_seeded,exists,Engine,Oil Pan,"oil,pan",Hyundai,2S,26310,combined,full,200,2.21,False,2,combined,"cache,prefix_inference",0.9975,Brake Disc for Hyundai Tucson (2010-2015),Hyundai,Brakes / Brake Disc,0,,0,0,0,false,0,,0,
84744-CV000,real_hk_coarse,exists,Interior,Interior Trim,"interior,trim",Hyundai,CV,84744,combined,full,200,3.09,False,1,combined,"cache,exact_oem,legacy",0.937125,COVER - CTR FACIA BLANKING,Hyundai / KIA,Interior / Interior Trim,0,,0,0,0,false,0,,0,
80310-R0000,real_hk_unseeded,exists,Unknown,Unknown,,Hyundai/Kia,R0,80310,combined,full,200,0.78,False,0,hk_scope_rejected,,0,,,,0,,0,0,0,false,0,,1,This OEM format looks HK-shaped but the prefix is not in the Hyundai/Kia catalog.
82460-P1010,real_hk_seeded,exists,Body,Power Window Motor - Front,"power,window,motor,front",Kia,P1,82460,combined,full,200,3.31,False,2,combined,"exact_oem,legacy",0.7875,"MOTOR ASSY - FRONT POWER WDW,RH",Hyundai / KIA,Body / Glass / Windshield,0,,0,0,0,false,0,,0,
54650-S9AA0,real_hk_seeded,exists,Suspension,Shock Absorber - Front,"shock,absorber,front",Hyundai/Kia,S9,54650,combined,full,200,4.22,False,1,combined,"prefix_inference,cache",0.9975,Shock Absorber,Hyundai / KIA,Suspension / Shock Absorber / Strut,0,,0,0,0,false,0,,0,
92401-Q5610,real_hk_seeded,exists,Electrical,Tail Light - Rear Left,"tail,light,rear,left",Hyundai/Kia,Q5,92401,combined,full,200,4.19,False,1,combined,"prefix_inference,cache",0.9975,Combination Rearlight,Hyundai / KIA, / Combination Rearlight,0,,0,0,0,false,0,,0,
58302-K0A10,real_hk_seeded,exists,Brakes,Brake Pad Set - Rear,"brake,pad,set,rear",Hyundai/Kia,K0,58302,combined,full,200,10.55,False,7,combined,"cross_reference,cross_brand,legacy,exact_oem",1,"Brake Pad Set, disc brake",MEYLE,,2,ICER:182036-203;MEYLE:025 253 3715/W,9,0,0,true,1,:,0,
97133-N9000,real_hk_seeded,exists,HVAC,Cabin Air Filter,"cabin,air,filter",Hyundai,N9,97133,combined,full,200,2.24,False,2,combined,"cache,prefix_inference",0.9975,"Filter, interior air for Hyundai Tucson (2020+)",Hyundai,HVAC / Cabin Air Filter,0,,0,0,0,false,0,,0,
91101-R5120,real_hk_coarse,exists,Electrical,Wiring Harness,"wiring,harness",Hyundai/Kia,R5,91101,combined,full,200,3.2,False,0,combined,,0,,,,0,,0,0,0,false,0,,0,
99910-P4100,real_hk_unseeded,exists,Unknown,Unknown,,Hyundai/Kia,P4,99910,combined,full,200,0.85,False,0,hk_scope_rejected,,0,,,,0,,0,0,0,false,0,,1,This OEM format looks HK-shaped but the prefix is not in the Hyundai/Kia catalog.
87610-AT390,real_hk_seeded,exists,Body,Exterior Mirror,"exterior,mirror",Hyundai/Kia,AT,87610,combined,full,200,4.27,False,1,combined,"prefix_inference,cache",0.9975,Outside Mirror,Hyundai / KIA, / Outside Mirror,0,,0,0,0,false,0,,0,
92401-AT010,real_hk_seeded,exists,Electrical,Tail Light - Rear Left,"tail,light,rear,left",Hyundai/Kia,AT,92401,combined,full,200,3.18,False,1,combined,"prefix_inference,cache",0.9975,Combination Rearlight (Front Right),Hyundai / KIA, / Combination Rearlight,0,,0,0,0,false,0,,0,
25310-L3300,real_hk_seeded,exists,Cooling,Radiator,radiator,Hyundai/Kia,L3,25310,combined,full,200,4.42,False,1,combined,"cache,prefix_inference",0.9975,"Radiator, engine cooling",Hyundai / KIA,Cooling / Radiator,0,,0,0,0,false,0,,0,
25310-1R160,real_hk_seeded,exists,Cooling,Radiator,radiator,Hyundai,1R,25310,combined,full,200,8.89,False,3,combined,"cache,prefix_inference",0.9975,"Radiator, engine cooling for Hyundai Accent (2005-2011)",Hyundai,Cooling / Radiator,1,NISSENS:66757,7,0,0,true,2,:;:,0,
54650-R5000,real_hk_seeded,exists,Suspension,Shock Absorber - Front,"shock,absorber,front",Hyundai/Kia,R5,54650,combined,full,200,3.14,False,1,combined,"cache,prefix_inference",0.9975,Shock Absorber,Hyundai / KIA,Suspension / Shock Absorber / Strut,0,,0,0,0,false,0,,0,
58101-P2A05,real_hk_seeded,exists,Brakes,Brake Pad Set - Front,"brake,pad,set,front",Hyundai/Kia,P2,58101,combined,full,200,8.96,False,2,combined,"cache,prefix_inference",0.9975,"Brake Pad Set, disc brake",Hyundai / KIA,Brakes / Brake Pad Set,0,,0,0,0,false,0,,0,
87610-AO000,real_hk_seeded,exists,Body,Exterior Mirror,"exterior,mirror",Hyundai/Kia,AO,87610,combined,full,200,4.17,False,1,combined,"prefix_inference,cache",0.9975,Outside Mirror,Hyundai / KIA, / Outside Mirror,0,,0,0,0,false,0,,0,
58411-J5000,real_hk_seeded,exists,Brakes,Brake Disc - Rear,"brake,disc,rear",Hyundai/Kia,J5,58411,combined,full,200,10.55,False,10,combined,"cache,prefix_inference",0.9975,Brake Disc,Hyundai / KIA,Brakes / Brake Disc,0,,0,0,0,false,0,,0,
82241-H8000,real_hk_coarse,exists,Body,Glass / Windshield,"glass,windshield",Kia,H8,82241,combined,full,200,2.24,False,1,combined,"cache,exact_oem,legacy",0.937125,W/STRIP - FRDRBELTI,Hyundai / KIA,Body / Glass / Windshield,0,,0,0,0,false,0,,0,
09501-C9140,real_hk_unseeded,exists,Unknown,Unknown,,Hyundai/Kia,C9,09501,combined,full,200,0.85,False,0,hk_scope_rejected,,0,,,,0,,0,0,0,false,0,,1,This OEM format looks HK-shaped but the prefix is not in the Hyundai/Kia catalog.
26300-2MHA5,real_hk_seeded,exists,Engine,Oil Filter,"oil,filter",Hyundai/Kia,2M,26300,combined,full,200,3.15,False,2,combined,"cache,prefix_inference",0.9975,Oil Filter,Hyundai / KIA,Engine / Oil Filter,0,,0,0,0,false,0,,0,
58101-J9A15,real_hk_seeded,exists,Brakes,Brake Pad Set - Front,"brake,pad,set,front",Hyundai/Kia,J9,58101,combined,full,200,2.61,False,2,combined,"cache,prefix_inference",0.9975,"Brake Pad Set, disc brake",Hyundai / KIA,Brakes / Brake Pad Set,0,,0,0,0,false,0,,0,
92101-AT150,real_hk_seeded,exists,Electrical,Headlight - Front Left,"headlight,front,left",Hyundai/Kia,AT,92101,combined,full,200,4.15,False,1,combined,"cache,prefix_inference",0.9975,Headlight,Hyundai / KIA,Electrical / Headlight Assembly,0,,0,0,0,false,0,,0,
87610-R0570,real_hk_seeded,exists,Body,Exterior Mirror,"exterior,mirror",Hyundai/Kia,R0,87610,combined,full,200,3.48,False,1,combined,"cache,prefix_inference",0.9975,Outside Mirror,Hyundai / KIA, / Outside Mirror,0,,0,0,0,false,0,,0,
92101-S9550,real_hk_seeded,exists,Electrical,Headlight - Front Left,"headlight,front,left",Hyundai/Kia,S9,92101,combined,full,200,3.49,False,1,combined,"cache,prefix_inference",0.9975,Headlight,Hyundai / KIA,Electrical / Headlight Assembly,0,,0,0,0,false,0,,0,
87610-1F101,real_hk_seeded,exists,Body,Exterior Mirror,"exterior,mirror",Hyundai/Kia,1F,87610,combined,full,200,2.22,False,2,combined,"cache,prefix_inference",0.9975,Outside Mirror,Hyundai / KIA, / Outside Mirror,0,,0,0,0,false,0,,0,
92102-G5540,real_hk_seeded,exists,Electrical,Headlight - Front Right,"headlight,front,right",Hyundai/Kia,G5,92102,combined,full,200,3.41,False,2,combined,"exact_oem,legacy",0.7875,"LAMP ASSY - HEAD,RH",Hyundai / KIA,Electrical / Headlight Assembly,0,,0,0,0,false,0,,0,
39210-2M330,real_hk_seeded,exists,Electrical,Oxygen Sensor,"oxygen,sensor",Hyundai/Kia,2M,39210,combined,full,200,10.87,False,2,combined,"cache,prefix_inference",0.9975,Lambda Sensor,Hyundai / KIA,Electrical / Oxygen Sensor,0,,0,0,0,false,0,,0,
87610-M7071,real_hk_seeded,exists,Body,Exterior Mirror,"exterior,mirror",Hyundai/Kia,M7,87610,combined,full,200,5.01,False,1,combined,"cache,prefix_inference",0.9975,Outside Mirror,Hyundai / KIA, / Outside Mirror,0,,0,0,0,false,0,,0,
64736-GI000,real_hk_coarse,exists,Body,Front Body / Hood,"front,body,hood",Hyundai/Kia,GI,64736,combined,full,200,2.21,False,1,combined,"cache,exact_oem,legacy",0.937125,"REINF ASSY - FR S/MBR INR FR,LH",Hyundai / KIA,Body / Front Body / Hood,0,,0,0,0,false,0,,0,
99316-CV200,real_hk_unseeded,exists,Unknown,Unknown,,Hyundai,CV,99316,combined,full,200,0.55,False,0,hk_scope_rejected,,0,,,,0,,0,0,0,false,0,,1,This OEM format looks HK-shaped but the prefix is not in the Hyundai/Kia catalog.
54650-CH200,real_hk_seeded,exists,Suspension,Shock Absorber - Front,"shock,absorber,front",Hyundai/Kia,CH,54650,combined,full,200,4.18,False,1,combined,"cache,prefix_inference",0.9975,Shock Absorber,Hyundai / KIA,Suspension / Shock Absorber / Strut,0,,0,0,0,false,0,,0,
80610-R5500,real_hk_unseeded,exists,Unknown,Unknown,,Hyundai/Kia,R5,80610,combined,full,200,0.51,False,0,hk_scope_rejected,,0,,,,0,,0,0,0,false,0,,1,This OEM format looks HK-shaped but the prefix is not in the Hyundai/Kia catalog.
92101-CV020,real_hk_seeded,exists,Electrical,Headlight - Front Left,"headlight,front,left",Hyundai,CV,92101,combined,full,200,4.27,False,1,combined,"prefix_inference,cache",0.9975,Headlight (Front Left) for Hyundai Staria (2021+),Hyundai,Electrical / Headlight Assembly,0,,0,0,0,false,0,,0,
25100-3L100,real_hk_seeded,exists,Cooling,Water Pump,"water,pump",Hyundai/Kia,3L,25100,combined,full,200,3.19,False,2,combined,"exact_oem,legacy",0.7875,PUMP ASSY - COOLANT,Hyundai / KIA,Engine / Fuel Pump,0,,0,0,0,false,0,,0,
92102-G5600,real_hk_seeded,exists,Electrical,Headlight - Front Right,"headlight,front,right",Hyundai/Kia,G5,92102,combined,full,200,5.13,False,1,combined,"cache,prefix_inference",0.9975,Headlight (Passenger),Hyundai / KIA,Electrical / Headlight Assembly,0,,0,0,0,false,0,,0,
64587-P1000,real_hk_coarse,exists,Body,Front Body / Hood,"front,body,hood",Kia,P1,64587,combined,full,200,2.33,False,1,combined,"cache,exact_oem,legacy",0.937125,BRACKET ASSY - FENDER &amp; BPR MTG,Hyundai / KIA,Body / Front Body / Hood,0,,0,0,0,false,0,,0,
11251-06206,real_hk_unseeded,exists,Unknown,Unknown,,Hyundai/Kia,06,11251,combined,full,200,0.52,False,0,hk_scope_rejected,,0,,,,0,,0,0,0,false,0,,1,This OEM format looks HK-shaped but the prefix is not in the Hyundai/Kia catalog.
82460-S9510,real_hk_seeded,exists,Body,Power Window Motor - Front,"power,window,motor,front",Hyundai/Kia,S9,82460,combined,full,200,3.28,False,2,combined,"cache,prefix_inference",0.9975,"Electric Motor, window regulator",Hyundai / KIA," / Electric Motor, window regulator",0,,0,0,0,false,0,,0,
92101-P1080,real_hk_seeded,exists,Electrical,Headlight - Front Left,"headlight,front,left",Kia,P1,92101,combined,full,200,5.17,False,1,combined,"cache,prefix_inference",0.9975,Headlight for Kia Sportage (2021+),Kia,Electrical / Headlight Assembly,0,,0,0,0,false,0,,0,
92102-K0520,real_hk_seeded,exists,Electrical,Headlight - Front Right,"headlight,front,right",Hyundai/Kia,K0,92102,combined,full,200,4.22,False,1,combined,"prefix_inference,cache",0.9975,Headlight,Hyundai / KIA,Electrical / Headlight Assembly,0,,0,0,0,false,0,,0,
22416-2S000,real_hk_coarse,exists,Engine,Engine Mounting,"engine,mounting",Hyundai,2S,22416,combined,full,200,3.15,False,2,combined,"cache,prefix_inference",0.9975,Alternator for Hyundai Tucson (2010-2015),Hyundai, / Alternator,0,,0,0,0,false,0,,0,
99150-Q5500,real_hk_unseeded,exists,Unknown,Unknown,,Hyundai/Kia,Q5,99150,combined,full,200,0.84,False,0,hk_scope_rejected,,0,,,,0,,0,0,0,false,0,,1,This OEM format looks HK-shaped but the prefix is not in the Hyundai/Kia catalog.
87610-F6163,real_hk_seeded,exists,Body,Exterior Mirror,"exterior,mirror",Hyundai/Kia,F6,87610,combined,full,200,4.21,False,1,combined,"cache,prefix_inference",0.9975,Outside Mirror,Hyundai / KIA, / Outside Mirror,0,,0,0,0,false,0,,0,
92402-K0610,real_hk_seeded,exists,Electrical,Tail Light - Rear Right,"tail,light,rear,right",Hyundai/Kia,K0,92402,combined,full,200,4.22,False,1,combined,"cache,prefix_inference",0.9975,Combination Rearlight,Hyundai / KIA, / Combination Rearlight,0,,0,0,0,false,0,,0,
82460-L3010,real_hk_seeded,exists,Body,Power Window Motor - Front,"power,window,motor,front",Hyundai/Kia,L3,82460,combined,full,200,4.43,False,1,combined,"prefix_inference,cache",0.9975,"Electric Motor, window regulator (Front Right)",Hyundai / KIA," / Electric Motor, window regulator",0,,0,0,0,false,0,,0,
25100-2T010,real_hk_seeded,exists,Cooling,Water Pump,"water,pump",Kia,2T,25100,combined,full,200,2.14,False,2,combined,"cache,prefix_inference",0.9975,Water Pump (Front Right) for Kia Optima (2010-2015),Kia,Cooling / Water Pump,0,,0,0,0,false,0,,0,
87610-J5AT0,real_hk_seeded,exists,Body,Exterior Mirror,"exterior,mirror",Hyundai/Kia,J5,87610,combined,full,200,5.8,False,1,combined,"cache,prefix_inference",0.9975,Outside Mirror,Hyundai / KIA, / Outside Mirror,0,,0,0,0,false,0,,0,
58302-AOA00,real_hk_seeded,exists,Brakes,Brake Pad Set - Rear,"brake,pad,set,rear",Hyundai/Kia,AO,58302,combined,full,200,4.34,False,1,combined,"cache,prefix_inference",0.9975,"Brake Pad Set, disc brake",Hyundai / KIA,Brakes / Brake Pad Set,0,,0,0,0,false,0,,0,
92102-2T500,real_hk_seeded,exists,Electrical,Headlight - Front Right,"headlight,front,right",Kia,2T,92102,combined,full,200,4.37,False,2,combined,"cache,prefix_inference",0.9975,Headlight (Rear) for Kia Optima (2010-2015),Kia,Electrical / Headlight Assembly,0,,0,0,0,false,0,,0,
25442-K4500,real_hk_coarse,exists,Engine,Fuel System,"fuel,system",Hyundai/Kia,K4,25442,combined,full,200,2.14,False,1,combined,"cache,exact_oem,legacy",0.937125,PIPE,Hyundai / KIA,Engine / Fuel System,0,,0,0,0,false,0,,0,
17925-04040,real_hk_unseeded,exists,Unknown,Unknown,,Hyundai/Kia,04,17925,combined,full,200,0.52,False,0,hk_scope_rejected,,0,,,,0,,0,0,0,false,0,,1,This OEM format looks HK-shaped but the prefix is not in the Hyundai/Kia catalog.
92101-R5220,real_hk_seeded,exists,Electrical,Headlight - Front Left,"headlight,front,left",Hyundai/Kia,R5,92101,combined,full,200,4.19,False,1,combined,"cache,prefix_inference",0.9975,Headlight,Hyundai / KIA,Electrical / Headlight Assembly,0,,0,0,0,false,0,,0,
39210-3L010,real_hk_seeded,exists,Electrical,Oxygen Sensor,"oxygen,sensor",Hyundai/Kia,3L,39210,combined,full,200,3.05,False,2,combined,"cache,prefix_inference",0.9975,Lambda Sensor (Front Right),Hyundai / KIA,Electrical / Oxygen Sensor,0,,0,0,0,false,0,,0,
58302-M6A60,real_hk_seeded,exists,Brakes,Brake Pad Set - Rear,"brake,pad,set,rear",Hyundai/Kia,M6,58302,combined,full,200,2.4,False,2,combined,"cache,prefix_inference",0.9975,"Brake Pad Set, disc brake",Hyundai / KIA,Brakes / Brake Pad Set,0,,0,0,0,false,0,,0,
92401-H9000,real_hk_seeded,exists,Electrical,Tail Light - Rear Left,"tail,light,rear,left",Hyundai/Kia,H9,92401,combined,full,200,3.14,False,1,combined,"cache,prefix_inference",0.9975,Combination Rearlight,Hyundai / KIA, / Combination Rearlight,0,,0,0,0,false,0,,0,
87610-P1180,real_hk_seeded,exists,Body,Exterior Mirror,"exterior,mirror",Kia,P1,87610,combined,full,200,5.13,False,1,combined,"cache,prefix_inference",0.9975,Outside Mirror for Kia Sportage (2021+),Kia, / Outside Mirror,0,,0,0,0,false,0,,0,
54650-L0800,real_hk_seeded,exists,Suspension,Shock Absorber - Front,"shock,absorber,front",Hyundai/Kia,L0,54650,combined,full,200,5.39,False,1,combined,"cache,prefix_inference",0.9975,Shock Absorber,Hyundai / KIA,Suspension / Shock Absorber / Strut,0,,0,0,0,false,0,,0,
66321-DW000,real_hk_coarse,exists,Body,Rear Body / Trunk,"rear,body,trunk",Hyundai/Kia,DW,66321,combined,full,200,3.29,False,1,combined,"cache,prefix_inference",0.9975,Wing,Hyundai / KIA, / Wing,0,,0,0,0,false,0,,0,
77003-L3000,real_hk_unseeded,exists,Unknown,Unknown,,Hyundai/Kia,L3,77003,combined,full,200,0.53,False,0,hk_scope_rejected,,0,,,,0,,0,0,0,false,0,,1,This OEM format looks HK-shaped but the prefix is not in the Hyundai/Kia catalog.
25100-3N400,real_hk_seeded,exists,Cooling,Water Pump,"water,pump",Hyundai/Kia,3N,25100,combined,full,200,3.21,False,2,combined,"cache,prefix_inference",0.9975,Water Pump,Hyundai / KIA,Cooling / Water Pump,0,,0,0,0,false,0,,0,
54650-DW300,real_hk_seeded,exists,Suspension,Shock Absorber - Front,"shock,absorber,front",Hyundai/Kia,DW,54650,combined,full,200,4.23,False,1,combined,"cache,prefix_inference",0.9975,Shock Absorber,Hyundai / KIA,Suspension / Shock Absorber / Strut,0,,0,0,0,false,0,,0,
26350-2S000,real_hk_seeded,exists,Engine,Oil Filter,"oil,filter",Hyundai,2S,26350,combined,full,200,3.25,False,2,combined,"cache,prefix_inference",0.9975,Engine Oil Filter (V6) for Hyundai Tucson (2010-2015),Hyundai,Engine / Oil Filter,0,,0,0,0,false,0,,0,
92101-P1191,real_hk_seeded,exists,Electrical,Headlight - Front Left,"headlight,front,left",Kia,P1,92101,combined,full,200,4.2,False,1,combined,"prefix_inference,cache",0.9975,Headlight for Kia Sportage (2021+),Kia,Electrical / Headlight Assembly,0,,0,0,0,false,0,,0,
93360-P1300,real_hk_coarse,exists,Electrical,Lighting - Interior,"lighting,interior",Kia,P1,93360,combined,full,200,4.2,False,0,combined,,0,,,,0,,0,0,0,false,0,,0,
09375-GI800,real_hk_unseeded,exists,Unknown,Unknown,,Hyundai/Kia,GI,09375,combined,full,200,0.9,False,0,hk_scope_rejected,,0,,,,0,,0,0,0,false,0,,1,This OEM format looks HK-shaped but the prefix is not in the Hyundai/Kia catalog.
54650-J5010,real_hk_seeded,exists,Suspension,Shock Absorber - Front,"shock,absorber,front",Hyundai/Kia,J5,54650,combined,full,200,3.16,False,2,combined,"cache,prefix_inference",0.9975,Shock Absorber (Front Right),Hyundai / KIA,Suspension / Shock Absorber / Strut,0,,0,0,0,false,0,,0,
58411-L0000,real_hk_seeded,exists,Brakes,Brake Disc - Rear,"brake,disc,rear",Hyundai/Kia,L0,58411,combined,full,200,2.25,False,2,combined,"legacy,exact_oem",0.7875,REAR DISC BRAKE ROTOR HYUNDAI,,Brakes / Rear Brake Caliper,0,,0,0,0,false,0,,0,
92402-S9500,real_hk_seeded,exists,Electrical,Tail Light - Rear Right,"tail,light,rear,right",Hyundai/Kia,S9,92402,combined,full,200,3.51,False,1,combined,"cache,prefix_inference",0.9975,Combination Rearlight (Rear),Hyundai / KIA, / Combination Rearlight,0,,0,0,0,false,0,,0,
58101-1UA20,real_hk_seeded,exists,Brakes,Brake Pad Set - Front,"brake,pad,set,front",Hyundai/Kia,1U,58101,combined,full,200,4.19,False,1,combined,"cache,prefix_inference",0.9975,"Brake Pad Set, disc brake",Hyundai / KIA,Brakes / Brake Pad Set,0,,0,0,0,false,0,,0,
58302-J5A00,real_hk_seeded,exists,Brakes,Brake Pad Set - Rear,"brake,pad,set,rear",Hyundai/Kia,J5,58302,combined,full,200,10.94,False,15,combined,"cache,prefix_inference",0.9975,"Brake Pad Set, disc brake",Hyundai / KIA,Brakes / Brake Pad Set,0,,0,0,0,false,0,,0,
87610-R5050,real_hk_seeded,exists,Body,Exterior Mirror,"exterior,mirror",Hyundai/Kia,R5,87610,combined,full,200,3.33,False,1,combined,"prefix_inference,cache",0.9975,Outside Mirror,Hyundai / KIA, / Outside Mirror,0,,0,0,0,false,0,,0,
82460-P2000,real_hk_seeded,exists,Body,Power Window Motor - Front,"power,window,motor,front",Hyundai/Kia,P2,82460,combined,full,200,3.27,False,2,combined,"cache,prefix_inference",0.9975,"Electric Motor, window regulator",Hyundai / KIA," / Electric Motor, window regulator",0,,0,0,0,false,0,,0,
86585-CV000,real_hk_coarse,exists,Body,Mirrors,mirrors,Hyundai,CV,86585,combined,full,200,2.21,False,2,combined,"exact_oem,legacy",0.7875,"HOLDER - FR ULTRASONIC SIDE,LH",Hyundai / KIA,Body / Mirrors,0,,0,0,0,false,0,,0,
99960-F6200,real_hk_unseeded,exists,Unknown,Unknown,,Hyundai/Kia,F6,99960,combined,full,200,0.47,False,0,hk_scope_rejected,,0,,,,0,,0,0,0,false,0,,1,This OEM format looks HK-shaped but the prefix is not in the Hyundai/Kia catalog.
87610-H9780,real_hk_seeded,exists,Body,Exterior Mirror,"exterior,mirror",Hyundai/Kia,H9,87610,combined,full,200,4.45,False,1,combined,"cache,prefix_inference",0.9975,Outside Mirror,Hyundai / KIA, / Outside Mirror,0,,0,0,0,false,0,,0,
92101-B2650,real_hk_seeded,exists,Electrical,Headlight - Front Left,"headlight,front,left",Kia,B2,92101,combined,full,200,3.18,False,2,combined,"exact_oem,legacy",0.7875,"LAMP ASSY - HEAD,LH",Hyundai / KIA,Electrical / Headlight Assembly,0,,0,0,0,false,0,,0,
28795-K0100,real_hk_coarse,exists,Exhaust,Exhaust Manifold,"exhaust,manifold",Hyundai/Kia,K0,28795,combined,full,200,2.22,False,2,combined,"cache,prefix_inference",0.9975,Wiper Blade,Hyundai / KIA, / Wiper Blade,0,,0,0,0,false,0,,0,
79210-D6000,real_hk_unseeded,exists,Unknown,Unknown,,Hyundai/Kia,D6,79210,combined,full,200,0.91,False,0,hk_scope_rejected,,0,,,,0,,0,0,0,false,0,,1,This OEM format looks HK-shaped but the prefix is not in the Hyundai/Kia catalog.
87610-H9210,real_hk_seeded,exists,Body,Exterior Mirror,"exterior,mirror",Hyundai/Kia,H9,87610,combined,full,200,4.33,False,1,combined,"prefix_inference,cache",0.9975,Outside Mirror,Hyundai / KIA, / Outside Mirror,0,,0,0,0,false,0,,0,
87610-S9520,real_hk_seeded,exists,Body,Exterior Mirror,"exterior,mirror",Hyundai/Kia,S9,87610,combined,full,200,3.24,False,1,combined,"cache,prefix_inference",0.9975,Outside Mirror,Hyundai / KIA, / Outside Mirror,0,,0,0,0,false,0,,0,
56522-R0000,real_hk_coarse,exists,Suspension,Steering Column & Gear,"steering,column,gear",Hyundai/Kia,R0,56522,combined,full,200,2.21,False,1,combined,"cache,exact_oem,legacy",0.937125,STOPPER - RACK,Hyundai / KIA,Suspension / Steering Column & Gear,0,,0,0,0,false,0,,0,
79273-H9010,real_hk_unseeded,exists,Unknown,Unknown,,Hyundai/Kia,H9,79273,combined,full,200,0.96,False,0,hk_scope_rejected,,0,,,,0,,0,0,0,false,0,,1,This OEM format looks HK-shaped but the prefix is not in the Hyundai/Kia catalog.
54650-S9KA0,real_hk_seeded,exists,Suspension,Shock Absorber - Front,"shock,absorber,front",Hyundai/Kia,S9,54650,combined,full,200,3.35,False,1,combined,"cache,prefix_inference",0.9975,Shock Absorber,Hyundai / KIA,Suspension / Shock Absorber / Strut,0,,0,0,0,false,0,,0,
92101-AT050,real_hk_seeded,exists,Electrical,Headlight - Front Left,"headlight,front,left",Hyundai/Kia,AT,92101,combined,full,200,4.47,False,1,combined,"prefix_inference,cache",0.9975,Headlight,Hyundai / KIA,Electrical / Headlight Assembly,0,,0,0,0,false,0,,0,
97133-R0000,real_hk_seeded,exists,HVAC,Cabin Air Filter,"cabin,air,filter",Hyundai/Kia,R0,97133,combined,full,200,2.21,False,2,combined,"cache,prefix_inference",0.9975,"Filter, interior air",Hyundai / KIA,HVAC / Cabin Air Filter,0,,0,0,0,false,0,,0,
97134-L5100,real_hk_seeded,exists,HVAC,Cabin Air Filter,"cabin,air,filter",Hyundai/Kia,L5,97134,combined,full,200,3.29,False,1,combined,"cache,prefix_inference",0.9975,"Filter, interior air",Hyundai / KIA,HVAC / Cabin Air Filter,0,,0,0,0,false,0,,0,
58411-R0000,real_hk_seeded,exists,Brakes,Brake Disc - Rear,"brake,disc,rear",Hyundai/Kia,R0,58411,combined,full,200,3.26,False,2,combined,"cache,prefix_inference",0.9975,Brake Disc,Hyundai / KIA,Brakes / Brake Disc,0,,0,0,0,false,0,,0,
92102-R5200,real_hk_seeded,exists,Electrical,Headlight - Front Right,"headlight,front,right",Hyundai/Kia,R5,92102,combined,full,200,3.94,False,1,combined,"cache,prefix_inference",0.9975,Headlight,Hyundai / KIA,Electrical / Headlight Assembly,0,,0,0,0,false,0,,0,
92900-CH000,real_hk_coarse,exists,Electrical,Lighting - Headlights,"lighting,headlights",Hyundai/Kia,CH,92900,combined,full,200,3.17,False,1,combined,"cache,exact_oem,legacy",0.937125,UNIT ASSY - MOOD LAMP,Hyundai / KIA,Electrical / Lighting - Headlights,0,,0,0,0,false,0,,0,
99150-J5020,real_hk_unseeded,exists,Unknown,Unknown,,Hyundai/Kia,J5,99150,combined,full,200,0.54,False,0,hk_scope_rejected,,0,,,,0,,0,0,0,false,0,,1,This OEM format looks HK-shaped but the prefix is not in the Hyundai/Kia catalog.
39210-2S000,real_hk_seeded,exists,Electrical,Oxygen Sensor,"oxygen,sensor",Hyundai,2S,39210,combined,full,200,3.26,False,2,combined,"cache,prefix_inference",0.9975,Lambda Sensor for Hyundai Tucson (2010-2015),Hyundai,Electrical / Oxygen Sensor,0,,0,0,0,false,0,,0,
96554-J5714,real_hk_coarse,exists,Electrical,Battery & Charging,"battery,charging",Hyundai/Kia,J5,96554,combined,full,200,3.23,False,0,combined,,0,,,,0,,0,0,0,false,0,,0,
99910-R0610,real_hk_unseeded,exists,Unknown,Unknown,,Hyundai/Kia,R0,99910,combined,full,200,0.51,False,0,hk_scope_rejected,,0,,,,0,,0,0,0,false,0,,1,This OEM format looks HK-shaped but the prefix is not in the Hyundai/Kia catalog.
92101-M7600,real_hk_seeded,exists,Electrical,Headlight - Front Left,"headlight,front,left",Hyundai/Kia,M7,92101,combined,full,200,4.2,False,1,combined,"cache,prefix_inference",0.9975,Headlight (Passenger),Hyundai / KIA,Electrical / Headlight Assembly,0,,0,0,0,false,0,,0,
58101-N9A11,real_hk_seeded,exists,Brakes,Brake Pad Set - Front,"brake,pad,set,front",Hyundai,N9,58101,combined,full,200,3.25,False,2,combined,"cache,prefix_inference",0.9975,"Brake Pad Set, disc brake for Hyundai Tucson (2020+)",Hyundai,Brakes / Brake Pad Set,0,,0,0,0,false,0,,0,
56390-K0300,real_hk_coarse,exists,Suspension,Tie Rod,"tie,rod",Hyundai/Kia,K0,56390,combined,full,200,4.18,False,1,combined,"prefix_inference,cache",0.8925,Steering Column Assembly,Hyundai / KIA,Steering / Steering Column,0,,0,0,0,false,0,,0,
99150-P1000,real_hk_unseeded,exists,Unknown,Unknown,,Kia,P1,99150,combined,full,200,0.87,False,0,hk_scope_rejected,,0,,,,0,,0,0,0,false,0,,1,This OEM format looks HK-shaped but the prefix is not in the Hyundai/Kia catalog.
97134-AT510,real_hk_seeded,exists,HVAC,Cabin Air Filter,"cabin,air,filter",Hyundai/Kia,AT,97134,combined,full,200,4.2,False,1,combined,"cache,prefix_inference",0.9975,"Filter, interior air",Hyundai / KIA,HVAC / Cabin Air Filter,0,,0,0,0,false,0,,0,
87610-M7021,real_hk_seeded,exists,Body,Exterior Mirror,"exterior,mirror",Hyundai/Kia,M7,87610,combined,full,200,4.33,False,1,combined,"cache,prefix_inference",0.9975,Outside Mirror,Hyundai / KIA, / Outside Mirror,0,,0,0,0,false,0,,0,
36143-2M300,real_hk_coarse,exists,Electrical,Starter Motor,"starter,motor",Hyundai/Kia,2M,36143,combined,full,200,2.22,False,1,combined,"cache,exact_oem,legacy",0.937125,SHAFT ASSY - GEAR,Hyundai / KIA,Electrical / Starter Motor,0,,0,0,0,false,0,,0,
58101-J5A52,real_hk_seeded,exists,Brakes,Brake Pad Set - Front,"brake,pad,set,front",Hyundai/Kia,J5,58101,combined,full,200,3.47,False,2,combined,"exact_oem,legacy",0.7875,PAD KIT - FRONT DISC BRAKE,Hyundai / KIA,Brakes / Front Brake Pad / Disc,0,,0,0,0,false,0,,0,
26300-3N300,real_hk_seeded,exists,Engine,Oil Filter,"oil,filter",Hyundai/Kia,3N,26300,combined,full,200,2.13,False,2,combined,"cache,prefix_inference",0.9975,Oil Filter,Hyundai / KIA,Engine / Oil Filter,0,,0,0,0,false,0,,0,
58411-P2700,real_hk_seeded,exists,Brakes,Brake Disc - Rear,"brake,disc,rear",Hyundai/Kia,P2,58411,combined,full,200,4.23,False,2,combined,"cache,prefix_inference",0.9975,Brake Disc (Driver),Hyundai / KIA,Brakes / Brake Disc,0,,0,0,0,false,0,,0,
58101-G9A20,real_hk_seeded,exists,Brakes,Brake Pad Set - Front,"brake,pad,set,front",Genesis,G9,58101,combined,full,200,9.18,False,2,combined,"cache,prefix_inference",0.9975,"Brake Pad Set, disc brake for Genesis G80 (2020+)",Genesis,Brakes / Brake Pad Set,1,Hi-Q:SP1876,4,0,0,true,1,:,0,
54650-J5KX0,real_hk_seeded,exists,Suspension,Shock Absorber - Front,"shock,absorber,front",Hyundai/Kia,J5,54650,combined,full,200,3.38,False,1,combined,"cache,prefix_inference",0.9975,Shock Absorber,Hyundai / KIA,Suspension / Shock Absorber / Strut,0,,0,0,0,false,0,,0,
87310-R0200,real_hk_coarse,exists,Body,Mouldings & Trim,"mouldings,trim",Hyundai/Kia,R0,87310,combined,full,200,2.15,False,1,combined,"cache,exact_oem,legacy",0.937125,GARNISH ASSY - TAIL GATE,Hyundai / KIA,Body / Mouldings & Trim,0,,0,0,0,false,0,,0,
99250-P1100,real_hk_unseeded,exists,Unknown,Unknown,,Kia,P1,99250,combined,full,200,1.08,False,0,hk_scope_rejected,,0,,,,0,,0,0,0,false,0,,1,This OEM format looks HK-shaped but the prefix is not in the Hyundai/Kia catalog.
94750-2M315,real_hk_seeded,exists,Electrical,Oil Pressure Sensor,"oil,pressure,sensor",Hyundai/Kia,2M,94750,combined,full,200,3.2,False,2,combined,"exact_oem,legacy",0.7875,SWITCH ASSY - OIL PRESSURE,Hyundai / KIA,Electrical / Audio & Display,0,,0,0,0,false,0,,0,
92102-Q5720,real_hk_seeded,exists,Electrical,Headlight - Front Right,"headlight,front,right",Hyundai/Kia,Q5,92102,combined,full,200,3.86,False,1,combined,"cache,prefix_inference",0.9975,Headlight,Hyundai / KIA,Electrical / Headlight Assembly,0,,0,0,0,false,0,,0,
91890-F6372,real_hk_coarse,exists,Electrical,Wiring Harness,"wiring,harness",Hyundai/Kia,F6,91890,combined,full,200,4.19,False,1,combined,"cache,prefix_inference",0.8925,Wire Harness (rear),Hyundai / KIA,Electrical / Wiring Harness,0,,0,0,0,false,0,,0,
99110-AT000,real_hk_unseeded,exists,Unknown,Unknown,,Hyundai/Kia,AT,99110,combined,full,200,1.07,False,0,hk_scope_rejected,,0,,,,0,,0,0,0,false,0,,1,This OEM format looks HK-shaped but the prefix is not in the Hyundai/Kia catalog.
26300-2M800,real_hk_seeded,exists,Engine,Oil Filter,"oil,filter",Hyundai/Kia,2M,26300,combined,full,200,2.94,False,2,combined,"exact_oem,legacy",0.7875,COMPLETE ASSY - OIL FILTER,Hyundai / KIA,Engine / Oil Filter,0,,0,0,0,false,0,,0,
58411-L1100,real_hk_seeded,exists,Brakes,Brake Disc - Rear,"brake,disc,rear",Hyundai,L1,58411,combined,full,200,2.92,False,2,combined,"cache,prefix_inference",0.9975,Brake Disc for Hyundai Sonata (2020+),Hyundai,Brakes / Brake Disc,0,,0,0,0,false,0,,0,
97626-AO100,real_hk_coarse,exists,HVAC,Heater Core,"heater,core",Hyundai/Kia,AO,97626,combined,full,200,2.22,False,2,combined,"cache,prefix_inference",0.9975,"Expansion Valve, air conditioning",Hyundai / KIA," / Expansion Valve, air conditioning",0,,0,0,0,false,0,,0,
79154-J5000,real_hk_unseeded,exists,Unknown,Unknown,,Hyundai/Kia,J5,79154,combined,full,200,0.46,False,0,hk_scope_rejected,,0,,,,0,,0,0,0,false,0,,1,This OEM format looks HK-shaped but the prefix is not in the Hyundai/Kia catalog.
92402-Q5110,real_hk_seeded,exists,Electrical,Tail Light - Rear Right,"tail,light,rear,right",Hyundai/Kia,Q5,92402,combined,full,200,4.22,False,1,combined,"prefix_inference,cache",0.9975,Combination Rearlight,Hyundai / KIA, / Combination Rearlight,0,,0,0,0,false,0,,0,
25620-47200,real_hk_seeded,exists,Cooling,Thermostat,thermostat,Hyundai/Kia,47,25620,combined,full,200,5,False,1,combined,"cache,prefix_inference",0.9975,EGR Valve,Hyundai / KIA, / EGR Valve,0,,0,0,0,false,0,,0,
58930-P4100,real_hk_coarse,exists,Brakes,Brake Fluid Reservoir,"brake,fluid,reservoir",Hyundai/Kia,P4,58930,combined,full,200,2.19,False,2,combined,"cache,prefix_inference",0.9975,"Sensor, wheel speed",Hyundai / KIA," / Sensor, wheel speed",0,,0,0,0,false,0,,0,
11643-08161,real_hk_unseeded,exists,Unknown,Unknown,,Hyundai/Kia,08,11643,combined,full,200,0.54,False,0,hk_scope_rejected,,0,,,,0,,0,0,0,false,0,,1,This OEM format looks HK-shaped but the prefix is not in the Hyundai/Kia catalog.
28113-P0400,real_hk_seeded,exists,Engine,Air Filter,"air,filter",Hyundai/Kia,P0,28113,combined,full,200,2.22,False,2,combined,"exact_oem,legacy",0.7875,FILTER - AIR CLEANER,Hyundai / KIA,Cooling / Radiator,0,,0,0,0,false,0,,0,
58101-J9A05,real_hk_seeded,exists,Brakes,Brake Pad Set - Front,"brake,pad,set,front",Hyundai/Kia,J9,58101,combined,full,200,4.44,False,2,combined,"cache,prefix_inference",0.9975,"Brake Pad Set, disc brake",Hyundai / KIA,Brakes / Brake Pad Set,0,,0,0,0,false,0,,0,
92402-R0110,real_hk_seeded,exists,Electrical,Tail Light - Rear Right,"tail,light,rear,right",Hyundai/Kia,R0,92402,combined,full,200,4.2,False,1,combined,"cache,prefix_inference",0.9975,Combination Rearlight,Hyundai / KIA, / Combination Rearlight,0,,0,0,0,false,0,,0,
54650-CH210,real_hk_seeded,exists,Suspension,Shock Absorber - Front,"shock,absorber,front",Hyundai/Kia,CH,54650,combined,full,200,3.98,False,1,combined,"cache,prefix_inference",0.9975,Shock Absorber,Hyundai / KIA,Suspension / Shock Absorber / Strut,0,,0,0,0,false,0,,0,
97205-Q5220,real_hk_coarse,exists,HVAC,Condenser,condenser,Hyundai/Kia,Q5,97205,combined,full,200,4.19,False,1,combined,"cache,prefix_inference",0.8925,A/C Compressor Assembly,Hyundai / KIA,HVAC / A/C Compressor,0,,0,0,0,false,0,,0,
05203-P4210,real_hk_unseeded,exists,Unknown,Unknown,,Hyundai/Kia,P4,05203,combined,full,200,0.51,False,0,hk_scope_rejected,,0,,,,0,,0,0,0,false,0,,1,This OEM format looks HK-shaped but the prefix is not in the Hyundai/Kia catalog.
92102-B2650,real_hk_seeded,exists,Electrical,Headlight - Front Right,"headlight,front,right",Kia,B2,92102,combined,full,200,2.21,False,2,combined,"cache,prefix_inference",0.9975,Headlight for Kia Soul (2008-2013),Kia,Electrical / Headlight Assembly,0,,0,0,0,false,0,,0,
58302-GIA05,real_hk_seeded,exists,Brakes,Brake Pad Set - Rear,"brake,pad,set,rear",Hyundai/Kia,GI,58302,combined,full,200,3.15,False,2,combined,"cache,prefix_inference",0.9975,"Brake Pad Set, disc brake",Hyundai / KIA,Brakes / Brake Pad Set,0,,0,0,0,false,0,,0,
82240-CV000,real_hk_coarse,exists,Body,Glass / Windshield,"glass,windshield",Hyundai,CV,82240,combined,full,200,3.24,False,1,combined,"cache,exact_oem,legacy",0.937125,W/STRIP - FR DR BELT I/S RH,Hyundai / KIA,Body / Glass / Windshield,0,,0,0,0,false,0,,0,
09430-B8100,real_hk_unseeded,exists,Unknown,Unknown,,Hyundai/Kia,B8,09430,combined,full,200,0.9,False,0,hk_scope_rejected,,0,,,,0,,0,0,0,false,0,,1,This OEM format looks HK-shaped but the prefix is not in the Hyundai/Kia catalog.
87610-S9720,real_hk_seeded,exists,Body,Exterior Mirror,"exterior,mirror",Hyundai/Kia,S9,87610,combined,full,200,4.2,False,1,combined,"cache,prefix_inference",0.9975,Outside Mirror,Hyundai / KIA, / Outside Mirror,0,,0,0,0,false,0,,0,
39210-3NFA0,real_hk_seeded,exists,Electrical,Oxygen Sensor,"oxygen,sensor",Hyundai/Kia,3N,39210,combined,full,200,4.4,False,2,combined,"exact_oem,legacy",0.7875,SENSOR ASSY - OXYGEN,Hyundai / KIA,Electrical / Oxygen Sensor,0,,0,0,0,false,0,,0,
88500-CV740,real_hk_coarse,exists,Interior,Instrument Panel / Dashboard,"instrument,panel,dashboard",Hyundai,CV,88500,combined,full,200,4.16,False,1,combined,"cache,prefix_inference",0.8925,Front Seat Belt Assembly for Hyundai Staria (2021+),Hyundai,Interior / Seat Belt - Front,0,,0,0,0,false,0,,0,
77003-H9400,real_hk_unseeded,exists,Unknown,Unknown,,Hyundai/Kia,H9,77003,combined,full,200,0.9,False,0,hk_scope_rejected,,0,,,,0,,0,0,0,false,0,,1,This OEM format looks HK-shaped but the prefix is not in the Hyundai/Kia catalog.
28113-L5100,real_hk_seeded,exists,Engine,Air Filter,"air,filter",Hyundai/Kia,L5,28113,combined,full,200,10.93,False,2,combined,"cross_brand,cross_reference,legacy,exact_oem",1,Air Filter,HERTH+BUSS JAKOPARTS,,1,HERTH+BUSS JAKOPARTS:J1320346,0,0,0,false,1,:,0,
92402-H9100,real_hk_seeded,exists,Electrical,Tail Light - Rear Right,"tail,light,rear,right",Hyundai/Kia,H9,92402,combined,full,200,5.02,False,1,combined,"cache,prefix_inference",0.9975,Combination Rearlight,Hyundai / KIA, / Combination Rearlight,0,,0,0,0,false,0,,0,
52710-CU000,real_hk_coarse,exists,Suspension,Rear Axle,"rear,axle",Hyundai/Kia,CU,52710,combined,full,200,3.28,False,2,combined,"cache,prefix_inference",0.9975,Wheel Bearing Kit,Hyundai / KIA, / Wheel Bearing Kit,0,,0,0,0,false,0,,0,
77004-DW000,real_hk_unseeded,exists,Unknown,Unknown,,Hyundai/Kia,DW,77004,combined,full,200,0.8,False,0,hk_scope_rejected,,0,,,,0,,0,0,0,false,0,,1,This OEM format looks HK-shaped but the prefix is not in the Hyundai/Kia catalog.
97133-2H001,real_hk_seeded,exists,HVAC,Cabin Air Filter,"cabin,air,filter",Hyundai,2H,97133,combined,full,200,11.16,False,20,combined,"cache,prefix_inference",0.9975,"Filter, interior air for Hyundai Elantra (2006-2011)",Hyundai,HVAC / Cabin Air Filter,0,,0,0,0,false,0,,0,
97134-S9100,real_hk_seeded,exists,HVAC,Cabin Air Filter,"cabin,air,filter",Hyundai/Kia,S9,97134,combined,full,200,11.32,False,1,combined,"cache,prefix_inference,legacy",1,HEATER CASE LEFT HAND,Hyundai / KIA,HVAC / Compressor A/C,0,,0,0,0,false,0,,0,
97134-P0000,real_hk_seeded,exists,HVAC,Cabin Air Filter,"cabin,air,filter",Hyundai/Kia,P0,97134,combined,full,200,3.13,False,1,combined,"cache,prefix_inference,legacy,exact_oem",1,CASE-HEATER &AMP; EVAPORATOR LEFT HAND,Hyundai / KIA,HVAC / Compressor A/C,0,,0,0,0,false,0,,0,
39210-2S200,real_hk_seeded,exists,Electrical,Oxygen Sensor,"oxygen,sensor",Hyundai,2S,39210,combined,full,200,2.73,False,2,combined,"cache,prefix_inference",0.9975,Lambda Sensor for Hyundai Tucson (2010-2015),Hyundai,Electrical / Oxygen Sensor,0,,0,0,0,false,0,,0,
25620-L0030,real_hk_seeded,exists,Cooling,Thermostat,thermostat,Hyundai/Kia,L0,25620,combined,full,200,3.52,False,2,combined,"cache,prefix_inference",0.9975,EGR Valve (Rear Right),Hyundai / KIA, / EGR Valve,0,,0,0,0,false,0,,0,
48819-2H000,real_hk_coarse,exists,Drivetrain,Transaxle,transaxle,Hyundai,2H,48819,combined,full,200,2.19,False,2,combined,"cache,prefix_inference",0.9975,"Rod/Strut, stabiliser for Hyundai Elantra (2006-2011)",Hyundai,Suspension / Shock Absorber / Strut,0,,0,0,0,false,0,,0,
99130-CV100,real_hk_unseeded,exists,Unknown,Unknown,,Hyundai,CV,99130,combined,full,200,0.99,False,0,hk_scope_rejected,,0,,,,0,,0,0,0,false,0,,1,This OEM format looks HK-shaped but the prefix is not in the Hyundai/Kia catalog.
87610-J5531,real_hk_seeded,exists,Body,Exterior Mirror,"exterior,mirror",Hyundai/Kia,J5,87610,combined,full,200,4.13,False,1,combined,"cache,prefix_inference",0.9975,Outside Mirror,Hyundai / KIA, / Outside Mirror,0,,0,0,0,false,0,,0,
87610-P1060,real_hk_seeded,exists,Body,Exterior Mirror,"exterior,mirror",Kia,P1,87610,combined,full,200,3.94,False,1,combined,"cache,prefix_inference",0.9975,Outside Mirror for Kia Sportage (2021+),Kia, / Outside Mirror,0,,0,0,0,false,0,,0,
86650-M7FA0,real_hk_coarse,exists,Body,Mirrors,mirrors,Hyundai/Kia,M7,86650,combined,full,200,3.21,False,1,combined,"prefix_inference,cache",0.9975,Bumper,Hyundai / KIA, / Bumper,0,,0,0,0,false,0,,0,
99140-K0600,real_hk_unseeded,exists,Unknown,Unknown,,Hyundai/Kia,K0,99140,combined,full,200,0.54,False,0,hk_scope_rejected,,0,,,,0,,0,0,0,false,0,,1,This OEM format looks HK-shaped but the prefix is not in the Hyundai/Kia catalog.
92102-R5220,real_hk_seeded,exists,Electrical,Headlight - Front Right,"headlight,front,right",Hyundai/Kia,R5,92102,combined,full,200,4.67,False,1,combined,"cache,prefix_inference",0.9975,Headlight,Hyundai / KIA,Electrical / Headlight Assembly,0,,0,0,0,false,0,,0,
92401-DW100,real_hk_seeded,exists,Electrical,Tail Light - Rear Left,"tail,light,rear,left",Hyundai/Kia,DW,92401,combined,full,200,4.99,False,1,combined,"cache,prefix_inference",0.9975,Combination Rearlight,Hyundai / KIA, / Combination Rearlight,0,,0,0,0,false,0,,0,
92101-D9330,real_hk_seeded,exists,Electrical,Headlight - Front Left,"headlight,front,left",Kia,D9,92101,combined,full,200,4.3,False,1,combined,"prefix_inference,cache",0.9975,Headlight for Kia Sportage (2015-2021),Kia,Electrical / Headlight Assembly,0,,0,0,0,false,0,,0,
88571-S9500,real_hk_coarse,exists,Interior,Instrument Panel / Dashboard,"instrument,panel,dashboard",Hyundai/Kia,S9,88571,combined,full,200,5.26,False,0,combined,,0,,,,0,,0,0,0,false,0,,0,
99140-L3100,real_hk_unseeded,exists,Unknown,Unknown,,Hyundai/Kia,L3,99140,combined,full,200,0.72,False,0,hk_scope_rejected,,0,,,,0,,0,0,0,false,0,,1,This OEM format looks HK-shaped but the prefix is not in the Hyundai/Kia catalog.
25310-L1170,real_hk_seeded,exists,Cooling,Radiator,radiator,Hyundai,L1,25310,combined,full,200,7.78,False,2,combined,"exact_oem,legacy",0.7875,RADIATOR ASSY,Hyundai / KIA,Engine / Fuel Injector,0,,0,0,0,false,0,,0,
87610-J5ZB0,real_hk_seeded,exists,Body,Exterior Mirror,"exterior,mirror",Hyundai/Kia,J5,87610,combined,full,200,4.04,False,1,combined,"cache,prefix_inference",0.9975,Outside Mirror,Hyundai / KIA, / Outside Mirror,0,,0,0,0,false,0,,0,
92101-S9030,real_hk_seeded,exists,Electrical,Headlight - Front Left,"headlight,front,left",Hyundai/Kia,S9,92101,combined,full,200,7.58,False,1,combined,"cache,prefix_inference",0.9975,Headlight (Rear Right),Hyundai / KIA,Electrical / Headlight Assembly,0,,0,0,0,false,0,,0,
51712-AO000,real_hk_seeded,exists,Brakes,Brake Disc - Front,"brake,disc,front",Hyundai/Kia,AO,51712,combined,full,200,4.07,False,1,combined,"cache,prefix_inference",0.9975,Brake Disc,Hyundai / KIA,Brakes / Brake Disc,0,,0,0,0,false,0,,0,
97133-L1000,real_hk_seeded,exists,HVAC,Cabin Air Filter,"cabin,air,filter",Hyundai,L1,97133,combined,full,200,10.83,False,3,combined,"cross_brand,cross_reference,exact_oem,legacy",1,"Filter, interior air",AMC Filter,,1,AMC Filter:HC-8248,0,0,0,false,1,:,0,
39121-2MKV1,real_hk_coarse,exists,Electrical,Sensors & Control,"sensors,control",Hyundai/Kia,2M,39121,combined,full,200,5.23,False,1,combined,"prefix_inference,cache",0.9975,"Fuel Cut-off, injection system",Hyundai / KIA," / Fuel Cut-off, injection system",0,,0,0,0,false,0,,0,
80620-AT950,real_hk_unseeded,exists,Unknown,Unknown,,Hyundai/Kia,AT,80620,combined,full,200,1.13,False,0,hk_scope_rejected,,0,,,,0,,0,0,0,false,0,,1,This OEM format looks HK-shaped but the prefix is not in the Hyundai/Kia catalog.
51712-2L000,real_hk_seeded,exists,Brakes,Brake Disc - Front,"brake,disc,front",Hyundai/Kia,2L,51712,combined,full,200,10.56,False,15,combined,"cache,prefix_inference",0.9975,Brake Disc,Hyundai / KIA,Brakes / Brake Disc,0,,0,0,0,false,0,,0,
51712-R0050,real_hk_seeded,exists,Brakes,Brake Disc - Front,"brake,disc,front",Hyundai/Kia,R0,51712,combined,full,200,4.17,False,2,combined,"cache,prefix_inference",0.9975,Brake Disc,Hyundai / KIA,Brakes / Brake Disc,0,,0,0,0,false,0,,0,
92101-M7700,real_hk_seeded,exists,Electrical,Headlight - Front Left,"headlight,front,left",Hyundai/Kia,M7,92101,combined,full,200,4.5,False,1,combined,"prefix_inference,cache",0.9975,Headlight (Driver),Hyundai / KIA,Electrical / Headlight Assembly,0,,0,0,0,false,0,,0,
97282-R0000,real_hk_coarse,exists,HVAC,Condenser,condenser,Hyundai/Kia,R0,97282,combined,full,200,2.33,False,1,combined,"cache,exact_oem,legacy",0.937125,"DUCT - SHOWER,RH",Hyundai / KIA,HVAC / Condenser,0,,0,0,0,false,0,,0,
79325-1Y000,real_hk_unseeded,exists,Unknown,Unknown,,Hyundai/Kia,1Y,79325,combined,full,200,0.88,False,0,hk_scope_rejected,,0,,,,0,,0,0,0,false,0,,1,This OEM format looks HK-shaped but the prefix is not in the Hyundai/Kia catalog.
58302-R0A00,real_hk_seeded,exists,Brakes,Brake Pad Set - Rear,"brake,pad,set,rear",Hyundai/Kia,R0,58302,combined,full,200,4.61,False,2,combined,"cache,prefix_inference",0.9975,"Brake Pad Set, disc brake",Hyundai / KIA,Brakes / Brake Pad Set,0,,0,0,0,false,0,,0,
92401-S9500,real_hk_seeded,exists,Electrical,Tail Light - Rear Left,"tail,light,rear,left",Hyundai/Kia,S9,92401,combined,full,200,5.15,False,1,combined,"prefix_inference,cache",0.9975,Combination Rearlight (Rear),Hyundai / KIA, / Combination Rearlight,0,,0,0,0,false,0,,0,
81260-J5000,real_hk_coarse,exists,Body,Weatherstrip & Seal,"weatherstrip,seal",Hyundai/Kia,J5,81260,combined,full,200,2.19,False,2,combined,"cache,prefix_inference",0.9975,Door Handle,Hyundai / KIA, / Door Handle,0,,0,0,0,false,0,,0,
17313-13000,real_hk_unseeded,exists,Unknown,Unknown,,Hyundai/Kia,13,17313,combined,full,200,0.95,False,0,hk_scope_rejected,,0,,,,0,,0,0,0,false,0,,1,This OEM format looks HK-shaped but the prefix is not in the Hyundai/Kia catalog.
92102-D9330,real_hk_seeded,exists,Electrical,Headlight - Front Right,"headlight,front,right",Kia,D9,92102,combined,full,200,4.46,False,1,combined,"cache,prefix_inference",0.9975,Headlight for Kia Sportage (2015-2021),Kia,Electrical / Headlight Assembly,0,,0,0,0,false,0,,0,
51712-P2000,real_hk_seeded,exists,Brakes,Brake Disc - Front,"brake,disc,front",Hyundai/Kia,P2,51712,combined,full,200,3.19,False,2,combined,"cache,prefix_inference",0.9975,Brake Disc,Hyundai / KIA,Brakes / Brake Disc,0,,0,0,0,false,0,,0,
25310-R5500,real_hk_seeded,exists,Cooling,Radiator,radiator,Hyundai/Kia,R5,25310,combined,full,200,2.9,False,2,combined,"cache,prefix_inference",0.9975,"Radiator, engine cooling (Rear)",Hyundai / KIA,Cooling / Radiator,0,,0,0,0,false,0,,0,
97121-DW000,real_hk_coarse,exists,HVAC,Compressor A/C,compressor,Hyundai/Kia,DW,97121,combined,full,200,4.11,False,1,combined,"prefix_inference,cache",0.9975,Alternator,Hyundai / KIA, / Alternator,0,,0,0,0,false,0,,0,
80702-CV000,real_hk_unseeded,exists,Unknown,Unknown,,Hyundai,CV,80702,combined,full,200,0.54,False,0,hk_scope_rejected,,0,,,,0,,0,0,0,false,0,,1,This OEM format looks HK-shaped but the prefix is not in the Hyundai/Kia catalog.
87610-P4110,real_hk_seeded,exists,Body,Exterior Mirror,"exterior,mirror",Hyundai/Kia,P4,87610,combined,full,200,3.54,False,1,combined,"cache,prefix_inference",0.9975,Outside Mirror,Hyundai / KIA, / Outside Mirror,0,,0,0,0,false,0,,0,
54650-J5KY0,real_hk_seeded,exists,Suspension,Shock Absorber - Front,"shock,absorber,front",Hyundai/Kia,J5,54650,combined,full,200,5.45,False,1,combined,"cache,prefix_inference",0.9975,Shock Absorber,Hyundai / KIA,Suspension / Shock Absorber / Strut,0,,0,0,0,false,0,,0,
91210-Q4260,real_hk_coarse,exists,Electrical,Wiring Harness,"wiring,harness",Hyundai/Kia,Q4,91210,combined,full,200,3.2,False,0,combined,,0,,,,0,,0,0,0,false,0,,0,
77990-L2000,real_hk_unseeded,exists,Unknown,Unknown,,Kia,L2,77990,combined,full,200,1.11,False,0,hk_scope_rejected,,0,,,,0,,0,0,0,false,0,,1,This OEM format looks HK-shaped but the prefix is not in the Hyundai/Kia catalog.
39210-2M342,real_hk_seeded,exists,Electrical,Oxygen Sensor,"oxygen,sensor",Hyundai/Kia,2M,39210,combined,full,200,3.27,False,2,combined,"exact_oem,legacy",0.7875,SENSOR ASSY - OXYGEN,Hyundai / KIA,Electrical / Oxygen Sensor,0,,0,0,0,false,0,,0,
58101-CVA20,real_hk_seeded,exists,Brakes,Brake Pad Set - Front,"brake,pad,set,front",Hyundai,CV,58101,combined,full,200,3.23,False,2,combined,"exact_oem,legacy",0.7875,PAD KIT - FRONT DISC BRAKE,Hyundai / KIA,Brakes / Front Brake Pad / Disc,0,,0,0,0,false,0,,0,
21762-B1100,real_hk_coarse,exists,Engine,Engine Block & Internals,"engine,block,internals",Genesis,B1,21762,combined,full,200,3.11,False,1,combined,"cache,exact_oem,legacy",0.937125,INSULATOR,Hyundai / KIA,Engine / Engine Block & Internals,0,,0,0,0,false,0,,0,
99211-H8020,real_hk_unseeded,exists,Unknown,Unknown,,Kia,H8,99211,combined,full,200,1.32,False,0,hk_scope_rejected,,0,,,,0,,0,0,0,false,0,,1,This OEM format looks HK-shaped but the prefix is not in the Hyundai/Kia catalog.
58101-F6A22,real_hk_seeded,exists,Brakes,Brake Pad Set - Front,"brake,pad,set,front",Hyundai/Kia,F6,58101,combined,full,200,4.23,False,2,combined,"cache,prefix_inference",0.9975,"Brake Pad Set, disc brake",Hyundai / KIA,Brakes / Brake Pad Set,0,,0,0,0,false,0,,0,
25310-C5180,real_hk_seeded,exists,Cooling,Radiator,radiator,Hyundai,C5,25310,combined,full,200,3.2,False,2,combined,"cache,prefix_inference",0.9975,"Radiator, engine cooling for Hyundai Santa Fe (2018+)",Hyundai,Cooling / Radiator,0,,0,0,0,false,0,,0,
32410-1XAD9,real_hk_coarse,exists,Drivetrain,Front Drive Shaft,"front,drive,shaft",Hyundai/Kia,1X,32410,combined,full,200,3.18,False,1,combined,"prefix_inference,cache",0.9975,"Hydraulic Pump, steering system",Hyundai / KIA," / Hydraulic Pump, steering system",0,,0,0,0,false,0,,0,
99810-CV000,real_hk_unseeded,exists,Unknown,Unknown,,Hyundai,CV,99810,combined,full,200,1.43,False,0,hk_scope_rejected,,0,,,,0,,0,0,0,false,0,,1,This OEM format looks HK-shaped but the prefix is not in the Hyundai/Kia catalog.
